Command line invocation:
    /Applications/Xcode_26.3.app/Contents/Developer/usr/bin/xcodebuild build-for-testing -project ChessScanner.xcodeproj -scheme ChessScanner -destination id=1CE1A334-F45C-4216-823B-EE5E6389838F CODE_SIGNING_ALLOWED=NO

Build settings from command line:
    CODE_SIGNING_ALLOWED = NO

Resolve Package Graph

Fetching from https://github.com/chesskit-app/chesskit-engine.git

Fetching from https://github.com/microsoft/onnxruntime-swift-package-manager

Creating working copy of package ‘chesskit-engine’

Checking out 0.7.0 of package ‘chesskit-engine’

Creating working copy of package ‘onnxruntime-swift-package-manager’

Checking out 1.24.2 of package ‘onnxruntime-swift-package-manager’


Resolved source packages:
  onnxruntime: https://github.com/microsoft/onnxruntime-swift-package-manager @ 1.24.2
  ChessKitEngine: https://github.com/chesskit-app/chesskit-engine.git @ 0.7.0

ComputePackagePrebuildTargetDependencyGraph

Prepare packages

CreateBuildRequest

SendProjectDescription

CreateBuildOperation

ComputeTargetDependencyGraph
note: Building targets in dependency order
note: Target dependency graph (7 targets)
    Target 'ChessScannerUITests' in project 'ChessScanner'
        ➜ Explicit dependency on target 'ChessScanner' in project 'ChessScanner'
    Target 'ChessScanner' in project 'ChessScanner'
        ➜ Explicit dependency on target 'ChessKitEngine' in project 'ChessKitEngine'
        ➜ Explicit dependency on target 'onnxruntime' in project 'onnxruntime'
    Target 'onnxruntime' in project 'onnxruntime'
        ➜ Explicit dependency on target 'OnnxRuntimeBindings' in project 'onnxruntime'
    Target 'OnnxRuntimeBindings' in project 'onnxruntime' (no dependencies)
    Target 'ChessKitEngine' in project 'ChessKitEngine'
        ➜ Explicit dependency on target 'ChessKitEngine' in project 'ChessKitEngine'
        ➜ Explicit dependency on target 'ChessKitEngineCore' in project 'ChessKitEngine'
    Target 'ChessKitEngine' in project 'ChessKitEngine'
        ➜ Explicit dependency on target 'ChessKitEngineCore' in project 'ChessKitEngine'
    Target 'ChessKitEngineCore' in project 'ChessKitEngine' (no dependencies)

GatherProvisioningInputs

CreateBuildDescription

ExecuteExternalTool /Applications/Xcode_26.3.app/Contents/Developer/Toolchains/XcodeDefault.xctoolchain/usr/bin/swiftc --version

ExecuteExternalTool /Applications/Xcode_26.3.app/Contents/Developer/Toolchains/XcodeDefault.xctoolchain/usr/bin/clang -v -E -dM -isysroot /Applications/Xcode_26.3.app/Contents/Developer/Platforms/iPhoneSimulator.platform/Developer/SDKs/iPhoneSimulator26.2.sdk -x c -c /dev/null

ExecuteExternalTool /Applications/Xcode_26.3.app/Contents/Developer/Toolchains/XcodeDefault.xctoolchain/usr/bin/clang -v -E -dM -arch arm64 -isysroot /Applications/Xcode_26.3.app/Contents/Developer/Platforms/iPhoneSimulator.platform/Developer/SDKs/iPhoneSimulator26.2.sdk -x objective-c++ -c /dev/null

ExecuteExternalTool /Applications/Xcode_26.3.app/Contents/Developer/usr/bin/actool --print-asset-tag-combinations --output-format xml1 /Users/runner/work/chess-scanner-app/chess-scanner-app/ChessScanner/Resources/Assets.xcassets

ExecuteExternalTool /Applications/Xcode_26.3.app/Contents/Developer/Toolchains/XcodeDefault.xctoolchain/usr/bin/clang -v -E -dM -arch arm64 -isysroot /Applications/Xcode_26.3.app/Contents/Developer/Platforms/iPhoneSimulator.platform/Developer/SDKs/iPhoneSimulator26.2.sdk -x c -c /dev/null

ExecuteExternalTool /Applications/Xcode_26.3.app/Contents/Developer/Toolchains/XcodeDefault.xctoolchain/usr/bin/clang -v -E -dM -arch arm64 -isysroot /Applications/Xcode_26.3.app/Contents/Developer/Platforms/iPhoneSimulator.platform/Developer/SDKs/iPhoneSimulator26.2.sdk -x c++ -c /dev/null

ExecuteExternalTool /Applications/Xcode_26.3.app/Contents/Developer/Toolchains/XcodeDefault.xctoolchain/usr/bin/ld -version_details

ExecuteExternalTool /Applications/Xcode_26.3.app/Contents/Developer/Toolchains/XcodeDefault.xctoolchain/usr/bin/clang -v -E -dM -arch arm64 -isysroot /Applications/Xcode_26.3.app/Contents/Developer/Platforms/iPhoneSimulator.platform/Developer/SDKs/iPhoneSimulator26.2.sdk -x objective-c -c /dev/null

ExecuteExternalTool /Applications/Xcode_26.3.app/Contents/Developer/usr/bin/actool --version --output-format xml1

Build description signature: cb35892b84b67566c99f1c90930e4a17
Build description path: /Users/runner/Library/Developer/Xcode/DerivedData/ChessScanner-euukheddappmemcngwqshzhuduna/Build/Intermediates.noindex/XCBuildData/cb35892b84b67566c99f1c90930e4a17.xcbuilddata
ClangStatCache /Applications/Xcode_26.3.app/Contents/Developer/Toolchains/XcodeDefault.xctoolchain/usr/bin/clang-stat-cache /Applications/Xcode_26.3.app/Contents/Developer/Platforms/iPhoneSimulator.platform/Developer/SDKs/iPhoneSimulator26.2.sdk /Users/runner/Library/Developer/Xcode/DerivedData/SDKStatCaches.noindex/iphonesimulator26.2-23C57-dc75598d0054f22ec865fa860f139d72e244bd9a5feaf902f95f61bf06266e52.sdkstatcache
    cd /Users/runner/work/chess-scanner-app/chess-scanner-app/ChessScanner.xcodeproj
    /Applications/Xcode_26.3.app/Contents/Developer/Toolchains/XcodeDefault.xctoolchain/usr/bin/clang-stat-cache /Applications/Xcode_26.3.app/Contents/Developer/Platforms/iPhoneSimulator.platform/Developer/SDKs/iPhoneSimulator26.2.sdk -o /Users/runner/Library/Developer/Xcode/DerivedData/SDKStatCaches.noindex/iphonesimulator26.2-23C57-dc75598d0054f22ec865fa860f139d72e244bd9a5feaf902f95f61bf06266e52.sdkstatcache

CreateBuildDirectory /Users/runner/Library/Developer/Xcode/DerivedData/ChessScanner-euukheddappmemcngwqshzhuduna/Build/Products
    cd /Users/runner/work/chess-scanner-app/chess-scanner-app/ChessScanner.xcodeproj
    builtin-create-build-directory /Users/runner/Library/Developer/Xcode/DerivedData/ChessScanner-euukheddappmemcngwqshzhuduna/Build/Products

CreateBuildDirectory /Users/runner/Library/Developer/Xcode/DerivedData/ChessScanner-euukheddappmemcngwqshzhuduna/Build/Intermediates.noindex
    cd /Users/runner/work/chess-scanner-app/chess-scanner-app/ChessScanner.xcodeproj
    builtin-create-build-directory /Users/runner/Library/Developer/Xcode/DerivedData/ChessScanner-euukheddappmemcngwqshzhuduna/Build/Intermediates.noindex

CreateBuildDirectory /Users/runner/Library/Developer/Xcode/DerivedData/ChessScanner-euukheddappmemcngwqshzhuduna/Build/Products/Debug-iphonesimulator
    cd /Users/runner/work/chess-scanner-app/chess-scanner-app/ChessScanner.xcodeproj
    builtin-create-build-directory /Users/runner/Library/Developer/Xcode/DerivedData/ChessScanner-euukheddappmemcngwqshzhuduna/Build/Products/Debug-iphonesimulator

WriteAuxiliaryFile /Users/runner/Library/Developer/Xcode/DerivedData/ChessScanner-euukheddappmemcngwqshzhuduna/Build/Intermediates.noindex/ChessScanner.build/Debug-iphonesimulator/ChessScanner-3f4567d96badc65b92a10b462b166f8f-VFS-iphonesimulator/all-product-headers.yaml
    cd /Users/runner/work/chess-scanner-app/chess-scanner-app/ChessScanner.xcodeproj
    write-file /Users/runner/Library/Developer/Xcode/DerivedData/ChessScanner-euukheddappmemcngwqshzhuduna/Build/Intermediates.noindex/ChessScanner.build/Debug-iphonesimulator/ChessScanner-3f4567d96badc65b92a10b462b166f8f-VFS-iphonesimulator/all-product-headers.yaml

CreateBuildDirectory /Users/runner/Library/Developer/Xcode/DerivedData/ChessScanner-euukheddappmemcngwqshzhuduna/Build/Intermediates.noindex/SwiftExplicitPrecompiledModules
    cd /Users/runner/work/chess-scanner-app/chess-scanner-app/ChessScanner.xcodeproj
    builtin-create-build-directory /Users/runner/Library/Developer/Xcode/DerivedData/ChessScanner-euukheddappmemcngwqshzhuduna/Build/Intermediates.noindex/SwiftExplicitPrecompiledModules

CreateBuildDirectory /Users/runner/Library/Developer/Xcode/DerivedData/ChessScanner-euukheddappmemcngwqshzhuduna/Build/Intermediates.noindex/ExplicitPrecompiledModules
    cd /Users/runner/work/chess-scanner-app/chess-scanner-app/ChessScanner.xcodeproj
    builtin-create-build-directory /Users/runner/Library/Developer/Xcode/DerivedData/ChessScanner-euukheddappmemcngwqshzhuduna/Build/Intermediates.noindex/ExplicitPrecompiledModules

CreateBuildDirectory /Users/runner/Library/Developer/Xcode/DerivedData/ChessScanner-euukheddappmemcngwqshzhuduna/Build/Intermediates.noindex/EagerLinkingTBDs/Debug-iphonesimulator
    cd /Users/runner/work/chess-scanner-app/chess-scanner-app/ChessScanner.xcodeproj
    builtin-create-build-directory /Users/runner/Library/Developer/Xcode/DerivedData/ChessScanner-euukheddappmemcngwqshzhuduna/Build/Intermediates.noindex/EagerLinkingTBDs/Debug-iphonesimulator

CreateBuildDirectory /Users/runner/Library/Developer/Xcode/DerivedData/ChessScanner-euukheddappmemcngwqshzhuduna/Build/Products/Debug-iphonesimulator/PackageFrameworks
    cd /Users/runner/work/chess-scanner-app/chess-scanner-app/ChessScanner.xcodeproj
    builtin-create-build-directory /Users/runner/Library/Developer/Xcode/DerivedData/ChessScanner-euukheddappmemcngwqshzhuduna/Build/Products/Debug-iphonesimulator/PackageFrameworks

WriteAuxiliaryFile /Users/runner/Library/Developer/Xcode/DerivedData/ChessScanner-euukheddappmemcngwqshzhuduna/Build/Intermediates.noindex/ChessScanner.build/Debug-iphonesimulator/ChessScannerUITests.build/empty-ChessScannerUITests.plist (in target 'ChessScannerUITests' from project 'ChessScanner')
    cd /Users/runner/work/chess-scanner-app/chess-scanner-app
    write-file /Users/runner/Library/Developer/Xcode/DerivedData/ChessScanner-euukheddappmemcngwqshzhuduna/Build/Intermediates.noindex/ChessScanner.build/Debug-iphonesimulator/ChessScannerUITests.build/empty-ChessScannerUITests.plist

WriteAuxiliaryFile /Users/runner/Library/Developer/Xcode/DerivedData/ChessScanner-euukheddappmemcngwqshzhuduna/Build/Intermediates.noindex/ChessScanner.build/Debug-iphonesimulator/ChessScannerUITests.build/ProductTypeInfoPlistAdditions.plist (in target 'ChessScannerUITests' from project 'ChessScanner')
    cd /Users/runner/work/chess-scanner-app/chess-scanner-app
    write-file /Users/runner/Library/Developer/Xcode/DerivedData/ChessScanner-euukheddappmemcngwqshzhuduna/Build/Intermediates.noindex/ChessScanner.build/Debug-iphonesimulator/ChessScannerUITests.build/ProductTypeInfoPlistAdditions.plist

WriteAuxiliaryFile /Users/runner/Library/Developer/Xcode/DerivedData/ChessScanner-euukheddappmemcngwqshzhuduna/Build/Intermediates.noindex/ChessScanner.build/Debug-iphonesimulator/ChessScannerUITests.build/Objects-normal/arm64/ChessScannerUITests_const_extract_protocols.json (in target 'ChessScannerUITests' from project 'ChessScanner')
    cd /Users/runner/work/chess-scanner-app/chess-scanner-app
    write-file /Users/runner/Library/Developer/Xcode/DerivedData/ChessScanner-euukheddappmemcngwqshzhuduna/Build/Intermediates.noindex/ChessScanner.build/Debug-iphonesimulator/ChessScannerUITests.build/Objects-normal/arm64/ChessScannerUITests_const_extract_protocols.json

WriteAuxiliaryFile /Users/runner/Library/Developer/Xcode/DerivedData/ChessScanner-euukheddappmemcngwqshzhuduna/Build/Intermediates.noindex/ChessScanner.build/Debug-iphonesimulator/ChessScannerUITests.build/Objects-normal/arm64/ChessScannerUITests.SwiftFileList (in target 'ChessScannerUITests' from project 'ChessScanner')
    cd /Users/runner/work/chess-scanner-app/chess-scanner-app
    write-file /Users/runner/Library/Developer/Xcode/DerivedData/ChessScanner-euukheddappmemcngwqshzhuduna/Build/Intermediates.noindex/ChessScanner.build/Debug-iphonesimulator/ChessScannerUITests.build/Objects-normal/arm64/ChessScannerUITests.SwiftFileList

WriteAuxiliaryFile /Users/runner/Library/Developer/Xcode/DerivedData/ChessScanner-euukheddappmemcngwqshzhuduna/Build/Intermediates.noindex/ChessScanner.build/Debug-iphonesimulator/ChessScannerUITests.build/Objects-normal/arm64/ChessScannerUITests.SwiftConstValuesFileList (in target 'ChessScannerUITests' from project 'ChessScanner')
    cd /Users/runner/work/chess-scanner-app/chess-scanner-app
    write-file /Users/runner/Library/Developer/Xcode/DerivedData/ChessScanner-euukheddappmemcngwqshzhuduna/Build/Intermediates.noindex/ChessScanner.build/Debug-iphonesimulator/ChessScannerUITests.build/Objects-normal/arm64/ChessScannerUITests.SwiftConstValuesFileList

WriteAuxiliaryFile /Users/runner/Library/Developer/Xcode/DerivedData/ChessScanner-euukheddappmemcngwqshzhuduna/Build/Intermediates.noindex/ChessScanner.build/Debug-iphonesimulator/ChessScannerUITests.build/Objects-normal/arm64/ChessScannerUITests.LinkFileList (in target 'ChessScannerUITests' from project 'ChessScanner')
    cd /Users/runner/work/chess-scanner-app/chess-scanner-app
    write-file /Users/runner/Library/Developer/Xcode/DerivedData/ChessScanner-euukheddappmemcngwqshzhuduna/Build/Intermediates.noindex/ChessScanner.build/Debug-iphonesimulator/ChessScannerUITests.build/Objects-normal/arm64/ChessScannerUITests.LinkFileList

WriteAuxiliaryFile /Users/runner/Library/Developer/Xcode/DerivedData/ChessScanner-euukheddappmemcngwqshzhuduna/Build/Intermediates.noindex/ChessScanner.build/Debug-iphonesimulator/ChessScannerUITests.build/Objects-normal/arm64/ChessScannerUITests-OutputFileMap.json (in target 'ChessScannerUITests' from project 'ChessScanner')
    cd /Users/runner/work/chess-scanner-app/chess-scanner-app
    write-file /Users/runner/Library/Developer/Xcode/DerivedData/ChessScanner-euukheddappmemcngwqshzhuduna/Build/Intermediates.noindex/ChessScanner.build/Debug-iphonesimulator/ChessScannerUITests.build/Objects-normal/arm64/ChessScannerUITests-OutputFileMap.json

WriteAuxiliaryFile /Users/runner/Library/Developer/Xcode/DerivedData/ChessScanner-euukheddappmemcngwqshzhuduna/Build/Intermediates.noindex/ChessScanner.build/Debug-iphonesimulator/ChessScannerUITests.build/ChessScannerUITests.hmap (in target 'ChessScannerUITests' from project 'ChessScanner')
    cd /Users/runner/work/chess-scanner-app/chess-scanner-app
    write-file /Users/runner/Library/Developer/Xcode/DerivedData/ChessScanner-euukheddappmemcngwqshzhuduna/Build/Intermediates.noindex/ChessScanner.build/Debug-iphonesimulator/ChessScannerUITests.build/ChessScannerUITests.hmap

WriteAuxiliaryFile /Users/runner/Library/Developer/Xcode/DerivedData/ChessScanner-euukheddappmemcngwqshzhuduna/Build/Intermediates.noindex/ChessScanner.build/Debug-iphonesimulator/ChessScannerUITests.build/ChessScannerUITests.DependencyStaticMetadataFileList (in target 'ChessScannerUITests' from project 'ChessScanner')
    cd /Users/runner/work/chess-scanner-app/chess-scanner-app
    write-file /Users/runner/Library/Developer/Xcode/DerivedData/ChessScanner-euukheddappmemcngwqshzhuduna/Build/Intermediates.noindex/ChessScanner.build/Debug-iphonesimulator/ChessScannerUITests.build/ChessScannerUITests.DependencyStaticMetadataFileList

WriteAuxiliaryFile /Users/runner/Library/Developer/Xcode/DerivedData/ChessScanner-euukheddappmemcngwqshzhuduna/Build/Intermediates.noindex/ChessScanner.build/Debug-iphonesimulator/ChessScannerUITests.build/ChessScannerUITests.DependencyMetadataFileList (in target 'ChessScannerUITests' from project 'ChessScanner')
    cd /Users/runner/work/chess-scanner-app/chess-scanner-app
    write-file /Users/runner/Library/Developer/Xcode/DerivedData/ChessScanner-euukheddappmemcngwqshzhuduna/Build/Intermediates.noindex/ChessScanner.build/Debug-iphonesimulator/ChessScannerUITests.build/ChessScannerUITests.DependencyMetadataFileList

WriteAuxiliaryFile /Users/runner/Library/Developer/Xcode/DerivedData/ChessScanner-euukheddappmemcngwqshzhuduna/Build/Intermediates.noindex/ChessScanner.build/Debug-iphonesimulator/ChessScannerUITests.build/ChessScannerUITests-project-headers.hmap (in target 'ChessScannerUITests' from project 'ChessScanner')
    cd /Users/runner/work/chess-scanner-app/chess-scanner-app
    write-file /Users/runner/Library/Developer/Xcode/DerivedData/ChessScanner-euukheddappmemcngwqshzhuduna/Build/Intermediates.noindex/ChessScanner.build/Debug-iphonesimulator/ChessScannerUITests.build/ChessScannerUITests-project-headers.hmap

WriteAuxiliaryFile /Users/runner/Library/Developer/Xcode/DerivedData/ChessScanner-euukheddappmemcngwqshzhuduna/Build/Intermediates.noindex/ChessScanner.build/Debug-iphonesimulator/ChessScannerUITests.build/ChessScannerUITests-own-target-headers.hmap (in target 'ChessScannerUITests' from project 'ChessScanner')
    cd /Users/runner/work/chess-scanner-app/chess-scanner-app
    write-file /Users/runner/Library/Developer/Xcode/DerivedData/ChessScanner-euukheddappmemcngwqshzhuduna/Build/Intermediates.noindex/ChessScanner.build/Debug-iphonesimulator/ChessScannerUITests.build/ChessScannerUITests-own-target-headers.hmap

WriteAuxiliaryFile /Users/runner/Library/Developer/Xcode/DerivedData/ChessScanner-euukheddappmemcngwqshzhuduna/Build/Intermediates.noindex/ChessScanner.build/Debug-iphonesimulator/ChessScannerUITests.build/ChessScannerUITests-generated-files.hmap (in target 'ChessScannerUITests' from project 'ChessScanner')
    cd /Users/runner/work/chess-scanner-app/chess-scanner-app
    write-file /Users/runner/Library/Developer/Xcode/DerivedData/ChessScanner-euukheddappmemcngwqshzhuduna/Build/Intermediates.noindex/ChessScanner.build/Debug-iphonesimulator/ChessScannerUITests.build/ChessScannerUITests-generated-files.hmap

WriteAuxiliaryFile /Users/runner/Library/Developer/Xcode/DerivedData/ChessScanner-euukheddappmemcngwqshzhuduna/Build/Intermediates.noindex/ChessScanner.build/Debug-iphonesimulator/ChessScannerUITests.build/ChessScannerUITests-all-target-headers.hmap (in target 'ChessScannerUITests' from project 'ChessScanner')
    cd /Users/runner/work/chess-scanner-app/chess-scanner-app
    write-file /Users/runner/Library/Developer/Xcode/DerivedData/ChessScanner-euukheddappmemcngwqshzhuduna/Build/Intermediates.noindex/ChessScanner.build/Debug-iphonesimulator/ChessScannerUITests.build/ChessScannerUITests-all-target-headers.hmap

WriteAuxiliaryFile /Users/runner/Library/Developer/Xcode/DerivedData/ChessScanner-euukheddappmemcngwqshzhuduna/Build/Intermediates.noindex/ChessScanner.build/Debug-iphonesimulator/ChessScannerUITests.build/ChessScannerUITests-all-non-framework-target-headers.hmap (in target 'ChessScannerUITests' from project 'ChessScanner')
    cd /Users/runner/work/chess-scanner-app/chess-scanner-app
    write-file /Users/runner/Library/Developer/Xcode/DerivedData/ChessScanner-euukheddappmemcngwqshzhuduna/Build/Intermediates.noindex/ChessScanner.build/Debug-iphonesimulator/ChessScannerUITests.build/ChessScannerUITests-all-non-framework-target-headers.hmap

WriteAuxiliaryFile /Users/runner/Library/Developer/Xcode/DerivedData/ChessScanner-euukheddappmemcngwqshzhuduna/Build/Intermediates.noindex/ChessKitEngine.build/Debug-iphonesimulator/ChessKitEngineCore.build/Objects-normal/arm64/e6072d4f65d7061329687fe24e3d63a7-common-args.resp (in target 'ChessKitEngineCore' from project 'ChessKitEngine')
    cd /Users/runner/Library/Developer/Xcode/DerivedData/ChessScanner-euukheddappmemcngwqshzhuduna/SourcePackages/checkouts/chesskit-engine
    write-file /Users/runner/Library/Developer/Xcode/DerivedData/ChessScanner-euukheddappmemcngwqshzhuduna/Build/Intermediates.noindex/ChessKitEngine.build/Debug-iphonesimulator/ChessKitEngineCore.build/Objects-normal/arm64/e6072d4f65d7061329687fe24e3d63a7-common-args.resp
-target arm64-apple-ios16.0-simulator -fobjc-arc -fmodules -gmodules '-fmodules-cache-path=/Users/runner/Library/Developer/Xcode/DerivedData/ModuleCache.noindex' '-fmodule-name=ChessKitEngineCore' -fpascal-strings -O0 -DSWIFT_PACKAGE '-DDEBUG=1' -DNNUE_EMBEDDING_OFF -DNO_PEXT '-DOBJC_OLD_DISPATCH_PROTOTYPES=1' -isysroot /Applications/Xcode_26.3.app/Contents/Developer/Platforms/iPhoneSimulator.platform/Developer/SDKs/iPhoneSimulator26.2.sdk -g '-fobjc-abi-version=2' -fobjc-legacy-dispatch -I/Users/runner/Library/Developer/Xcode/DerivedData/ChessScanner-euukheddappmemcngwqshzhuduna/Build/Products/Debug-iphonesimulator/include -I/Users/runner/Library/Developer/Xcode/DerivedData/ChessScanner-euukheddappmemcngwqshzhuduna/SourcePackages/checkouts/chesskit-engine/Sources/ChessKitEngineCore/include -I/Users/runner/Library/Developer/Xcode/DerivedData/ChessScanner-euukheddappmemcngwqshzhuduna/SourcePackages/checkouts/chesskit-engine/Sources/ChessKitEngineCore/Engines/lc0 -I/Users/runner/Library/Developer/Xcode/DerivedData/ChessScanner-euukheddappmemcngwqshzhuduna/SourcePackages/checkouts/chesskit-engine/Sources/ChessKitEngineCore/Engines/lc0/src -I/Users/runner/Library/Developer/Xcode/DerivedData/ChessScanner-euukheddappmemcngwqshzhuduna/SourcePackages/checkouts/chesskit-engine/Sources/ChessKitEngineCore/Engines/lc0/subprojects/eigen-3.4.0 -I/Users/runner/Library/Developer/Xcode/DerivedData/ChessScanner-euukheddappmemcngwqshzhuduna/Build/Intermediates.noindex/ChessKitEngine.build/Debug-iphonesimulator/ChessKitEngineCore.build/DerivedSources-normal/arm64 -I/Users/runner/Library/Developer/Xcode/DerivedData/ChessScanner-euukheddappmemcngwqshzhuduna/Build/Intermediates.noindex/ChessKitEngine.build/Debug-iphonesimulator/ChessKitEngineCore.build/DerivedSources/arm64 -I/Users/runner/Library/Developer/Xcode/DerivedData/ChessScanner-euukheddappmemcngwqshzhuduna/Build/Intermediates.noindex/ChessKitEngine.build/Debug-iphonesimulator/ChessKitEngineCore.build/DerivedSources -F/Users/runner/Library/Developer/Xcode/DerivedData/ChessScanner-euukheddappmemcngwqshzhuduna/Build/Products/Debug-iphonesimulator -iframework /Applications/Xcode_26.3.app/Contents/Developer/Platforms/iPhoneSimulator.platform/Developer/Library/Frameworks -iframework /Applications/Xcode_26.3.app/Contents/Developer/Platforms/iPhoneSimulator.platform/Developer/SDKs/iPhoneSimulator26.2.sdk/Developer/Library/Frameworks -DXcode

WriteAuxiliaryFile /Users/runner/Library/Developer/Xcode/DerivedData/ChessScanner-euukheddappmemcngwqshzhuduna/Build/Intermediates.noindex/ChessKitEngine.build/Debug-iphonesimulator/ChessKitEngineCore.build/Objects-normal/arm64/af3fcb34312c57c0f52879cdce924b91-common-args.resp (in target 'ChessKitEngineCore' from project 'ChessKitEngine')
    cd /Users/runner/Library/Developer/Xcode/DerivedData/ChessScanner-euukheddappmemcngwqshzhuduna/SourcePackages/checkouts/chesskit-engine
    write-file /Users/runner/Library/Developer/Xcode/DerivedData/ChessScanner-euukheddappmemcngwqshzhuduna/Build/Intermediates.noindex/ChessKitEngine.build/Debug-iphonesimulator/ChessKitEngineCore.build/Objects-normal/arm64/af3fcb34312c57c0f52879cdce924b91-common-args.resp
-target arm64-apple-ios16.0-simulator '-std=gnu++17' -fobjc-arc -fmodules -fno-cxx-modules -gmodules '-fmodules-cache-path=/Users/runner/Library/Developer/Xcode/DerivedData/ModuleCache.noindex' '-fmodule-name=ChessKitEngineCore' '-D_LIBCPP_HARDENING_MODE=_LIBCPP_HARDENING_MODE_DEBUG' -fpascal-strings -O0 -DSWIFT_PACKAGE '-DDEBUG=1' -DNNUE_EMBEDDING_OFF -DNO_PEXT '-DOBJC_OLD_DISPATCH_PROTOTYPES=1' -isysroot /Applications/Xcode_26.3.app/Contents/Developer/Platforms/iPhoneSimulator.platform/Developer/SDKs/iPhoneSimulator26.2.sdk -g -fvisibility-inlines-hidden '-fobjc-abi-version=2' -fobjc-legacy-dispatch -I/Users/runner/Library/Developer/Xcode/DerivedData/ChessScanner-euukheddappmemcngwqshzhuduna/Build/Products/Debug-iphonesimulator/include -I/Users/runner/Library/Developer/Xcode/DerivedData/ChessScanner-euukheddappmemcngwqshzhuduna/SourcePackages/checkouts/chesskit-engine/Sources/ChessKitEngineCore/include -I/Users/runner/Library/Developer/Xcode/DerivedData/ChessScanner-euukheddappmemcngwqshzhuduna/SourcePackages/checkouts/chesskit-engine/Sources/ChessKitEngineCore/Engines/lc0 -I/Users/runner/Library/Developer/Xcode/DerivedData/ChessScanner-euukheddappmemcngwqshzhuduna/SourcePackages/checkouts/chesskit-engine/Sources/ChessKitEngineCore/Engines/lc0/src -I/Users/runner/Library/Developer/Xcode/DerivedData/ChessScanner-euukheddappmemcngwqshzhuduna/SourcePackages/checkouts/chesskit-engine/Sources/ChessKitEngineCore/Engines/lc0/subprojects/eigen-3.4.0 -I/Users/runner/Library/Developer/Xcode/DerivedData/ChessScanner-euukheddappmemcngwqshzhuduna/Build/Intermediates.noindex/ChessKitEngine.build/Debug-iphonesimulator/ChessKitEngineCore.build/DerivedSources-normal/arm64 -I/Users/runner/Library/Developer/Xcode/DerivedData/ChessScanner-euukheddappmemcngwqshzhuduna/Build/Intermediates.noindex/ChessKitEngine.build/Debug-iphonesimulator/ChessKitEngineCore.build/DerivedSources/arm64 -I/Users/runner/Library/Developer/Xcode/DerivedData/ChessScanner-euukheddappmemcngwqshzhuduna/Build/Intermediates.noindex/ChessKitEngine.build/Debug-iphonesimulator/ChessKitEngineCore.build/DerivedSources -F/Users/runner/Library/Developer/Xcode/DerivedData/ChessScanner-euukheddappmemcngwqshzhuduna/Build/Products/Debug-iphonesimulator -iframework /Applications/Xcode_26.3.app/Contents/Developer/Platforms/iPhoneSimulator.platform/Developer/Library/Frameworks -iframework /Applications/Xcode_26.3.app/Contents/Developer/Platforms/iPhoneSimulator.platform/Developer/SDKs/iPhoneSimulator26.2.sdk/Developer/Library/Frameworks -DXcode

WriteAuxiliaryFile /Users/runner/Library/Developer/Xcode/DerivedData/ChessScanner-euukheddappmemcngwqshzhuduna/Build/Intermediates.noindex/ChessKitEngine.build/Debug-iphonesimulator/ChessKitEngineCore.build/Objects-normal/arm64/ChessKitEngineCore.LinkFileList (in target 'ChessKitEngineCore' from project 'ChessKitEngine')
    cd /Users/runner/Library/Developer/Xcode/DerivedData/ChessScanner-euukheddappmemcngwqshzhuduna/SourcePackages/checkouts/chesskit-engine
    write-file /Users/runner/Library/Developer/Xcode/DerivedData/ChessScanner-euukheddappmemcngwqshzhuduna/Build/Intermediates.noindex/ChessKitEngine.build/Debug-iphonesimulator/ChessKitEngineCore.build/Objects-normal/arm64/ChessKitEngineCore.LinkFileList

WriteAuxiliaryFile /Users/runner/Library/Developer/Xcode/DerivedData/ChessScanner-euukheddappmemcngwqshzhuduna/Build/Intermediates.noindex/ChessKitEngine.build/Debug-iphonesimulator/ChessKitEngineCore.build/Objects-normal/arm64/82b82416624d2658e5098eb0a28c15c5-common-args.resp (in target 'ChessKitEngineCore' from project 'ChessKitEngine')
    cd /Users/runner/Library/Developer/Xcode/DerivedData/ChessScanner-euukheddappmemcngwqshzhuduna/SourcePackages/checkouts/chesskit-engine
    write-file /Users/runner/Library/Developer/Xcode/DerivedData/ChessScanner-euukheddappmemcngwqshzhuduna/Build/Intermediates.noindex/ChessKitEngine.build/Debug-iphonesimulator/ChessKitEngineCore.build/Objects-normal/arm64/82b82416624d2658e5098eb0a28c15c5-common-args.resp
-target arm64-apple-ios16.0-simulator '-std=gnu++17' -fmodules -fno-cxx-modules -gmodules '-fmodules-cache-path=/Users/runner/Library/Developer/Xcode/DerivedData/ModuleCache.noindex' '-fmodule-name=ChessKitEngineCore' '-D_LIBCPP_HARDENING_MODE=_LIBCPP_HARDENING_MODE_DEBUG' -fpascal-strings -O0 -DSWIFT_PACKAGE '-DDEBUG=1' -DNNUE_EMBEDDING_OFF -DNO_PEXT -isysroot /Applications/Xcode_26.3.app/Contents/Developer/Platforms/iPhoneSimulator.platform/Developer/SDKs/iPhoneSimulator26.2.sdk -g -fvisibility-inlines-hidden -I/Users/runner/Library/Developer/Xcode/DerivedData/ChessScanner-euukheddappmemcngwqshzhuduna/Build/Products/Debug-iphonesimulator/include -I/Users/runner/Library/Developer/Xcode/DerivedData/ChessScanner-euukheddappmemcngwqshzhuduna/SourcePackages/checkouts/chesskit-engine/Sources/ChessKitEngineCore/include -I/Users/runner/Library/Developer/Xcode/DerivedData/ChessScanner-euukheddappmemcngwqshzhuduna/SourcePackages/checkouts/chesskit-engine/Sources/ChessKitEngineCore/Engines/lc0 -I/Users/runner/Library/Developer/Xcode/DerivedData/ChessScanner-euukheddappmemcngwqshzhuduna/SourcePackages/checkouts/chesskit-engine/Sources/ChessKitEngineCore/Engines/lc0/src -I/Users/runner/Library/Developer/Xcode/DerivedData/ChessScanner-euukheddappmemcngwqshzhuduna/SourcePackages/checkouts/chesskit-engine/Sources/ChessKitEngineCore/Engines/lc0/subprojects/eigen-3.4.0 -I/Users/runner/Library/Developer/Xcode/DerivedData/ChessScanner-euukheddappmemcngwqshzhuduna/Build/Intermediates.noindex/ChessKitEngine.build/Debug-iphonesimulator/ChessKitEngineCore.build/DerivedSources-normal/arm64 -I/Users/runner/Library/Developer/Xcode/DerivedData/ChessScanner-euukheddappmemcngwqshzhuduna/Build/Intermediates.noindex/ChessKitEngine.build/Debug-iphonesimulator/ChessKitEngineCore.build/DerivedSources/arm64 -I/Users/runner/Library/Developer/Xcode/DerivedData/ChessScanner-euukheddappmemcngwqshzhuduna/Build/Intermediates.noindex/ChessKitEngine.build/Debug-iphonesimulator/ChessKitEngineCore.build/DerivedSources -F/Users/runner/Library/Developer/Xcode/DerivedData/ChessScanner-euukheddappmemcngwqshzhuduna/Build/Products/Debug-iphonesimulator -iframework /Applications/Xcode_26.3.app/Contents/Developer/Platforms/iPhoneSimulator.platform/Developer/Library/Frameworks -iframework /Applications/Xcode_26.3.app/Contents/Developer/Platforms/iPhoneSimulator.platform/Developer/SDKs/iPhoneSimulator26.2.sdk/Developer/Library/Frameworks -DXcode

WriteAuxiliaryFile /Users/runner/Library/Developer/Xcode/DerivedData/ChessScanner-euukheddappmemcngwqshzhuduna/Build/Intermediates.noindex/ChessKitEngine.build/Debug-iphonesimulator/ChessKitEngineCore.build/ChessKitEngineCore.modulemap (in target 'ChessKitEngineCore' from project 'ChessKitEngine')
    cd /Users/runner/Library/Developer/Xcode/DerivedData/ChessScanner-euukheddappmemcngwqshzhuduna/SourcePackages/checkouts/chesskit-engine
    write-file /Users/runner/Library/Developer/Xcode/DerivedData/ChessScanner-euukheddappmemcngwqshzhuduna/Build/Intermediates.noindex/ChessKitEngine.build/Debug-iphonesimulator/ChessKitEngineCore.build/ChessKitEngineCore.modulemap

WriteAuxiliaryFile /Users/runner/Library/Developer/Xcode/DerivedData/ChessScanner-euukheddappmemcngwqshzhuduna/Build/Intermediates.noindex/ChessKitEngine.build/Debug-iphonesimulator/ChessKitEngineCore.build/ChessKitEngineCore.DependencyStaticMetadataFileList (in target 'ChessKitEngineCore' from project 'ChessKitEngine')
    cd /Users/runner/Library/Developer/Xcode/DerivedData/ChessScanner-euukheddappmemcngwqshzhuduna/SourcePackages/checkouts/chesskit-engine
    write-file /Users/runner/Library/Developer/Xcode/DerivedData/ChessScanner-euukheddappmemcngwqshzhuduna/Build/Intermediates.noindex/ChessKitEngine.build/Debug-iphonesimulator/ChessKitEngineCore.build/ChessKitEngineCore.DependencyStaticMetadataFileList

WriteAuxiliaryFile /Users/runner/Library/Developer/Xcode/DerivedData/ChessScanner-euukheddappmemcngwqshzhuduna/Build/Intermediates.noindex/ChessKitEngine.build/Debug-iphonesimulator/ChessKitEngineCore.build/ChessKitEngineCore.DependencyMetadataFileList (in target 'ChessKitEngineCore' from project 'ChessKitEngine')
    cd /Users/runner/Library/Developer/Xcode/DerivedData/ChessScanner-euukheddappmemcngwqshzhuduna/SourcePackages/checkouts/chesskit-engine
    write-file /Users/runner/Library/Developer/Xcode/DerivedData/ChessScanner-euukheddappmemcngwqshzhuduna/Build/Intermediates.noindex/ChessKitEngine.build/Debug-iphonesimulator/ChessKitEngineCore.build/ChessKitEngineCore.DependencyMetadataFileList

Copy /Users/runner/Library/Developer/Xcode/DerivedData/ChessScanner-euukheddappmemcngwqshzhuduna/Build/Intermediates.noindex/GeneratedModuleMaps-iphonesimulator/ChessKitEngineCore.modulemap /Users/runner/Library/Developer/Xcode/DerivedData/ChessScanner-euukheddappmemcngwqshzhuduna/Build/Intermediates.noindex/ChessKitEngine.build/Debug-iphonesimulator/ChessKitEngineCore.build/ChessKitEngineCore.modulemap (in target 'ChessKitEngineCore' from project 'ChessKitEngine')
    cd /Users/runner/Library/Developer/Xcode/DerivedData/ChessScanner-euukheddappmemcngwqshzhuduna/SourcePackages/checkouts/chesskit-engine
    builtin-copy -exclude .DS_Store -exclude CVS -exclude .svn -exclude .git -exclude .hg -resolve-src-symlinks /Users/runner/Library/Developer/Xcode/DerivedData/ChessScanner-euukheddappmemcngwqshzhuduna/Build/Intermediates.noindex/ChessKitEngine.build/Debug-iphonesimulator/ChessKitEngineCore.build/ChessKitEngineCore.modulemap /Users/runner/Library/Developer/Xcode/DerivedData/ChessScanner-euukheddappmemcngwqshzhuduna/Build/Intermediates.noindex/GeneratedModuleMaps-iphonesimulator

WriteAuxiliaryFile /Users/runner/Library/Developer/Xcode/DerivedData/ChessScanner-euukheddappmemcngwqshzhuduna/Build/Intermediates.noindex/ChessKitEngine.build/Debug-iphonesimulator/ChessKitEngine.build/Objects-normal/arm64/ChessKitEngine_const_extract_protocols.json (in target 'ChessKitEngine' from project 'ChessKitEngine')
    cd /Users/runner/Library/Developer/Xcode/DerivedData/ChessScanner-euukheddappmemcngwqshzhuduna/SourcePackages/checkouts/chesskit-engine
    write-file /Users/runner/Library/Developer/Xcode/DerivedData/ChessScanner-euukheddappmemcngwqshzhuduna/Build/Intermediates.noindex/ChessKitEngine.build/Debug-iphonesimulator/ChessKitEngine.build/Objects-normal/arm64/ChessKitEngine_const_extract_protocols.json

WriteAuxiliaryFile /Users/runner/Library/Developer/Xcode/DerivedData/ChessScanner-euukheddappmemcngwqshzhuduna/Build/Intermediates.noindex/ChessKitEngine.build/Debug-iphonesimulator/ChessKitEngine.build/Objects-normal/arm64/ChessKitEngine.SwiftFileList (in target 'ChessKitEngine' from project 'ChessKitEngine')
    cd /Users/runner/Library/Developer/Xcode/DerivedData/ChessScanner-euukheddappmemcngwqshzhuduna/SourcePackages/checkouts/chesskit-engine
    write-file /Users/runner/Library/Developer/Xcode/DerivedData/ChessScanner-euukheddappmemcngwqshzhuduna/Build/Intermediates.noindex/ChessKitEngine.build/Debug-iphonesimulator/ChessKitEngine.build/Objects-normal/arm64/ChessKitEngine.SwiftFileList

WriteAuxiliaryFile /Users/runner/Library/Developer/Xcode/DerivedData/ChessScanner-euukheddappmemcngwqshzhuduna/Build/Intermediates.noindex/ChessKitEngine.build/Debug-iphonesimulator/ChessKitEngine.build/Objects-normal/arm64/ChessKitEngine.SwiftConstValuesFileList (in target 'ChessKitEngine' from project 'ChessKitEngine')
    cd /Users/runner/Library/Developer/Xcode/DerivedData/ChessScanner-euukheddappmemcngwqshzhuduna/SourcePackages/checkouts/chesskit-engine
    write-file /Users/runner/Library/Developer/Xcode/DerivedData/ChessScanner-euukheddappmemcngwqshzhuduna/Build/Intermediates.noindex/ChessKitEngine.build/Debug-iphonesimulator/ChessKitEngine.build/Objects-normal/arm64/ChessKitEngine.SwiftConstValuesFileList

WriteAuxiliaryFile /Users/runner/Library/Developer/Xcode/DerivedData/ChessScanner-euukheddappmemcngwqshzhuduna/Build/Intermediates.noindex/ChessKitEngine.build/Debug-iphonesimulator/ChessKitEngine.build/Objects-normal/arm64/ChessKitEngine.LinkFileList (in target 'ChessKitEngine' from project 'ChessKitEngine')
    cd /Users/runner/Library/Developer/Xcode/DerivedData/ChessScanner-euukheddappmemcngwqshzhuduna/SourcePackages/checkouts/chesskit-engine
    write-file /Users/runner/Library/Developer/Xcode/DerivedData/ChessScanner-euukheddappmemcngwqshzhuduna/Build/Intermediates.noindex/ChessKitEngine.build/Debug-iphonesimulator/ChessKitEngine.build/Objects-normal/arm64/ChessKitEngine.LinkFileList

WriteAuxiliaryFile /Users/runner/Library/Developer/Xcode/DerivedData/ChessScanner-euukheddappmemcngwqshzhuduna/Build/Intermediates.noindex/ChessKitEngine.build/Debug-iphonesimulator/ChessKitEngine.build/Objects-normal/arm64/ChessKitEngine-OutputFileMap.json (in target 'ChessKitEngine' from project 'ChessKitEngine')
    cd /Users/runner/Library/Developer/Xcode/DerivedData/ChessScanner-euukheddappmemcngwqshzhuduna/SourcePackages/checkouts/chesskit-engine
    write-file /Users/runner/Library/Developer/Xcode/DerivedData/ChessScanner-euukheddappmemcngwqshzhuduna/Build/Intermediates.noindex/ChessKitEngine.build/Debug-iphonesimulator/ChessKitEngine.build/Objects-normal/arm64/ChessKitEngine-OutputFileMap.json

WriteAuxiliaryFile /Users/runner/Library/Developer/Xcode/DerivedData/ChessScanner-euukheddappmemcngwqshzhuduna/Build/Intermediates.noindex/ChessKitEngine.build/Debug-iphonesimulator/ChessKitEngine.build/ChessKitEngine.modulemap (in target 'ChessKitEngine' from project 'ChessKitEngine')
    cd /Users/runner/Library/Developer/Xcode/DerivedData/ChessScanner-euukheddappmemcngwqshzhuduna/SourcePackages/checkouts/chesskit-engine
    write-file /Users/runner/Library/Developer/Xcode/DerivedData/ChessScanner-euukheddappmemcngwqshzhuduna/Build/Intermediates.noindex/ChessKitEngine.build/Debug-iphonesimulator/ChessKitEngine.build/ChessKitEngine.modulemap

WriteAuxiliaryFile /Users/runner/Library/Developer/Xcode/DerivedData/ChessScanner-euukheddappmemcngwqshzhuduna/Build/Intermediates.noindex/ChessKitEngine.build/Debug-iphonesimulator/ChessKitEngine.build/ChessKitEngine.DependencyStaticMetadataFileList (in target 'ChessKitEngine' from project 'ChessKitEngine')
    cd /Users/runner/Library/Developer/Xcode/DerivedData/ChessScanner-euukheddappmemcngwqshzhuduna/SourcePackages/checkouts/chesskit-engine
    write-file /Users/runner/Library/Developer/Xcode/DerivedData/ChessScanner-euukheddappmemcngwqshzhuduna/Build/Intermediates.noindex/ChessKitEngine.build/Debug-iphonesimulator/ChessKitEngine.build/ChessKitEngine.DependencyStaticMetadataFileList

WriteAuxiliaryFile /Users/runner/Library/Developer/Xcode/DerivedData/ChessScanner-euukheddappmemcngwqshzhuduna/Build/Intermediates.noindex/ChessKitEngine.build/Debug-iphonesimulator/ChessKitEngine.build/ChessKitEngine.DependencyMetadataFileList (in target 'ChessKitEngine' from project 'ChessKitEngine')
    cd /Users/runner/Library/Developer/Xcode/DerivedData/ChessScanner-euukheddappmemcngwqshzhuduna/SourcePackages/checkouts/chesskit-engine
    write-file /Users/runner/Library/Developer/Xcode/DerivedData/ChessScanner-euukheddappmemcngwqshzhuduna/Build/Intermediates.noindex/ChessKitEngine.build/Debug-iphonesimulator/ChessKitEngine.build/ChessKitEngine.DependencyMetadataFileList

Copy /Users/runner/Library/Developer/Xcode/DerivedData/ChessScanner-euukheddappmemcngwqshzhuduna/Build/Intermediates.noindex/GeneratedModuleMaps-iphonesimulator/ChessKitEngine.modulemap /Users/runner/Library/Developer/Xcode/DerivedData/ChessScanner-euukheddappmemcngwqshzhuduna/Build/Intermediates.noindex/ChessKitEngine.build/Debug-iphonesimulator/ChessKitEngine.build/ChessKitEngine.modulemap (in target 'ChessKitEngine' from project 'ChessKitEngine')
    cd /Users/runner/Library/Developer/Xcode/DerivedData/ChessScanner-euukheddappmemcngwqshzhuduna/SourcePackages/checkouts/chesskit-engine
    builtin-copy -exclude .DS_Store -exclude CVS -exclude .svn -exclude .git -exclude .hg -resolve-src-symlinks /Users/runner/Library/Developer/Xcode/DerivedData/ChessScanner-euukheddappmemcngwqshzhuduna/Build/Intermediates.noindex/ChessKitEngine.build/Debug-iphonesimulator/ChessKitEngine.build/ChessKitEngine.modulemap /Users/runner/Library/Developer/Xcode/DerivedData/ChessScanner-euukheddappmemcngwqshzhuduna/Build/Intermediates.noindex/GeneratedModuleMaps-iphonesimulator

MkDir /Users/runner/Library/Developer/Xcode/DerivedData/ChessScanner-euukheddappmemcngwqshzhuduna/Build/Products/Debug-iphonesimulator/ChessScannerUITests-Runner.app/PlugIns/ChessScannerUITests.xctest (in target 'ChessScannerUITests' from project 'ChessScanner')
    cd /Users/runner/work/chess-scanner-app/chess-scanner-app
    /bin/mkdir -p /Users/runner/Library/Developer/Xcode/DerivedData/ChessScanner-euukheddappmemcngwqshzhuduna/Build/Products/Debug-iphonesimulator/ChessScannerUITests-Runner.app/PlugIns/ChessScannerUITests.xctest

ProcessXCFramework /Users/runner/Library/Developer/Xcode/DerivedData/ChessScanner-euukheddappmemcngwqshzhuduna/SourcePackages/artifacts/onnxruntime-swift-package-manager/onnxruntime/onnxruntime.xcframework /Users/runner/Library/Developer/Xcode/DerivedData/ChessScanner-euukheddappmemcngwqshzhuduna/Build/Products/Debug-iphonesimulator/onnxruntime.framework ios simulator
    cd /Users/runner/work/chess-scanner-app/chess-scanner-app/ChessScanner.xcodeproj
    builtin-process-xcframework --xcframework /Users/runner/Library/Developer/Xcode/DerivedData/ChessScanner-euukheddappmemcngwqshzhuduna/SourcePackages/artifacts/onnxruntime-swift-package-manager/onnxruntime/onnxruntime.xcframework --platform ios --environment simulator --target-path /Users/runner/Library/Developer/Xcode/DerivedData/ChessScanner-euukheddappmemcngwqshzhuduna/Build/Products/Debug-iphonesimulator

WriteAuxiliaryFile /Users/runner/Library/Developer/Xcode/DerivedData/ChessScanner-euukheddappmemcngwqshzhuduna/Build/Intermediates.noindex/onnxruntime.build/Debug-iphonesimulator/OnnxRuntimeBindings.build/OnnxRuntimeBindings.modulemap (in target 'OnnxRuntimeBindings' from project 'onnxruntime')
    cd /Users/runner/Library/Developer/Xcode/DerivedData/ChessScanner-euukheddappmemcngwqshzhuduna/SourcePackages/checkouts/onnxruntime-swift-package-manager
    write-file /Users/runner/Library/Developer/Xcode/DerivedData/ChessScanner-euukheddappmemcngwqshzhuduna/Build/Intermediates.noindex/onnxruntime.build/Debug-iphonesimulator/OnnxRuntimeBindings.build/OnnxRuntimeBindings.modulemap

WriteAuxiliaryFile /Users/runner/Library/Developer/Xcode/DerivedData/ChessScanner-euukheddappmemcngwqshzhuduna/Build/Intermediates.noindex/onnxruntime.build/Debug-iphonesimulator/OnnxRuntimeBindings.build/OnnxRuntimeBindings.DependencyStaticMetadataFileList (in target 'OnnxRuntimeBindings' from project 'onnxruntime')
    cd /Users/runner/Library/Developer/Xcode/DerivedData/ChessScanner-euukheddappmemcngwqshzhuduna/SourcePackages/checkouts/onnxruntime-swift-package-manager
    write-file /Users/runner/Library/Developer/Xcode/DerivedData/ChessScanner-euukheddappmemcngwqshzhuduna/Build/Intermediates.noindex/onnxruntime.build/Debug-iphonesimulator/OnnxRuntimeBindings.build/OnnxRuntimeBindings.DependencyStaticMetadataFileList

WriteAuxiliaryFile /Users/runner/Library/Developer/Xcode/DerivedData/ChessScanner-euukheddappmemcngwqshzhuduna/Build/Intermediates.noindex/onnxruntime.build/Debug-iphonesimulator/OnnxRuntimeBindings.build/OnnxRuntimeBindings.DependencyMetadataFileList (in target 'OnnxRuntimeBindings' from project 'onnxruntime')
    cd /Users/runner/Library/Developer/Xcode/DerivedData/ChessScanner-euukheddappmemcngwqshzhuduna/SourcePackages/checkouts/onnxruntime-swift-package-manager
    write-file /Users/runner/Library/Developer/Xcode/DerivedData/ChessScanner-euukheddappmemcngwqshzhuduna/Build/Intermediates.noindex/onnxruntime.build/Debug-iphonesimulator/OnnxRuntimeBindings.build/OnnxRuntimeBindings.DependencyMetadataFileList

WriteAuxiliaryFile /Users/runner/Library/Developer/Xcode/DerivedData/ChessScanner-euukheddappmemcngwqshzhuduna/Build/Intermediates.noindex/onnxruntime.build/Debug-iphonesimulator/OnnxRuntimeBindings.build/Objects-normal/arm64/af3fcb34312c57c0f52879cdce924b91-common-args.resp (in target 'OnnxRuntimeBindings' from project 'onnxruntime')
    cd /Users/runner/Library/Developer/Xcode/DerivedData/ChessScanner-euukheddappmemcngwqshzhuduna/SourcePackages/checkouts/onnxruntime-swift-package-manager
    write-file /Users/runner/Library/Developer/Xcode/DerivedData/ChessScanner-euukheddappmemcngwqshzhuduna/Build/Intermediates.noindex/onnxruntime.build/Debug-iphonesimulator/OnnxRuntimeBindings.build/Objects-normal/arm64/af3fcb34312c57c0f52879cdce924b91-common-args.resp
-target arm64-apple-ios15.0-simulator '-std=c++17' -fobjc-arc -fmodules -fno-cxx-modules -gmodules '-fmodules-cache-path=/Users/runner/Library/Developer/Xcode/DerivedData/ModuleCache.noindex' '-fmodule-name=OnnxRuntimeBindings' '-D_LIBCPP_HARDENING_MODE=_LIBCPP_HARDENING_MODE_DEBUG' -fpascal-strings -O0 -DSWIFT_PACKAGE '-DDEBUG=1' -DSPM_BUILD '-DOBJC_OLD_DISPATCH_PROTOTYPES=1' -isysroot /Applications/Xcode_26.3.app/Contents/Developer/Platforms/iPhoneSimulator.platform/Developer/SDKs/iPhoneSimulator26.2.sdk -g -fvisibility-inlines-hidden '-fobjc-abi-version=2' -fobjc-legacy-dispatch -I/Users/runner/Library/Developer/Xcode/DerivedData/ChessScanner-euukheddappmemcngwqshzhuduna/Build/Products/Debug-iphonesimulator/include -I/Users/runner/Library/Developer/Xcode/DerivedData/ChessScanner-euukheddappmemcngwqshzhuduna/SourcePackages/checkouts/onnxruntime-swift-package-manager/objectivec/include -I/Users/runner/Library/Developer/Xcode/DerivedData/ChessScanner-euukheddappmemcngwqshzhuduna/Build/Intermediates.noindex/onnxruntime.build/Debug-iphonesimulator/OnnxRuntimeBindings.build/DerivedSources-normal/arm64 -I/Users/runner/Library/Developer/Xcode/DerivedData/ChessScanner-euukheddappmemcngwqshzhuduna/Build/Intermediates.noindex/onnxruntime.build/Debug-iphonesimulator/OnnxRuntimeBindings.build/DerivedSources/arm64 -I/Users/runner/Library/Developer/Xcode/DerivedData/ChessScanner-euukheddappmemcngwqshzhuduna/Build/Intermediates.noindex/onnxruntime.build/Debug-iphonesimulator/OnnxRuntimeBindings.build/DerivedSources -F/Users/runner/Library/Developer/Xcode/DerivedData/ChessScanner-euukheddappmemcngwqshzhuduna/Build/Products/Debug-iphonesimulator -iframework /Applications/Xcode_26.3.app/Contents/Developer/Platforms/iPhoneSimulator.platform/Developer/Library/Frameworks -iframework /Applications/Xcode_26.3.app/Contents/Developer/Platforms/iPhoneSimulator.platform/Developer/SDKs/iPhoneSimulator26.2.sdk/Developer/Library/Frameworks -DXcode

WriteAuxiliaryFile /Users/runner/Library/Developer/Xcode/DerivedData/ChessScanner-euukheddappmemcngwqshzhuduna/Build/Intermediates.noindex/onnxruntime.build/Debug-iphonesimulator/OnnxRuntimeBindings.build/Objects-normal/arm64/OnnxRuntimeBindings.LinkFileList (in target 'OnnxRuntimeBindings' from project 'onnxruntime')
    cd /Users/runner/Library/Developer/Xcode/DerivedData/ChessScanner-euukheddappmemcngwqshzhuduna/SourcePackages/checkouts/onnxruntime-swift-package-manager
    write-file /Users/runner/Library/Developer/Xcode/DerivedData/ChessScanner-euukheddappmemcngwqshzhuduna/Build/Intermediates.noindex/onnxruntime.build/Debug-iphonesimulator/OnnxRuntimeBindings.build/Objects-normal/arm64/OnnxRuntimeBindings.LinkFileList

Copy /Users/runner/Library/Developer/Xcode/DerivedData/ChessScanner-euukheddappmemcngwqshzhuduna/Build/Intermediates.noindex/GeneratedModuleMaps-iphonesimulator/OnnxRuntimeBindings.modulemap /Users/runner/Library/Developer/Xcode/DerivedData/ChessScanner-euukheddappmemcngwqshzhuduna/Build/Intermediates.noindex/onnxruntime.build/Debug-iphonesimulator/OnnxRuntimeBindings.build/OnnxRuntimeBindings.modulemap (in target 'OnnxRuntimeBindings' from project 'onnxruntime')
    cd /Users/runner/Library/Developer/Xcode/DerivedData/ChessScanner-euukheddappmemcngwqshzhuduna/SourcePackages/checkouts/onnxruntime-swift-package-manager
    builtin-copy -exclude .DS_Store -exclude CVS -exclude .svn -exclude .git -exclude .hg -resolve-src-symlinks /Users/runner/Library/Developer/Xcode/DerivedData/ChessScanner-euukheddappmemcngwqshzhuduna/Build/Intermediates.noindex/onnxruntime.build/Debug-iphonesimulator/OnnxRuntimeBindings.build/OnnxRuntimeBindings.modulemap /Users/runner/Library/Developer/Xcode/DerivedData/ChessScanner-euukheddappmemcngwqshzhuduna/Build/Intermediates.noindex/GeneratedModuleMaps-iphonesimulator

WriteAuxiliaryFile /Users/runner/Library/Developer/Xcode/DerivedData/ChessScanner-euukheddappmemcngwqshzhuduna/Build/Intermediates.noindex/ChessScanner.build/Debug-iphonesimulator/ChessScanner.build/Objects-normal/arm64/ChessScanner_const_extract_protocols.json (in target 'ChessScanner' from project 'ChessScanner')
    cd /Users/runner/work/chess-scanner-app/chess-scanner-app
    write-file /Users/runner/Library/Developer/Xcode/DerivedData/ChessScanner-euukheddappmemcngwqshzhuduna/Build/Intermediates.noindex/ChessScanner.build/Debug-iphonesimulator/ChessScanner.build/Objects-normal/arm64/ChessScanner_const_extract_protocols.json

WriteAuxiliaryFile /Users/runner/Library/Developer/Xcode/DerivedData/ChessScanner-euukheddappmemcngwqshzhuduna/Build/Intermediates.noindex/ChessScanner.build/Debug-iphonesimulator/ChessScanner.build/Objects-normal/arm64/ChessScanner-OutputFileMap.json (in target 'ChessScanner' from project 'ChessScanner')
    cd /Users/runner/work/chess-scanner-app/chess-scanner-app
    write-file /Users/runner/Library/Developer/Xcode/DerivedData/ChessScanner-euukheddappmemcngwqshzhuduna/Build/Intermediates.noindex/ChessScanner.build/Debug-iphonesimulator/ChessScanner.build/Objects-normal/arm64/ChessScanner-OutputFileMap.json

WriteAuxiliaryFile /Users/runner/Library/Developer/Xcode/DerivedData/ChessScanner-euukheddappmemcngwqshzhuduna/Build/Intermediates.noindex/ChessScanner.build/Debug-iphonesimulator/ChessScanner.build/Objects-normal/arm64/Chess\ Scanner.SwiftFileList (in target 'ChessScanner' from project 'ChessScanner')
    cd /Users/runner/work/chess-scanner-app/chess-scanner-app
    write-file /Users/runner/Library/Developer/Xcode/DerivedData/ChessScanner-euukheddappmemcngwqshzhuduna/Build/Intermediates.noindex/ChessScanner.build/Debug-iphonesimulator/ChessScanner.build/Objects-normal/arm64/Chess\ Scanner.SwiftFileList

WriteAuxiliaryFile /Users/runner/Library/Developer/Xcode/DerivedData/ChessScanner-euukheddappmemcngwqshzhuduna/Build/Intermediates.noindex/ChessScanner.build/Debug-iphonesimulator/ChessScanner.build/Objects-normal/arm64/Chess\ Scanner.SwiftConstValuesFileList (in target 'ChessScanner' from project 'ChessScanner')
    cd /Users/runner/work/chess-scanner-app/chess-scanner-app
    write-file /Users/runner/Library/Developer/Xcode/DerivedData/ChessScanner-euukheddappmemcngwqshzhuduna/Build/Intermediates.noindex/ChessScanner.build/Debug-iphonesimulator/ChessScanner.build/Objects-normal/arm64/Chess\ Scanner.SwiftConstValuesFileList

WriteAuxiliaryFile /Users/runner/Library/Developer/Xcode/DerivedData/ChessScanner-euukheddappmemcngwqshzhuduna/Build/Intermediates.noindex/ChessScanner.build/Debug-iphonesimulator/ChessScanner.build/Objects-normal/arm64/Chess\ Scanner.LinkFileList (in target 'ChessScanner' from project 'ChessScanner')
    cd /Users/runner/work/chess-scanner-app/chess-scanner-app
    write-file /Users/runner/Library/Developer/Xcode/DerivedData/ChessScanner-euukheddappmemcngwqshzhuduna/Build/Intermediates.noindex/ChessScanner.build/Debug-iphonesimulator/ChessScanner.build/Objects-normal/arm64/Chess\ Scanner.LinkFileList

WriteAuxiliaryFile /Users/runner/Library/Developer/Xcode/DerivedData/ChessScanner-euukheddappmemcngwqshzhuduna/Build/Intermediates.noindex/ChessScanner.build/Debug-iphonesimulator/ChessScanner.build/Chess\ Scanner.hmap (in target 'ChessScanner' from project 'ChessScanner')
    cd /Users/runner/work/chess-scanner-app/chess-scanner-app
    write-file /Users/runner/Library/Developer/Xcode/DerivedData/ChessScanner-euukheddappmemcngwqshzhuduna/Build/Intermediates.noindex/ChessScanner.build/Debug-iphonesimulator/ChessScanner.build/Chess\ Scanner.hmap

WriteAuxiliaryFile /Users/runner/Library/Developer/Xcode/DerivedData/ChessScanner-euukheddappmemcngwqshzhuduna/Build/Intermediates.noindex/ChessScanner.build/Debug-iphonesimulator/ChessScanner.build/Chess\ Scanner.DependencyStaticMetadataFileList (in target 'ChessScanner' from project 'ChessScanner')
    cd /Users/runner/work/chess-scanner-app/chess-scanner-app
    write-file /Users/runner/Library/Developer/Xcode/DerivedData/ChessScanner-euukheddappmemcngwqshzhuduna/Build/Intermediates.noindex/ChessScanner.build/Debug-iphonesimulator/ChessScanner.build/Chess\ Scanner.DependencyStaticMetadataFileList

WriteAuxiliaryFile /Users/runner/Library/Developer/Xcode/DerivedData/ChessScanner-euukheddappmemcngwqshzhuduna/Build/Intermediates.noindex/ChessScanner.build/Debug-iphonesimulator/ChessScanner.build/Chess\ Scanner.DependencyMetadataFileList (in target 'ChessScanner' from project 'ChessScanner')
    cd /Users/runner/work/chess-scanner-app/chess-scanner-app
    write-file /Users/runner/Library/Developer/Xcode/DerivedData/ChessScanner-euukheddappmemcngwqshzhuduna/Build/Intermediates.noindex/ChessScanner.build/Debug-iphonesimulator/ChessScanner.build/Chess\ Scanner.DependencyMetadataFileList

WriteAuxiliaryFile /Users/runner/Library/Developer/Xcode/DerivedData/ChessScanner-euukheddappmemcngwqshzhuduna/Build/Intermediates.noindex/ChessScanner.build/Debug-iphonesimulator/ChessScanner.build/Chess\ Scanner-project-headers.hmap (in target 'ChessScanner' from project 'ChessScanner')
    cd /Users/runner/work/chess-scanner-app/chess-scanner-app
    write-file /Users/runner/Library/Developer/Xcode/DerivedData/ChessScanner-euukheddappmemcngwqshzhuduna/Build/Intermediates.noindex/ChessScanner.build/Debug-iphonesimulator/ChessScanner.build/Chess\ Scanner-project-headers.hmap

WriteAuxiliaryFile /Users/runner/Library/Developer/Xcode/DerivedData/ChessScanner-euukheddappmemcngwqshzhuduna/Build/Intermediates.noindex/ChessScanner.build/Debug-iphonesimulator/ChessScanner.build/Chess\ Scanner-own-target-headers.hmap (in target 'ChessScanner' from project 'ChessScanner')
    cd /Users/runner/work/chess-scanner-app/chess-scanner-app
    write-file /Users/runner/Library/Developer/Xcode/DerivedData/ChessScanner-euukheddappmemcngwqshzhuduna/Build/Intermediates.noindex/ChessScanner.build/Debug-iphonesimulator/ChessScanner.build/Chess\ Scanner-own-target-headers.hmap

WriteAuxiliaryFile /Users/runner/Library/Developer/Xcode/DerivedData/ChessScanner-euukheddappmemcngwqshzhuduna/Build/Intermediates.noindex/ChessScanner.build/Debug-iphonesimulator/ChessScanner.build/Chess\ Scanner-generated-files.hmap (in target 'ChessScanner' from project 'ChessScanner')
    cd /Users/runner/work/chess-scanner-app/chess-scanner-app
    write-file /Users/runner/Library/Developer/Xcode/DerivedData/ChessScanner-euukheddappmemcngwqshzhuduna/Build/Intermediates.noindex/ChessScanner.build/Debug-iphonesimulator/ChessScanner.build/Chess\ Scanner-generated-files.hmap

WriteAuxiliaryFile /Users/runner/Library/Developer/Xcode/DerivedData/ChessScanner-euukheddappmemcngwqshzhuduna/Build/Intermediates.noindex/ChessScanner.build/Debug-iphonesimulator/ChessScanner.build/Chess\ Scanner-all-target-headers.hmap (in target 'ChessScanner' from project 'ChessScanner')
    cd /Users/runner/work/chess-scanner-app/chess-scanner-app
    write-file /Users/runner/Library/Developer/Xcode/DerivedData/ChessScanner-euukheddappmemcngwqshzhuduna/Build/Intermediates.noindex/ChessScanner.build/Debug-iphonesimulator/ChessScanner.build/Chess\ Scanner-all-target-headers.hmap

WriteAuxiliaryFile /Users/runner/Library/Developer/Xcode/DerivedData/ChessScanner-euukheddappmemcngwqshzhuduna/Build/Intermediates.noindex/ChessScanner.build/Debug-iphonesimulator/ChessScanner.build/Chess\ Scanner-all-non-framework-target-headers.hmap (in target 'ChessScanner' from project 'ChessScanner')
    cd /Users/runner/work/chess-scanner-app/chess-scanner-app
    write-file /Users/runner/Library/Developer/Xcode/DerivedData/ChessScanner-euukheddappmemcngwqshzhuduna/Build/Intermediates.noindex/ChessScanner.build/Debug-iphonesimulator/ChessScanner.build/Chess\ Scanner-all-non-framework-target-headers.hmap

WriteAuxiliaryFile /Users/runner/Library/Developer/Xcode/DerivedData/ChessScanner-euukheddappmemcngwqshzhuduna/Build/Intermediates.noindex/ChessScanner.build/Debug-iphonesimulator/ChessScanner.build/Chess\ Scanner-DebugDylibPath-normal-arm64.txt (in target 'ChessScanner' from project 'ChessScanner')
    cd /Users/runner/work/chess-scanner-app/chess-scanner-app
    write-file /Users/runner/Library/Developer/Xcode/DerivedData/ChessScanner-euukheddappmemcngwqshzhuduna/Build/Intermediates.noindex/ChessScanner.build/Debug-iphonesimulator/ChessScanner.build/Chess\ Scanner-DebugDylibPath-normal-arm64.txt

WriteAuxiliaryFile /Users/runner/Library/Developer/Xcode/DerivedData/ChessScanner-euukheddappmemcngwqshzhuduna/Build/Intermediates.noindex/ChessScanner.build/Debug-iphonesimulator/ChessScanner.build/Chess\ Scanner-DebugDylibInstallName-normal-arm64.txt (in target 'ChessScanner' from project 'ChessScanner')
    cd /Users/runner/work/chess-scanner-app/chess-scanner-app
    write-file /Users/runner/Library/Developer/Xcode/DerivedData/ChessScanner-euukheddappmemcngwqshzhuduna/Build/Intermediates.noindex/ChessScanner.build/Debug-iphonesimulator/ChessScanner.build/Chess\ Scanner-DebugDylibInstallName-normal-arm64.txt

MkDir /Users/runner/Library/Developer/Xcode/DerivedData/ChessScanner-euukheddappmemcngwqshzhuduna/Build/Products/Debug-iphonesimulator/Chess\ Scanner.app/Frameworks (in target 'ChessScanner' from project 'ChessScanner')
    cd /Users/runner/work/chess-scanner-app/chess-scanner-app
    /bin/mkdir -p /Users/runner/Library/Developer/Xcode/DerivedData/ChessScanner-euukheddappmemcngwqshzhuduna/Build/Products/Debug-iphonesimulator/Chess\ Scanner.app/Frameworks

MkDir /Users/runner/Library/Developer/Xcode/DerivedData/ChessScanner-euukheddappmemcngwqshzhuduna/Build/Products/Debug-iphonesimulator/Chess\ Scanner.app (in target 'ChessScanner' from project 'ChessScanner')
    cd /Users/runner/work/chess-scanner-app/chess-scanner-app
    /bin/mkdir -p /Users/runner/Library/Developer/Xcode/DerivedData/ChessScanner-euukheddappmemcngwqshzhuduna/Build/Products/Debug-iphonesimulator/Chess\ Scanner.app

SwiftDriver ChessKitEngine normal arm64 com.apple.xcode.tools.swift.compiler (in target 'ChessKitEngine' from project 'ChessKitEngine')
    cd /Users/runner/work/chess-scanner-app/chess-scanner-app/ChessScanner.xcodeproj
    builtin-SwiftDriver -- /Applications/Xcode_26.3.app/Contents/Developer/Toolchains/XcodeDefault.xctoolchain/usr/bin/swiftc -module-name ChessKitEngine -Onone -enforce-exclusivity\=checked @/Users/runner/Library/Developer/Xcode/DerivedData/ChessScanner-euukheddappmemcngwqshzhuduna/Build/Intermediates.noindex/ChessKitEngine.build/Debug-iphonesimulator/ChessKitEngine.build/Objects-normal/arm64/ChessKitEngine.SwiftFileList -DSWIFT_PACKAGE -DDEBUG -DSWIFT_MODULE_RESOURCE_BUNDLE_UNAVAILABLE -Xcc -fmodule-map-file\=/Users/runner/Library/Developer/Xcode/DerivedData/ChessScanner-euukheddappmemcngwqshzhuduna/Build/Intermediates.noindex/GeneratedModuleMaps-iphonesimulator/ChessKitEngineCore.modulemap -DXcode -plugin-path /Applications/Xcode_26.3.app/Contents/Developer/Toolchains/XcodeDefault.xctoolchain/usr/lib/swift/host/plugins/testing -enable-experimental-feature DebugDescriptionMacro -sdk /Applications/Xcode_26.3.app/Contents/Developer/Platforms/iPhoneSimulator.platform/Developer/SDKs/iPhoneSimulator26.2.sdk -target arm64-apple-ios16.0-simulator -g -module-cache-path /Users/runner/Library/Developer/Xcode/DerivedData/ModuleCache.noindex -Xfrontend -serialize-debugging-options -enable-testing -suppress-warnings -index-store-path /Users/runner/Library/Developer/Xcode/DerivedData/ChessScanner-euukheddappmemcngwqshzhuduna/Index.noindex/DataStore -Xcc -D_LIBCPP_HARDENING_MODE\=_LIBCPP_HARDENING_MODE_DEBUG -swift-version 6 -I /Users/runner/Library/Developer/Xcode/DerivedData/ChessScanner-euukheddappmemcngwqshzhuduna/Build/Products/Debug-iphonesimulator -Isystem /Applications/Xcode_26.3.app/Contents/Developer/Platforms/iPhoneSimulator.platform/Developer/usr/lib -F /Users/runner/Library/Developer/Xcode/DerivedData/ChessScanner-euukheddappmemcngwqshzhuduna/Build/Products/Debug-iphonesimulator/PackageFrameworks -F /Users/runner/Library/Developer/Xcode/DerivedData/ChessScanner-euukheddappmemcngwqshzhuduna/Build/Products/Debug-iphonesimulator -F /Applications/Xcode_26.3.app/Contents/Developer/Platforms/iPhoneSimulator.platform/Developer/Library/Frameworks -F /Applications/Xcode_26.3.app/Contents/Developer/Platforms/iPhoneSimulator.platform/Developer/SDKs/iPhoneSimulator26.2.sdk/Developer/Library/Frameworks -c -j3 -enable-batch-mode -incremental -Xcc -ivfsstatcache -Xcc /Users/runner/Library/Developer/Xcode/DerivedData/SDKStatCaches.noindex/iphonesimulator26.2-23C57-dc75598d0054f22ec865fa860f139d72e244bd9a5feaf902f95f61bf06266e52.sdkstatcache -output-file-map /Users/runner/Library/Developer/Xcode/DerivedData/ChessScanner-euukheddappmemcngwqshzhuduna/Build/Intermediates.noindex/ChessKitEngine.build/Debug-iphonesimulator/ChessKitEngine.build/Objects-normal/arm64/ChessKitEngine-OutputFileMap.json -use-frontend-parseable-output -save-temps -no-color-diagnostics -explicit-module-build -module-cache-path /Users/runner/Library/Developer/Xcode/DerivedData/ChessScanner-euukheddappmemcngwqshzhuduna/Build/Intermediates.noindex/SwiftExplicitPrecompiledModules -clang-scanner-module-cache-path /Users/runner/Library/Developer/Xcode/DerivedData/ModuleCache.noindex -sdk-module-cache-path /Users/runner/Library/Developer/Xcode/DerivedData/ModuleCache.noindex -serialize-diagnostics -emit-dependencies -emit-module -emit-module-path /Users/runner/Library/Developer/Xcode/DerivedData/ChessScanner-euukheddappmemcngwqshzhuduna/Build/Intermediates.noindex/ChessKitEngine.build/Debug-iphonesimulator/ChessKitEngine.build/Objects-normal/arm64/ChessKitEngine.swiftmodule -user-module-version 0.7.0 -validate-clang-modules-once -clang-build-session-file /Users/runner/Library/Developer/Xcode/DerivedData/ModuleCache.noindex/Session.modulevalidation -package-name chesskit_engine -Xcc -I/Users/runner/Library/Developer/Xcode/DerivedData/ChessScanner-euukheddappmemcngwqshzhuduna/Build/Intermediates.noindex/ChessKitEngine.build/Debug-iphonesimulator/ChessKitEngine.build/swift-overrides.hmap -emit-const-values -Xfrontend -const-gather-protocols-file -Xfrontend /Users/runner/Library/Developer/Xcode/DerivedData/ChessScanner-euukheddappmemcngwqshzhuduna/Build/Intermediates.noindex/ChessKitEngine.build/Debug-iphonesimulator/ChessKitEngine.build/Objects-normal/arm64/ChessKitEngine_const_extract_protocols.json -Xcc -I/Users/runner/Library/Developer/Xcode/DerivedData/ChessScanner-euukheddappmemcngwqshzhuduna/SourcePackages/checkouts/chesskit-engine/Sources/ChessKitEngineCore/include -Xcc -I/Users/runner/Library/Developer/Xcode/DerivedData/ChessScanner-euukheddappmemcngwqshzhuduna/Build/Products/Debug-iphonesimulator/include -Xcc -I/Users/runner/Library/Developer/Xcode/DerivedData/ChessScanner-euukheddappmemcngwqshzhuduna/Build/Intermediates.noindex/ChessKitEngine.build/Debug-iphonesimulator/ChessKitEngine.build/DerivedSources-normal/arm64 -Xcc -I/Users/runner/Library/Developer/Xcode/DerivedData/ChessScanner-euukheddappmemcngwqshzhuduna/Build/Intermediates.noindex/ChessKitEngine.build/Debug-iphonesimulator/ChessKitEngine.build/DerivedSources/arm64 -Xcc -I/Users/runner/Library/Developer/Xcode/DerivedData/ChessScanner-euukheddappmemcngwqshzhuduna/Build/Intermediates.noindex/ChessKitEngine.build/Debug-iphonesimulator/ChessKitEngine.build/DerivedSources -Xcc -DSWIFT_PACKAGE -Xcc -DDEBUG\=1 -emit-objc-header -emit-objc-header-path /Users/runner/Library/Developer/Xcode/DerivedData/ChessScanner-euukheddappmemcngwqshzhuduna/Build/Intermediates.noindex/ChessKitEngine.build/Debug-iphonesimulator/ChessKitEngine.build/Objects-normal/arm64/ChessKitEngine-Swift.h -working-directory /Users/runner/work/chess-scanner-app/chess-scanner-app/ChessScanner.xcodeproj -experimental-emit-module-separately -disable-cmo

CompileC /Users/runner/Library/Developer/Xcode/DerivedData/ChessScanner-euukheddappmemcngwqshzhuduna/Build/Intermediates.noindex/onnxruntime.build/Debug-iphonesimulator/OnnxRuntimeBindings.build/Objects-normal/arm64/ort_xnnpack_execution_provider.o /Users/runner/Library/Developer/Xcode/DerivedData/ChessScanner-euukheddappmemcngwqshzhuduna/SourcePackages/checkouts/onnxruntime-swift-package-manager/objectivec/ort_xnnpack_execution_provider.mm normal arm64 objective-c++ com.apple.compilers.llvm.clang.1_0.compiler (in target 'OnnxRuntimeBindings' from project 'onnxruntime')
    cd /Users/runner/work/chess-scanner-app/chess-scanner-app/ChessScanner.xcodeproj
    
    Using response file: /Users/runner/Library/Developer/Xcode/DerivedData/ChessScanner-euukheddappmemcngwqshzhuduna/Build/Intermediates.noindex/onnxruntime.build/Debug-iphonesimulator/OnnxRuntimeBindings.build/Objects-normal/arm64/af3fcb34312c57c0f52879cdce924b91-common-args.resp
    
    /Applications/Xcode_26.3.app/Contents/Developer/Toolchains/XcodeDefault.xctoolchain/usr/bin/clang -x objective-c++ -ivfsstatcache /Users/runner/Library/Developer/Xcode/DerivedData/SDKStatCaches.noindex/iphonesimulator26.2-23C57-dc75598d0054f22ec865fa860f139d72e244bd9a5feaf902f95f61bf06266e52.sdkstatcache -fmessage-length\=0 -fdiagnostics-show-note-include-stack -fmacro-backtrace-limit\=0 -fno-color-diagnostics -fmodules-prune-interval\=86400 -fmodules-prune-after\=345600 -fbuild-session-file\=/Users/runner/Library/Developer/Xcode/DerivedData/ModuleCache.noindex/Session.modulevalidation -fmodules-validate-once-per-build-session -Wnon-modular-include-in-framework-module -Werror\=non-modular-include-in-framework-module -Wno-trigraphs -Wno-missing-field-initializers -Wno-missing-prototypes -Wno-return-type -Wno-implicit-atomic-properties -Wno-objc-interface-ivars -Wno-arc-repeated-use-of-weak -Wno-non-virtual-dtor -Wno-overloaded-virtual -Wno-exit-time-destructors -Wno-missing-braces -Wparentheses -Wswitch -Wno-unused-function -Wno-unused-label -Wno-unused-parameter -Wno-unused-variable -Wunused-value -Wno-empty-body -Wno-uninitialized -Wno-unknown-pragmas -w -Wno-shadow -Wno-four-char-constants -Wno-conversion -Wno-constant-conversion -Wno-int-conversion -Wno-bool-conversion -Wno-enum-conversion -Wno-float-conversion -Wno-non-literal-null-conversion -Wno-objc-literal-conversion -Wshorten-64-to-32 -Wno-newline-eof -Wno-selector -Wno-strict-selector-match -Wno-undeclared-selector -Wno-deprecated-implementations -Wno-c++11-extensions -Wno-implicit-fallthrough -fstrict-aliasing -Wprotocol -Wdeprecated-declarations -Winvalid-offsetof -Wno-sign-conversion -Wno-infinite-recursion -Wno-move -Wno-comma -Wno-block-capture-autoreleasing -Wno-strict-prototypes -Wno-range-loop-analysis -Wno-semicolon-before-method-body -index-store-path /Users/runner/Library/Developer/Xcode/DerivedData/ChessScanner-euukheddappmemcngwqshzhuduna/Index.noindex/DataStore @/Users/runner/Library/Developer/Xcode/DerivedData/ChessScanner-euukheddappmemcngwqshzhuduna/Build/Intermediates.noindex/onnxruntime.build/Debug-iphonesimulator/OnnxRuntimeBindings.build/Objects-normal/arm64/af3fcb34312c57c0f52879cdce924b91-common-args.resp -MMD -MT dependencies -MF /Users/runner/Library/Developer/Xcode/DerivedData/ChessScanner-euukheddappmemcngwqshzhuduna/Build/Intermediates.noindex/onnxruntime.build/Debug-iphonesimulator/OnnxRuntimeBindings.build/Objects-normal/arm64/ort_xnnpack_execution_provider.d --serialize-diagnostics /Users/runner/Library/Developer/Xcode/DerivedData/ChessScanner-euukheddappmemcngwqshzhuduna/Build/Intermediates.noindex/onnxruntime.build/Debug-iphonesimulator/OnnxRuntimeBindings.build/Objects-normal/arm64/ort_xnnpack_execution_provider.dia -c /Users/runner/Library/Developer/Xcode/DerivedData/ChessScanner-euukheddappmemcngwqshzhuduna/SourcePackages/checkouts/onnxruntime-swift-package-manager/objectivec/ort_xnnpack_execution_provider.mm -o /Users/runner/Library/Developer/Xcode/DerivedData/ChessScanner-euukheddappmemcngwqshzhuduna/Build/Intermediates.noindex/onnxruntime.build/Debug-iphonesimulator/OnnxRuntimeBindings.build/Objects-normal/arm64/ort_xnnpack_execution_provider.o -index-unit-output-path /onnxruntime.build/Debug-iphonesimulator/OnnxRuntimeBindings.build/Objects-normal/arm64/ort_xnnpack_execution_provider.o

CompileC /Users/runner/Library/Developer/Xcode/DerivedData/ChessScanner-euukheddappmemcngwqshzhuduna/Build/Intermediates.noindex/onnxruntime.build/Debug-iphonesimulator/OnnxRuntimeBindings.build/Objects-normal/arm64/ort_value.o /Users/runner/Library/Developer/Xcode/DerivedData/ChessScanner-euukheddappmemcngwqshzhuduna/SourcePackages/checkouts/onnxruntime-swift-package-manager/objectivec/ort_value.mm normal arm64 objective-c++ com.apple.compilers.llvm.clang.1_0.compiler (in target 'OnnxRuntimeBindings' from project 'onnxruntime')
    cd /Users/runner/work/chess-scanner-app/chess-scanner-app/ChessScanner.xcodeproj
    
    Using response file: /Users/runner/Library/Developer/Xcode/DerivedData/ChessScanner-euukheddappmemcngwqshzhuduna/Build/Intermediates.noindex/onnxruntime.build/Debug-iphonesimulator/OnnxRuntimeBindings.build/Objects-normal/arm64/af3fcb34312c57c0f52879cdce924b91-common-args.resp
    
    /Applications/Xcode_26.3.app/Contents/Developer/Toolchains/XcodeDefault.xctoolchain/usr/bin/clang -x objective-c++ -ivfsstatcache /Users/runner/Library/Developer/Xcode/DerivedData/SDKStatCaches.noindex/iphonesimulator26.2-23C57-dc75598d0054f22ec865fa860f139d72e244bd9a5feaf902f95f61bf06266e52.sdkstatcache -fmessage-length\=0 -fdiagnostics-show-note-include-stack -fmacro-backtrace-limit\=0 -fno-color-diagnostics -fmodules-prune-interval\=86400 -fmodules-prune-after\=345600 -fbuild-session-file\=/Users/runner/Library/Developer/Xcode/DerivedData/ModuleCache.noindex/Session.modulevalidation -fmodules-validate-once-per-build-session -Wnon-modular-include-in-framework-module -Werror\=non-modular-include-in-framework-module -Wno-trigraphs -Wno-missing-field-initializers -Wno-missing-prototypes -Wno-return-type -Wno-implicit-atomic-properties -Wno-objc-interface-ivars -Wno-arc-repeated-use-of-weak -Wno-non-virtual-dtor -Wno-overloaded-virtual -Wno-exit-time-destructors -Wno-missing-braces -Wparentheses -Wswitch -Wno-unused-function -Wno-unused-label -Wno-unused-parameter -Wno-unused-variable -Wunused-value -Wno-empty-body -Wno-uninitialized -Wno-unknown-pragmas -w -Wno-shadow -Wno-four-char-constants -Wno-conversion -Wno-constant-conversion -Wno-int-conversion -Wno-bool-conversion -Wno-enum-conversion -Wno-float-conversion -Wno-non-literal-null-conversion -Wno-objc-literal-conversion -Wshorten-64-to-32 -Wno-newline-eof -Wno-selector -Wno-strict-selector-match -Wno-undeclared-selector -Wno-deprecated-implementations -Wno-c++11-extensions -Wno-implicit-fallthrough -fstrict-aliasing -Wprotocol -Wdeprecated-declarations -Winvalid-offsetof -Wno-sign-conversion -Wno-infinite-recursion -Wno-move -Wno-comma -Wno-block-capture-autoreleasing -Wno-strict-prototypes -Wno-range-loop-analysis -Wno-semicolon-before-method-body -index-store-path /Users/runner/Library/Developer/Xcode/DerivedData/ChessScanner-euukheddappmemcngwqshzhuduna/Index.noindex/DataStore @/Users/runner/Library/Developer/Xcode/DerivedData/ChessScanner-euukheddappmemcngwqshzhuduna/Build/Intermediates.noindex/onnxruntime.build/Debug-iphonesimulator/OnnxRuntimeBindings.build/Objects-normal/arm64/af3fcb34312c57c0f52879cdce924b91-common-args.resp -MMD -MT dependencies -MF /Users/runner/Library/Developer/Xcode/DerivedData/ChessScanner-euukheddappmemcngwqshzhuduna/Build/Intermediates.noindex/onnxruntime.build/Debug-iphonesimulator/OnnxRuntimeBindings.build/Objects-normal/arm64/ort_value.d --serialize-diagnostics /Users/runner/Library/Developer/Xcode/DerivedData/ChessScanner-euukheddappmemcngwqshzhuduna/Build/Intermediates.noindex/onnxruntime.build/Debug-iphonesimulator/OnnxRuntimeBindings.build/Objects-normal/arm64/ort_value.dia -c /Users/runner/Library/Developer/Xcode/DerivedData/ChessScanner-euukheddappmemcngwqshzhuduna/SourcePackages/checkouts/onnxruntime-swift-package-manager/objectivec/ort_value.mm -o /Users/runner/Library/Developer/Xcode/DerivedData/ChessScanner-euukheddappmemcngwqshzhuduna/Build/Intermediates.noindex/onnxruntime.build/Debug-iphonesimulator/OnnxRuntimeBindings.build/Objects-normal/arm64/ort_value.o -index-unit-output-path /onnxruntime.build/Debug-iphonesimulator/OnnxRuntimeBindings.build/Objects-normal/arm64/ort_value.o

CompileC /Users/runner/Library/Developer/Xcode/DerivedData/ChessScanner-euukheddappmemcngwqshzhuduna/Build/Intermediates.noindex/onnxruntime.build/Debug-iphonesimulator/OnnxRuntimeBindings.build/Objects-normal/arm64/ort_session.o /Users/runner/Library/Developer/Xcode/DerivedData/ChessScanner-euukheddappmemcngwqshzhuduna/SourcePackages/checkouts/onnxruntime-swift-package-manager/objectivec/ort_session.mm normal arm64 objective-c++ com.apple.compilers.llvm.clang.1_0.compiler (in target 'OnnxRuntimeBindings' from project 'onnxruntime')
    cd /Users/runner/work/chess-scanner-app/chess-scanner-app/ChessScanner.xcodeproj
    
    Using response file: /Users/runner/Library/Developer/Xcode/DerivedData/ChessScanner-euukheddappmemcngwqshzhuduna/Build/Intermediates.noindex/onnxruntime.build/Debug-iphonesimulator/OnnxRuntimeBindings.build/Objects-normal/arm64/af3fcb34312c57c0f52879cdce924b91-common-args.resp
    
    /Applications/Xcode_26.3.app/Contents/Developer/Toolchains/XcodeDefault.xctoolchain/usr/bin/clang -x objective-c++ -ivfsstatcache /Users/runner/Library/Developer/Xcode/DerivedData/SDKStatCaches.noindex/iphonesimulator26.2-23C57-dc75598d0054f22ec865fa860f139d72e244bd9a5feaf902f95f61bf06266e52.sdkstatcache -fmessage-length\=0 -fdiagnostics-show-note-include-stack -fmacro-backtrace-limit\=0 -fno-color-diagnostics -fmodules-prune-interval\=86400 -fmodules-prune-after\=345600 -fbuild-session-file\=/Users/runner/Library/Developer/Xcode/DerivedData/ModuleCache.noindex/Session.modulevalidation -fmodules-validate-once-per-build-session -Wnon-modular-include-in-framework-module -Werror\=non-modular-include-in-framework-module -Wno-trigraphs -Wno-missing-field-initializers -Wno-missing-prototypes -Wno-return-type -Wno-implicit-atomic-properties -Wno-objc-interface-ivars -Wno-arc-repeated-use-of-weak -Wno-non-virtual-dtor -Wno-overloaded-virtual -Wno-exit-time-destructors -Wno-missing-braces -Wparentheses -Wswitch -Wno-unused-function -Wno-unused-label -Wno-unused-parameter -Wno-unused-variable -Wunused-value -Wno-empty-body -Wno-uninitialized -Wno-unknown-pragmas -w -Wno-shadow -Wno-four-char-constants -Wno-conversion -Wno-constant-conversion -Wno-int-conversion -Wno-bool-conversion -Wno-enum-conversion -Wno-float-conversion -Wno-non-literal-null-conversion -Wno-objc-literal-conversion -Wshorten-64-to-32 -Wno-newline-eof -Wno-selector -Wno-strict-selector-match -Wno-undeclared-selector -Wno-deprecated-implementations -Wno-c++11-extensions -Wno-implicit-fallthrough -fstrict-aliasing -Wprotocol -Wdeprecated-declarations -Winvalid-offsetof -Wno-sign-conversion -Wno-infinite-recursion -Wno-move -Wno-comma -Wno-block-capture-autoreleasing -Wno-strict-prototypes -Wno-range-loop-analysis -Wno-semicolon-before-method-body -index-store-path /Users/runner/Library/Developer/Xcode/DerivedData/ChessScanner-euukheddappmemcngwqshzhuduna/Index.noindex/DataStore @/Users/runner/Library/Developer/Xcode/DerivedData/ChessScanner-euukheddappmemcngwqshzhuduna/Build/Intermediates.noindex/onnxruntime.build/Debug-iphonesimulator/OnnxRuntimeBindings.build/Objects-normal/arm64/af3fcb34312c57c0f52879cdce924b91-common-args.resp -MMD -MT dependencies -MF /Users/runner/Library/Developer/Xcode/DerivedData/ChessScanner-euukheddappmemcngwqshzhuduna/Build/Intermediates.noindex/onnxruntime.build/Debug-iphonesimulator/OnnxRuntimeBindings.build/Objects-normal/arm64/ort_session.d --serialize-diagnostics /Users/runner/Library/Developer/Xcode/DerivedData/ChessScanner-euukheddappmemcngwqshzhuduna/Build/Intermediates.noindex/onnxruntime.build/Debug-iphonesimulator/OnnxRuntimeBindings.build/Objects-normal/arm64/ort_session.dia -c /Users/runner/Library/Developer/Xcode/DerivedData/ChessScanner-euukheddappmemcngwqshzhuduna/SourcePackages/checkouts/onnxruntime-swift-package-manager/objectivec/ort_session.mm -o /Users/runner/Library/Developer/Xcode/DerivedData/ChessScanner-euukheddappmemcngwqshzhuduna/Build/Intermediates.noindex/onnxruntime.build/Debug-iphonesimulator/OnnxRuntimeBindings.build/Objects-normal/arm64/ort_session.o -index-unit-output-path /onnxruntime.build/Debug-iphonesimulator/OnnxRuntimeBindings.build/Objects-normal/arm64/ort_session.o

SwiftExplicitDependencyGeneratePcm arm64 /Users/runner/Library/Developer/Xcode/DerivedData/ModuleCache.noindex/_SwiftConcurrencyShims-7NBDSLMHVNMQ1VZ9HK1UK4NI.pcm

SwiftExplicitDependencyGeneratePcm arm64 /Users/runner/Library/Developer/Xcode/DerivedData/ModuleCache.noindex/_Builtin_float-DF3Y48143HAG8YIHMRXBI46TO.pcm

SwiftExplicitDependencyGeneratePcm arm64 /Users/runner/Library/Developer/Xcode/DerivedData/ModuleCache.noindex/_Builtin_stddef-8RCB65XTAU1S1A74CT2DYJQ1G.pcm

SwiftExplicitDependencyGeneratePcm arm64 /Users/runner/Library/Developer/Xcode/DerivedData/ModuleCache.noindex/ptrauth-92ERJGMWDJJ2KBBY6C7OJ7Z52.pcm

SwiftExplicitDependencyGeneratePcm arm64 /Users/runner/Library/Developer/Xcode/DerivedData/ModuleCache.noindex/SwiftShims-25V1EUAK8ECCXM18CKFW8B75S.pcm

SwiftExplicitDependencyGeneratePcm arm64 /Users/runner/Library/Developer/Xcode/DerivedData/ModuleCache.noindex/_AvailabilityInternal-EGHIYV9X95CRMCUFB8RY0A9VN.pcm

SwiftExplicitDependencyGeneratePcm arm64 /Users/runner/Library/Developer/Xcode/DerivedData/ModuleCache.noindex/_Builtin_stdarg-4ZBH5HNLUQYZ8RAHNSOFABZK4.pcm

SwiftExplicitDependencyGeneratePcm arm64 /Users/runner/Library/Developer/Xcode/DerivedData/ModuleCache.noindex/ptrcheck-B90NR90OVDO0ZFP9R9GICPT0X.pcm

SwiftExplicitDependencyGeneratePcm arm64 /Users/runner/Library/Developer/Xcode/DerivedData/ModuleCache.noindex/_Builtin_stdbool-5OSPD737TJCSHNHQLFHATQJ2L.pcm

CompileC /Users/runner/Library/Developer/Xcode/DerivedData/ChessScanner-euukheddappmemcngwqshzhuduna/Build/Intermediates.noindex/onnxruntime.build/Debug-iphonesimulator/OnnxRuntimeBindings.build/Objects-normal/arm64/ort_env.o /Users/runner/Library/Developer/Xcode/DerivedData/ChessScanner-euukheddappmemcngwqshzhuduna/SourcePackages/checkouts/onnxruntime-swift-package-manager/objectivec/ort_env.mm normal arm64 objective-c++ com.apple.compilers.llvm.clang.1_0.compiler (in target 'OnnxRuntimeBindings' from project 'onnxruntime')
    cd /Users/runner/work/chess-scanner-app/chess-scanner-app/ChessScanner.xcodeproj
    
    Using response file: /Users/runner/Library/Developer/Xcode/DerivedData/ChessScanner-euukheddappmemcngwqshzhuduna/Build/Intermediates.noindex/onnxruntime.build/Debug-iphonesimulator/OnnxRuntimeBindings.build/Objects-normal/arm64/af3fcb34312c57c0f52879cdce924b91-common-args.resp
    
    /Applications/Xcode_26.3.app/Contents/Developer/Toolchains/XcodeDefault.xctoolchain/usr/bin/clang -x objective-c++ -ivfsstatcache /Users/runner/Library/Developer/Xcode/DerivedData/SDKStatCaches.noindex/iphonesimulator26.2-23C57-dc75598d0054f22ec865fa860f139d72e244bd9a5feaf902f95f61bf06266e52.sdkstatcache -fmessage-length\=0 -fdiagnostics-show-note-include-stack -fmacro-backtrace-limit\=0 -fno-color-diagnostics -fmodules-prune-interval\=86400 -fmodules-prune-after\=345600 -fbuild-session-file\=/Users/runner/Library/Developer/Xcode/DerivedData/ModuleCache.noindex/Session.modulevalidation -fmodules-validate-once-per-build-session -Wnon-modular-include-in-framework-module -Werror\=non-modular-include-in-framework-module -Wno-trigraphs -Wno-missing-field-initializers -Wno-missing-prototypes -Wno-return-type -Wno-implicit-atomic-properties -Wno-objc-interface-ivars -Wno-arc-repeated-use-of-weak -Wno-non-virtual-dtor -Wno-overloaded-virtual -Wno-exit-time-destructors -Wno-missing-braces -Wparentheses -Wswitch -Wno-unused-function -Wno-unused-label -Wno-unused-parameter -Wno-unused-variable -Wunused-value -Wno-empty-body -Wno-uninitialized -Wno-unknown-pragmas -w -Wno-shadow -Wno-four-char-constants -Wno-conversion -Wno-constant-conversion -Wno-int-conversion -Wno-bool-conversion -Wno-enum-conversion -Wno-float-conversion -Wno-non-literal-null-conversion -Wno-objc-literal-conversion -Wshorten-64-to-32 -Wno-newline-eof -Wno-selector -Wno-strict-selector-match -Wno-undeclared-selector -Wno-deprecated-implementations -Wno-c++11-extensions -Wno-implicit-fallthrough -fstrict-aliasing -Wprotocol -Wdeprecated-declarations -Winvalid-offsetof -Wno-sign-conversion -Wno-infinite-recursion -Wno-move -Wno-comma -Wno-block-capture-autoreleasing -Wno-strict-prototypes -Wno-range-loop-analysis -Wno-semicolon-before-method-body -index-store-path /Users/runner/Library/Developer/Xcode/DerivedData/ChessScanner-euukheddappmemcngwqshzhuduna/Index.noindex/DataStore @/Users/runner/Library/Developer/Xcode/DerivedData/ChessScanner-euukheddappmemcngwqshzhuduna/Build/Intermediates.noindex/onnxruntime.build/Debug-iphonesimulator/OnnxRuntimeBindings.build/Objects-normal/arm64/af3fcb34312c57c0f52879cdce924b91-common-args.resp -MMD -MT dependencies -MF /Users/runner/Library/Developer/Xcode/DerivedData/ChessScanner-euukheddappmemcngwqshzhuduna/Build/Intermediates.noindex/onnxruntime.build/Debug-iphonesimulator/OnnxRuntimeBindings.build/Objects-normal/arm64/ort_env.d --serialize-diagnostics /Users/runner/Library/Developer/Xcode/DerivedData/ChessScanner-euukheddappmemcngwqshzhuduna/Build/Intermediates.noindex/onnxruntime.build/Debug-iphonesimulator/OnnxRuntimeBindings.build/Objects-normal/arm64/ort_env.dia -c /Users/runner/Library/Developer/Xcode/DerivedData/ChessScanner-euukheddappmemcngwqshzhuduna/SourcePackages/checkouts/onnxruntime-swift-package-manager/objectivec/ort_env.mm -o /Users/runner/Library/Developer/Xcode/DerivedData/ChessScanner-euukheddappmemcngwqshzhuduna/Build/Intermediates.noindex/onnxruntime.build/Debug-iphonesimulator/OnnxRuntimeBindings.build/Objects-normal/arm64/ort_env.o -index-unit-output-path /onnxruntime.build/Debug-iphonesimulator/OnnxRuntimeBindings.build/Objects-normal/arm64/ort_env.o

SwiftExplicitDependencyGeneratePcm arm64 /Users/runner/Library/Developer/Xcode/DerivedData/ModuleCache.noindex/_DarwinFoundation1-6L1Z1VKIEYLNNCLXXH6SH5QQK.pcm

CompileC /Users/runner/Library/Developer/Xcode/DerivedData/ChessScanner-euukheddappmemcngwqshzhuduna/Build/Intermediates.noindex/onnxruntime.build/Debug-iphonesimulator/OnnxRuntimeBindings.build/Objects-normal/arm64/ort_enums.o /Users/runner/Library/Developer/Xcode/DerivedData/ChessScanner-euukheddappmemcngwqshzhuduna/SourcePackages/checkouts/onnxruntime-swift-package-manager/objectivec/ort_enums.mm normal arm64 objective-c++ com.apple.compilers.llvm.clang.1_0.compiler (in target 'OnnxRuntimeBindings' from project 'onnxruntime')
    cd /Users/runner/work/chess-scanner-app/chess-scanner-app/ChessScanner.xcodeproj
    
    Using response file: /Users/runner/Library/Developer/Xcode/DerivedData/ChessScanner-euukheddappmemcngwqshzhuduna/Build/Intermediates.noindex/onnxruntime.build/Debug-iphonesimulator/OnnxRuntimeBindings.build/Objects-normal/arm64/af3fcb34312c57c0f52879cdce924b91-common-args.resp
    
    /Applications/Xcode_26.3.app/Contents/Developer/Toolchains/XcodeDefault.xctoolchain/usr/bin/clang -x objective-c++ -ivfsstatcache /Users/runner/Library/Developer/Xcode/DerivedData/SDKStatCaches.noindex/iphonesimulator26.2-23C57-dc75598d0054f22ec865fa860f139d72e244bd9a5feaf902f95f61bf06266e52.sdkstatcache -fmessage-length\=0 -fdiagnostics-show-note-include-stack -fmacro-backtrace-limit\=0 -fno-color-diagnostics -fmodules-prune-interval\=86400 -fmodules-prune-after\=345600 -fbuild-session-file\=/Users/runner/Library/Developer/Xcode/DerivedData/ModuleCache.noindex/Session.modulevalidation -fmodules-validate-once-per-build-session -Wnon-modular-include-in-framework-module -Werror\=non-modular-include-in-framework-module -Wno-trigraphs -Wno-missing-field-initializers -Wno-missing-prototypes -Wno-return-type -Wno-implicit-atomic-properties -Wno-objc-interface-ivars -Wno-arc-repeated-use-of-weak -Wno-non-virtual-dtor -Wno-overloaded-virtual -Wno-exit-time-destructors -Wno-missing-braces -Wparentheses -Wswitch -Wno-unused-function -Wno-unused-label -Wno-unused-parameter -Wno-unused-variable -Wunused-value -Wno-empty-body -Wno-uninitialized -Wno-unknown-pragmas -w -Wno-shadow -Wno-four-char-constants -Wno-conversion -Wno-constant-conversion -Wno-int-conversion -Wno-bool-conversion -Wno-enum-conversion -Wno-float-conversion -Wno-non-literal-null-conversion -Wno-objc-literal-conversion -Wshorten-64-to-32 -Wno-newline-eof -Wno-selector -Wno-strict-selector-match -Wno-undeclared-selector -Wno-deprecated-implementations -Wno-c++11-extensions -Wno-implicit-fallthrough -fstrict-aliasing -Wprotocol -Wdeprecated-declarations -Winvalid-offsetof -Wno-sign-conversion -Wno-infinite-recursion -Wno-move -Wno-comma -Wno-block-capture-autoreleasing -Wno-strict-prototypes -Wno-range-loop-analysis -Wno-semicolon-before-method-body -index-store-path /Users/runner/Library/Developer/Xcode/DerivedData/ChessScanner-euukheddappmemcngwqshzhuduna/Index.noindex/DataStore @/Users/runner/Library/Developer/Xcode/DerivedData/ChessScanner-euukheddappmemcngwqshzhuduna/Build/Intermediates.noindex/onnxruntime.build/Debug-iphonesimulator/OnnxRuntimeBindings.build/Objects-normal/arm64/af3fcb34312c57c0f52879cdce924b91-common-args.resp -MMD -MT dependencies -MF /Users/runner/Library/Developer/Xcode/DerivedData/ChessScanner-euukheddappmemcngwqshzhuduna/Build/Intermediates.noindex/onnxruntime.build/Debug-iphonesimulator/OnnxRuntimeBindings.build/Objects-normal/arm64/ort_enums.d --serialize-diagnostics /Users/runner/Library/Developer/Xcode/DerivedData/ChessScanner-euukheddappmemcngwqshzhuduna/Build/Intermediates.noindex/onnxruntime.build/Debug-iphonesimulator/OnnxRuntimeBindings.build/Objects-normal/arm64/ort_enums.dia -c /Users/runner/Library/Developer/Xcode/DerivedData/ChessScanner-euukheddappmemcngwqshzhuduna/SourcePackages/checkouts/onnxruntime-swift-package-manager/objectivec/ort_enums.mm -o /Users/runner/Library/Developer/Xcode/DerivedData/ChessScanner-euukheddappmemcngwqshzhuduna/Build/Intermediates.noindex/onnxruntime.build/Debug-iphonesimulator/OnnxRuntimeBindings.build/Objects-normal/arm64/ort_enums.o -index-unit-output-path /onnxruntime.build/Debug-iphonesimulator/OnnxRuntimeBindings.build/Objects-normal/arm64/ort_enums.o

CompileC /Users/runner/Library/Developer/Xcode/DerivedData/ChessScanner-euukheddappmemcngwqshzhuduna/Build/Intermediates.noindex/onnxruntime.build/Debug-iphonesimulator/OnnxRuntimeBindings.build/Objects-normal/arm64/ort_coreml_execution_provider.o /Users/runner/Library/Developer/Xcode/DerivedData/ChessScanner-euukheddappmemcngwqshzhuduna/SourcePackages/checkouts/onnxruntime-swift-package-manager/objectivec/ort_coreml_execution_provider.mm normal arm64 objective-c++ com.apple.compilers.llvm.clang.1_0.compiler (in target 'OnnxRuntimeBindings' from project 'onnxruntime')
    cd /Users/runner/work/chess-scanner-app/chess-scanner-app/ChessScanner.xcodeproj
    
    Using response file: /Users/runner/Library/Developer/Xcode/DerivedData/ChessScanner-euukheddappmemcngwqshzhuduna/Build/Intermediates.noindex/onnxruntime.build/Debug-iphonesimulator/OnnxRuntimeBindings.build/Objects-normal/arm64/af3fcb34312c57c0f52879cdce924b91-common-args.resp
    
    /Applications/Xcode_26.3.app/Contents/Developer/Toolchains/XcodeDefault.xctoolchain/usr/bin/clang -x objective-c++ -ivfsstatcache /Users/runner/Library/Developer/Xcode/DerivedData/SDKStatCaches.noindex/iphonesimulator26.2-23C57-dc75598d0054f22ec865fa860f139d72e244bd9a5feaf902f95f61bf06266e52.sdkstatcache -fmessage-length\=0 -fdiagnostics-show-note-include-stack -fmacro-backtrace-limit\=0 -fno-color-diagnostics -fmodules-prune-interval\=86400 -fmodules-prune-after\=345600 -fbuild-session-file\=/Users/runner/Library/Developer/Xcode/DerivedData/ModuleCache.noindex/Session.modulevalidation -fmodules-validate-once-per-build-session -Wnon-modular-include-in-framework-module -Werror\=non-modular-include-in-framework-module -Wno-trigraphs -Wno-missing-field-initializers -Wno-missing-prototypes -Wno-return-type -Wno-implicit-atomic-properties -Wno-objc-interface-ivars -Wno-arc-repeated-use-of-weak -Wno-non-virtual-dtor -Wno-overloaded-virtual -Wno-exit-time-destructors -Wno-missing-braces -Wparentheses -Wswitch -Wno-unused-function -Wno-unused-label -Wno-unused-parameter -Wno-unused-variable -Wunused-value -Wno-empty-body -Wno-uninitialized -Wno-unknown-pragmas -w -Wno-shadow -Wno-four-char-constants -Wno-conversion -Wno-constant-conversion -Wno-int-conversion -Wno-bool-conversion -Wno-enum-conversion -Wno-float-conversion -Wno-non-literal-null-conversion -Wno-objc-literal-conversion -Wshorten-64-to-32 -Wno-newline-eof -Wno-selector -Wno-strict-selector-match -Wno-undeclared-selector -Wno-deprecated-implementations -Wno-c++11-extensions -Wno-implicit-fallthrough -fstrict-aliasing -Wprotocol -Wdeprecated-declarations -Winvalid-offsetof -Wno-sign-conversion -Wno-infinite-recursion -Wno-move -Wno-comma -Wno-block-capture-autoreleasing -Wno-strict-prototypes -Wno-range-loop-analysis -Wno-semicolon-before-method-body -index-store-path /Users/runner/Library/Developer/Xcode/DerivedData/ChessScanner-euukheddappmemcngwqshzhuduna/Index.noindex/DataStore @/Users/runner/Library/Developer/Xcode/DerivedData/ChessScanner-euukheddappmemcngwqshzhuduna/Build/Intermediates.noindex/onnxruntime.build/Debug-iphonesimulator/OnnxRuntimeBindings.build/Objects-normal/arm64/af3fcb34312c57c0f52879cdce924b91-common-args.resp -MMD -MT dependencies -MF /Users/runner/Library/Developer/Xcode/DerivedData/ChessScanner-euukheddappmemcngwqshzhuduna/Build/Intermediates.noindex/onnxruntime.build/Debug-iphonesimulator/OnnxRuntimeBindings.build/Objects-normal/arm64/ort_coreml_execution_provider.d --serialize-diagnostics /Users/runner/Library/Developer/Xcode/DerivedData/ChessScanner-euukheddappmemcngwqshzhuduna/Build/Intermediates.noindex/onnxruntime.build/Debug-iphonesimulator/OnnxRuntimeBindings.build/Objects-normal/arm64/ort_coreml_execution_provider.dia -c /Users/runner/Library/Developer/Xcode/DerivedData/ChessScanner-euukheddappmemcngwqshzhuduna/SourcePackages/checkouts/onnxruntime-swift-package-manager/objectivec/ort_coreml_execution_provider.mm -o /Users/runner/Library/Developer/Xcode/DerivedData/ChessScanner-euukheddappmemcngwqshzhuduna/Build/Intermediates.noindex/onnxruntime.build/Debug-iphonesimulator/OnnxRuntimeBindings.build/Objects-normal/arm64/ort_coreml_execution_provider.o -index-unit-output-path /onnxruntime.build/Debug-iphonesimulator/OnnxRuntimeBindings.build/Objects-normal/arm64/ort_coreml_execution_provider.o

SwiftExplicitDependencyGeneratePcm arm64 /Users/runner/Library/Developer/Xcode/DerivedData/ModuleCache.noindex/_DarwinFoundation2-A2VGC8733HZJWJYF5Z3J1NVC6.pcm

SwiftExplicitDependencyGeneratePcm arm64 /Users/runner/Library/Developer/Xcode/DerivedData/ModuleCache.noindex/_Builtin_limits-60YFUMIXP9ASL1IUZ31S8DXJS.pcm

CompileC /Users/runner/Library/Developer/Xcode/DerivedData/ChessScanner-euukheddappmemcngwqshzhuduna/Build/Intermediates.noindex/onnxruntime.build/Debug-iphonesimulator/OnnxRuntimeBindings.build/Objects-normal/arm64/error_utils.o /Users/runner/Library/Developer/Xcode/DerivedData/ChessScanner-euukheddappmemcngwqshzhuduna/SourcePackages/checkouts/onnxruntime-swift-package-manager/objectivec/error_utils.mm normal arm64 objective-c++ com.apple.compilers.llvm.clang.1_0.compiler (in target 'OnnxRuntimeBindings' from project 'onnxruntime')
    cd /Users/runner/work/chess-scanner-app/chess-scanner-app/ChessScanner.xcodeproj
    
    Using response file: /Users/runner/Library/Developer/Xcode/DerivedData/ChessScanner-euukheddappmemcngwqshzhuduna/Build/Intermediates.noindex/onnxruntime.build/Debug-iphonesimulator/OnnxRuntimeBindings.build/Objects-normal/arm64/af3fcb34312c57c0f52879cdce924b91-common-args.resp
    
    /Applications/Xcode_26.3.app/Contents/Developer/Toolchains/XcodeDefault.xctoolchain/usr/bin/clang -x objective-c++ -ivfsstatcache /Users/runner/Library/Developer/Xcode/DerivedData/SDKStatCaches.noindex/iphonesimulator26.2-23C57-dc75598d0054f22ec865fa860f139d72e244bd9a5feaf902f95f61bf06266e52.sdkstatcache -fmessage-length\=0 -fdiagnostics-show-note-include-stack -fmacro-backtrace-limit\=0 -fno-color-diagnostics -fmodules-prune-interval\=86400 -fmodules-prune-after\=345600 -fbuild-session-file\=/Users/runner/Library/Developer/Xcode/DerivedData/ModuleCache.noindex/Session.modulevalidation -fmodules-validate-once-per-build-session -Wnon-modular-include-in-framework-module -Werror\=non-modular-include-in-framework-module -Wno-trigraphs -Wno-missing-field-initializers -Wno-missing-prototypes -Wno-return-type -Wno-implicit-atomic-properties -Wno-objc-interface-ivars -Wno-arc-repeated-use-of-weak -Wno-non-virtual-dtor -Wno-overloaded-virtual -Wno-exit-time-destructors -Wno-missing-braces -Wparentheses -Wswitch -Wno-unused-function -Wno-unused-label -Wno-unused-parameter -Wno-unused-variable -Wunused-value -Wno-empty-body -Wno-uninitialized -Wno-unknown-pragmas -w -Wno-shadow -Wno-four-char-constants -Wno-conversion -Wno-constant-conversion -Wno-int-conversion -Wno-bool-conversion -Wno-enum-conversion -Wno-float-conversion -Wno-non-literal-null-conversion -Wno-objc-literal-conversion -Wshorten-64-to-32 -Wno-newline-eof -Wno-selector -Wno-strict-selector-match -Wno-undeclared-selector -Wno-deprecated-implementations -Wno-c++11-extensions -Wno-implicit-fallthrough -fstrict-aliasing -Wprotocol -Wdeprecated-declarations -Winvalid-offsetof -Wno-sign-conversion -Wno-infinite-recursion -Wno-move -Wno-comma -Wno-block-capture-autoreleasing -Wno-strict-prototypes -Wno-range-loop-analysis -Wno-semicolon-before-method-body -index-store-path /Users/runner/Library/Developer/Xcode/DerivedData/ChessScanner-euukheddappmemcngwqshzhuduna/Index.noindex/DataStore @/Users/runner/Library/Developer/Xcode/DerivedData/ChessScanner-euukheddappmemcngwqshzhuduna/Build/Intermediates.noindex/onnxruntime.build/Debug-iphonesimulator/OnnxRuntimeBindings.build/Objects-normal/arm64/af3fcb34312c57c0f52879cdce924b91-common-args.resp -MMD -MT dependencies -MF /Users/runner/Library/Developer/Xcode/DerivedData/ChessScanner-euukheddappmemcngwqshzhuduna/Build/Intermediates.noindex/onnxruntime.build/Debug-iphonesimulator/OnnxRuntimeBindings.build/Objects-normal/arm64/error_utils.d --serialize-diagnostics /Users/runner/Library/Developer/Xcode/DerivedData/ChessScanner-euukheddappmemcngwqshzhuduna/Build/Intermediates.noindex/onnxruntime.build/Debug-iphonesimulator/OnnxRuntimeBindings.build/Objects-normal/arm64/error_utils.dia -c /Users/runner/Library/Developer/Xcode/DerivedData/ChessScanner-euukheddappmemcngwqshzhuduna/SourcePackages/checkouts/onnxruntime-swift-package-manager/objectivec/error_utils.mm -o /Users/runner/Library/Developer/Xcode/DerivedData/ChessScanner-euukheddappmemcngwqshzhuduna/Build/Intermediates.noindex/onnxruntime.build/Debug-iphonesimulator/OnnxRuntimeBindings.build/Objects-normal/arm64/error_utils.o -index-unit-output-path /onnxruntime.build/Debug-iphonesimulator/OnnxRuntimeBindings.build/Objects-normal/arm64/error_utils.o

CompileC /Users/runner/Library/Developer/Xcode/DerivedData/ChessScanner-euukheddappmemcngwqshzhuduna/Build/Intermediates.noindex/onnxruntime.build/Debug-iphonesimulator/OnnxRuntimeBindings.build/Objects-normal/arm64/cxx_utils.o /Users/runner/Library/Developer/Xcode/DerivedData/ChessScanner-euukheddappmemcngwqshzhuduna/SourcePackages/checkouts/onnxruntime-swift-package-manager/objectivec/cxx_utils.mm normal arm64 objective-c++ com.apple.compilers.llvm.clang.1_0.compiler (in target 'OnnxRuntimeBindings' from project 'onnxruntime')
    cd /Users/runner/work/chess-scanner-app/chess-scanner-app/ChessScanner.xcodeproj
    
    Using response file: /Users/runner/Library/Developer/Xcode/DerivedData/ChessScanner-euukheddappmemcngwqshzhuduna/Build/Intermediates.noindex/onnxruntime.build/Debug-iphonesimulator/OnnxRuntimeBindings.build/Objects-normal/arm64/af3fcb34312c57c0f52879cdce924b91-common-args.resp
    
    /Applications/Xcode_26.3.app/Contents/Developer/Toolchains/XcodeDefault.xctoolchain/usr/bin/clang -x objective-c++ -ivfsstatcache /Users/runner/Library/Developer/Xcode/DerivedData/SDKStatCaches.noindex/iphonesimulator26.2-23C57-dc75598d0054f22ec865fa860f139d72e244bd9a5feaf902f95f61bf06266e52.sdkstatcache -fmessage-length\=0 -fdiagnostics-show-note-include-stack -fmacro-backtrace-limit\=0 -fno-color-diagnostics -fmodules-prune-interval\=86400 -fmodules-prune-after\=345600 -fbuild-session-file\=/Users/runner/Library/Developer/Xcode/DerivedData/ModuleCache.noindex/Session.modulevalidation -fmodules-validate-once-per-build-session -Wnon-modular-include-in-framework-module -Werror\=non-modular-include-in-framework-module -Wno-trigraphs -Wno-missing-field-initializers -Wno-missing-prototypes -Wno-return-type -Wno-implicit-atomic-properties -Wno-objc-interface-ivars -Wno-arc-repeated-use-of-weak -Wno-non-virtual-dtor -Wno-overloaded-virtual -Wno-exit-time-destructors -Wno-missing-braces -Wparentheses -Wswitch -Wno-unused-function -Wno-unused-label -Wno-unused-parameter -Wno-unused-variable -Wunused-value -Wno-empty-body -Wno-uninitialized -Wno-unknown-pragmas -w -Wno-shadow -Wno-four-char-constants -Wno-conversion -Wno-constant-conversion -Wno-int-conversion -Wno-bool-conversion -Wno-enum-conversion -Wno-float-conversion -Wno-non-literal-null-conversion -Wno-objc-literal-conversion -Wshorten-64-to-32 -Wno-newline-eof -Wno-selector -Wno-strict-selector-match -Wno-undeclared-selector -Wno-deprecated-implementations -Wno-c++11-extensions -Wno-implicit-fallthrough -fstrict-aliasing -Wprotocol -Wdeprecated-declarations -Winvalid-offsetof -Wno-sign-conversion -Wno-infinite-recursion -Wno-move -Wno-comma -Wno-block-capture-autoreleasing -Wno-strict-prototypes -Wno-range-loop-analysis -Wno-semicolon-before-method-body -index-store-path /Users/runner/Library/Developer/Xcode/DerivedData/ChessScanner-euukheddappmemcngwqshzhuduna/Index.noindex/DataStore @/Users/runner/Library/Developer/Xcode/DerivedData/ChessScanner-euukheddappmemcngwqshzhuduna/Build/Intermediates.noindex/onnxruntime.build/Debug-iphonesimulator/OnnxRuntimeBindings.build/Objects-normal/arm64/af3fcb34312c57c0f52879cdce924b91-common-args.resp -MMD -MT dependencies -MF /Users/runner/Library/Developer/Xcode/DerivedData/ChessScanner-euukheddappmemcngwqshzhuduna/Build/Intermediates.noindex/onnxruntime.build/Debug-iphonesimulator/OnnxRuntimeBindings.build/Objects-normal/arm64/cxx_utils.d --serialize-diagnostics /Users/runner/Library/Developer/Xcode/DerivedData/ChessScanner-euukheddappmemcngwqshzhuduna/Build/Intermediates.noindex/onnxruntime.build/Debug-iphonesimulator/OnnxRuntimeBindings.build/Objects-normal/arm64/cxx_utils.dia -c /Users/runner/Library/Developer/Xcode/DerivedData/ChessScanner-euukheddappmemcngwqshzhuduna/SourcePackages/checkouts/onnxruntime-swift-package-manager/objectivec/cxx_utils.mm -o /Users/runner/Library/Developer/Xcode/DerivedData/ChessScanner-euukheddappmemcngwqshzhuduna/Build/Intermediates.noindex/onnxruntime.build/Debug-iphonesimulator/OnnxRuntimeBindings.build/Objects-normal/arm64/cxx_utils.o -index-unit-output-path /onnxruntime.build/Debug-iphonesimulator/OnnxRuntimeBindings.build/Objects-normal/arm64/cxx_utils.o

CompileC /Users/runner/Library/Developer/Xcode/DerivedData/ChessScanner-euukheddappmemcngwqshzhuduna/Build/Intermediates.noindex/onnxruntime.build/Debug-iphonesimulator/OnnxRuntimeBindings.build/Objects-normal/arm64/assert_arc_enabled.o /Users/runner/Library/Developer/Xcode/DerivedData/ChessScanner-euukheddappmemcngwqshzhuduna/SourcePackages/checkouts/onnxruntime-swift-package-manager/objectivec/assert_arc_enabled.mm normal arm64 objective-c++ com.apple.compilers.llvm.clang.1_0.compiler (in target 'OnnxRuntimeBindings' from project 'onnxruntime')
    cd /Users/runner/work/chess-scanner-app/chess-scanner-app/ChessScanner.xcodeproj
    
    Using response file: /Users/runner/Library/Developer/Xcode/DerivedData/ChessScanner-euukheddappmemcngwqshzhuduna/Build/Intermediates.noindex/onnxruntime.build/Debug-iphonesimulator/OnnxRuntimeBindings.build/Objects-normal/arm64/af3fcb34312c57c0f52879cdce924b91-common-args.resp
    
    /Applications/Xcode_26.3.app/Contents/Developer/Toolchains/XcodeDefault.xctoolchain/usr/bin/clang -x objective-c++ -ivfsstatcache /Users/runner/Library/Developer/Xcode/DerivedData/SDKStatCaches.noindex/iphonesimulator26.2-23C57-dc75598d0054f22ec865fa860f139d72e244bd9a5feaf902f95f61bf06266e52.sdkstatcache -fmessage-length\=0 -fdiagnostics-show-note-include-stack -fmacro-backtrace-limit\=0 -fno-color-diagnostics -fmodules-prune-interval\=86400 -fmodules-prune-after\=345600 -fbuild-session-file\=/Users/runner/Library/Developer/Xcode/DerivedData/ModuleCache.noindex/Session.modulevalidation -fmodules-validate-once-per-build-session -Wnon-modular-include-in-framework-module -Werror\=non-modular-include-in-framework-module -Wno-trigraphs -Wno-missing-field-initializers -Wno-missing-prototypes -Wno-return-type -Wno-implicit-atomic-properties -Wno-objc-interface-ivars -Wno-arc-repeated-use-of-weak -Wno-non-virtual-dtor -Wno-overloaded-virtual -Wno-exit-time-destructors -Wno-missing-braces -Wparentheses -Wswitch -Wno-unused-function -Wno-unused-label -Wno-unused-parameter -Wno-unused-variable -Wunused-value -Wno-empty-body -Wno-uninitialized -Wno-unknown-pragmas -w -Wno-shadow -Wno-four-char-constants -Wno-conversion -Wno-constant-conversion -Wno-int-conversion -Wno-bool-conversion -Wno-enum-conversion -Wno-float-conversion -Wno-non-literal-null-conversion -Wno-objc-literal-conversion -Wshorten-64-to-32 -Wno-newline-eof -Wno-selector -Wno-strict-selector-match -Wno-undeclared-selector -Wno-deprecated-implementations -Wno-c++11-extensions -Wno-implicit-fallthrough -fstrict-aliasing -Wprotocol -Wdeprecated-declarations -Winvalid-offsetof -Wno-sign-conversion -Wno-infinite-recursion -Wno-move -Wno-comma -Wno-block-capture-autoreleasing -Wno-strict-prototypes -Wno-range-loop-analysis -Wno-semicolon-before-method-body -index-store-path /Users/runner/Library/Developer/Xcode/DerivedData/ChessScanner-euukheddappmemcngwqshzhuduna/Index.noindex/DataStore @/Users/runner/Library/Developer/Xcode/DerivedData/ChessScanner-euukheddappmemcngwqshzhuduna/Build/Intermediates.noindex/onnxruntime.build/Debug-iphonesimulator/OnnxRuntimeBindings.build/Objects-normal/arm64/af3fcb34312c57c0f52879cdce924b91-common-args.resp -MMD -MT dependencies -MF /Users/runner/Library/Developer/Xcode/DerivedData/ChessScanner-euukheddappmemcngwqshzhuduna/Build/Intermediates.noindex/onnxruntime.build/Debug-iphonesimulator/OnnxRuntimeBindings.build/Objects-normal/arm64/assert_arc_enabled.d --serialize-diagnostics /Users/runner/Library/Developer/Xcode/DerivedData/ChessScanner-euukheddappmemcngwqshzhuduna/Build/Intermediates.noindex/onnxruntime.build/Debug-iphonesimulator/OnnxRuntimeBindings.build/Objects-normal/arm64/assert_arc_enabled.dia -c /Users/runner/Library/Developer/Xcode/DerivedData/ChessScanner-euukheddappmemcngwqshzhuduna/SourcePackages/checkouts/onnxruntime-swift-package-manager/objectivec/assert_arc_enabled.mm -o /Users/runner/Library/Developer/Xcode/DerivedData/ChessScanner-euukheddappmemcngwqshzhuduna/Build/Intermediates.noindex/onnxruntime.build/Debug-iphonesimulator/OnnxRuntimeBindings.build/Objects-normal/arm64/assert_arc_enabled.o -index-unit-output-path /onnxruntime.build/Debug-iphonesimulator/OnnxRuntimeBindings.build/Objects-normal/arm64/assert_arc_enabled.o

SwiftExplicitDependencyGeneratePcm arm64 /Users/runner/Library/Developer/Xcode/DerivedData/ModuleCache.noindex/sys_types-1ZLIRYCEA6B88AGLT78TLE55V.pcm

SwiftExplicitDependencyGeneratePcm arm64 /Users/runner/Library/Developer/Xcode/DerivedData/ModuleCache.noindex/_Builtin_stdint-ARJ0SDRXWODD67EI3HX1MVB41.pcm

CompileC /Users/runner/Library/Developer/Xcode/DerivedData/ChessScanner-euukheddappmemcngwqshzhuduna/Build/Intermediates.noindex/ChessKitEngine.build/Debug-iphonesimulator/ChessKitEngineCore.build/Objects-normal/arm64/winograd_filter.o /Users/runner/Library/Developer/Xcode/DerivedData/ChessScanner-euukheddappmemcngwqshzhuduna/SourcePackages/checkouts/chesskit-engine/Sources/ChessKitEngineCore/Engines/lc0/src/neural/shared/winograd_filter.cc normal arm64 c++ com.apple.compilers.llvm.clang.1_0.compiler (in target 'ChessKitEngineCore' from project 'ChessKitEngine')
    cd /Users/runner/work/chess-scanner-app/chess-scanner-app/ChessScanner.xcodeproj
    
    Using response file: /Users/runner/Library/Developer/Xcode/DerivedData/ChessScanner-euukheddappmemcngwqshzhuduna/Build/Intermediates.noindex/ChessKitEngine.build/Debug-iphonesimulator/ChessKitEngineCore.build/Objects-normal/arm64/82b82416624d2658e5098eb0a28c15c5-common-args.resp
    
    /Applications/Xcode_26.3.app/Contents/Developer/Toolchains/XcodeDefault.xctoolchain/usr/bin/clang -x c++ -ivfsstatcache /Users/runner/Library/Developer/Xcode/DerivedData/SDKStatCaches.noindex/iphonesimulator26.2-23C57-dc75598d0054f22ec865fa860f139d72e244bd9a5feaf902f95f61bf06266e52.sdkstatcache -fmessage-length\=0 -fdiagnostics-show-note-include-stack -fmacro-backtrace-limit\=0 -fno-color-diagnostics -fmodules-prune-interval\=86400 -fmodules-prune-after\=345600 -fbuild-session-file\=/Users/runner/Library/Developer/Xcode/DerivedData/ModuleCache.noindex/Session.modulevalidation -fmodules-validate-once-per-build-session -Wnon-modular-include-in-framework-module -Werror\=non-modular-include-in-framework-module -Wno-trigraphs -Wno-missing-field-initializers -Wno-missing-prototypes -Wno-return-type -Wno-non-virtual-dtor -Wno-overloaded-virtual -Wno-exit-time-destructors -Wno-missing-braces -Wparentheses -Wswitch -Wno-unused-function -Wno-unused-label -Wno-unused-parameter -Wno-unused-variable -Wunused-value -Wno-empty-body -Wno-uninitialized -Wno-unknown-pragmas -w -Wno-shadow -Wno-four-char-constants -Wno-conversion -Wno-constant-conversion -Wno-int-conversion -Wno-bool-conversion -Wno-enum-conversion -Wno-float-conversion -Wno-non-literal-null-conversion -Wno-objc-literal-conversion -Wshorten-64-to-32 -Wno-newline-eof -Wno-c++11-extensions -Wno-implicit-fallthrough -fstrict-aliasing -Wdeprecated-declarations -Winvalid-offsetof -Wno-sign-conversion -Wno-infinite-recursion -Wno-move -Wno-comma -Wno-block-capture-autoreleasing -Wno-strict-prototypes -Wno-range-loop-analysis -Wno-semicolon-before-method-body -index-store-path /Users/runner/Library/Developer/Xcode/DerivedData/ChessScanner-euukheddappmemcngwqshzhuduna/Index.noindex/DataStore @/Users/runner/Library/Developer/Xcode/DerivedData/ChessScanner-euukheddappmemcngwqshzhuduna/Build/Intermediates.noindex/ChessKitEngine.build/Debug-iphonesimulator/ChessKitEngineCore.build/Objects-normal/arm64/82b82416624d2658e5098eb0a28c15c5-common-args.resp -MMD -MT dependencies -MF /Users/runner/Library/Developer/Xcode/DerivedData/ChessScanner-euukheddappmemcngwqshzhuduna/Build/Intermediates.noindex/ChessKitEngine.build/Debug-iphonesimulator/ChessKitEngineCore.build/Objects-normal/arm64/winograd_filter.d --serialize-diagnostics /Users/runner/Library/Developer/Xcode/DerivedData/ChessScanner-euukheddappmemcngwqshzhuduna/Build/Intermediates.noindex/ChessKitEngine.build/Debug-iphonesimulator/ChessKitEngineCore.build/Objects-normal/arm64/winograd_filter.dia -c /Users/runner/Library/Developer/Xcode/DerivedData/ChessScanner-euukheddappmemcngwqshzhuduna/SourcePackages/checkouts/chesskit-engine/Sources/ChessKitEngineCore/Engines/lc0/src/neural/shared/winograd_filter.cc -o /Users/runner/Library/Developer/Xcode/DerivedData/ChessScanner-euukheddappmemcngwqshzhuduna/Build/Intermediates.noindex/ChessKitEngine.build/Debug-iphonesimulator/ChessKitEngineCore.build/Objects-normal/arm64/winograd_filter.o -index-unit-output-path /ChessKitEngine.build/Debug-iphonesimulator/ChessKitEngineCore.build/Objects-normal/arm64/winograd_filter.o

SwiftExplicitDependencyGeneratePcm arm64 /Users/runner/Library/Developer/Xcode/DerivedData/ModuleCache.noindex/_DarwinFoundation3-8UGAPPE0UO1D1DK4YP5360EGU.pcm

CompileC /Users/runner/Library/Developer/Xcode/DerivedData/ChessScanner-euukheddappmemcngwqshzhuduna/Build/Intermediates.noindex/ChessKitEngine.build/Debug-iphonesimulator/ChessKitEngineCore.build/Objects-normal/arm64/winograd_convolution3.o /Users/runner/Library/Developer/Xcode/DerivedData/ChessScanner-euukheddappmemcngwqshzhuduna/SourcePackages/checkouts/chesskit-engine/Sources/ChessKitEngineCore/Engines/lc0/src/neural/blas/winograd_convolution3.cc normal arm64 c++ com.apple.compilers.llvm.clang.1_0.compiler (in target 'ChessKitEngineCore' from project 'ChessKitEngine')
    cd /Users/runner/work/chess-scanner-app/chess-scanner-app/ChessScanner.xcodeproj
    
    Using response file: /Users/runner/Library/Developer/Xcode/DerivedData/ChessScanner-euukheddappmemcngwqshzhuduna/Build/Intermediates.noindex/ChessKitEngine.build/Debug-iphonesimulator/ChessKitEngineCore.build/Objects-normal/arm64/82b82416624d2658e5098eb0a28c15c5-common-args.resp
    
    /Applications/Xcode_26.3.app/Contents/Developer/Toolchains/XcodeDefault.xctoolchain/usr/bin/clang -x c++ -ivfsstatcache /Users/runner/Library/Developer/Xcode/DerivedData/SDKStatCaches.noindex/iphonesimulator26.2-23C57-dc75598d0054f22ec865fa860f139d72e244bd9a5feaf902f95f61bf06266e52.sdkstatcache -fmessage-length\=0 -fdiagnostics-show-note-include-stack -fmacro-backtrace-limit\=0 -fno-color-diagnostics -fmodules-prune-interval\=86400 -fmodules-prune-after\=345600 -fbuild-session-file\=/Users/runner/Library/Developer/Xcode/DerivedData/ModuleCache.noindex/Session.modulevalidation -fmodules-validate-once-per-build-session -Wnon-modular-include-in-framework-module -Werror\=non-modular-include-in-framework-module -Wno-trigraphs -Wno-missing-field-initializers -Wno-missing-prototypes -Wno-return-type -Wno-non-virtual-dtor -Wno-overloaded-virtual -Wno-exit-time-destructors -Wno-missing-braces -Wparentheses -Wswitch -Wno-unused-function -Wno-unused-label -Wno-unused-parameter -Wno-unused-variable -Wunused-value -Wno-empty-body -Wno-uninitialized -Wno-unknown-pragmas -w -Wno-shadow -Wno-four-char-constants -Wno-conversion -Wno-constant-conversion -Wno-int-conversion -Wno-bool-conversion -Wno-enum-conversion -Wno-float-conversion -Wno-non-literal-null-conversion -Wno-objc-literal-conversion -Wshorten-64-to-32 -Wno-newline-eof -Wno-c++11-extensions -Wno-implicit-fallthrough -fstrict-aliasing -Wdeprecated-declarations -Winvalid-offsetof -Wno-sign-conversion -Wno-infinite-recursion -Wno-move -Wno-comma -Wno-block-capture-autoreleasing -Wno-strict-prototypes -Wno-range-loop-analysis -Wno-semicolon-before-method-body -index-store-path /Users/runner/Library/Developer/Xcode/DerivedData/ChessScanner-euukheddappmemcngwqshzhuduna/Index.noindex/DataStore @/Users/runner/Library/Developer/Xcode/DerivedData/ChessScanner-euukheddappmemcngwqshzhuduna/Build/Intermediates.noindex/ChessKitEngine.build/Debug-iphonesimulator/ChessKitEngineCore.build/Objects-normal/arm64/82b82416624d2658e5098eb0a28c15c5-common-args.resp -MMD -MT dependencies -MF /Users/runner/Library/Developer/Xcode/DerivedData/ChessScanner-euukheddappmemcngwqshzhuduna/Build/Intermediates.noindex/ChessKitEngine.build/Debug-iphonesimulator/ChessKitEngineCore.build/Objects-normal/arm64/winograd_convolution3.d --serialize-diagnostics /Users/runner/Library/Developer/Xcode/DerivedData/ChessScanner-euukheddappmemcngwqshzhuduna/Build/Intermediates.noindex/ChessKitEngine.build/Debug-iphonesimulator/ChessKitEngineCore.build/Objects-normal/arm64/winograd_convolution3.dia -c /Users/runner/Library/Developer/Xcode/DerivedData/ChessScanner-euukheddappmemcngwqshzhuduna/SourcePackages/checkouts/chesskit-engine/Sources/ChessKitEngineCore/Engines/lc0/src/neural/blas/winograd_convolution3.cc -o /Users/runner/Library/Developer/Xcode/DerivedData/ChessScanner-euukheddappmemcngwqshzhuduna/Build/Intermediates.noindex/ChessKitEngine.build/Debug-iphonesimulator/ChessKitEngineCore.build/Objects-normal/arm64/winograd_convolution3.o -index-unit-output-path /ChessKitEngine.build/Debug-iphonesimulator/ChessKitEngineCore.build/Objects-normal/arm64/winograd_convolution3.o

SwiftExplicitDependencyGeneratePcm arm64 /Users/runner/Library/Developer/Xcode/DerivedData/ModuleCache.noindex/_Builtin_inttypes-9FC1MVC32W97DWYZG7GFT24ZF.pcm

CompileC /Users/runner/Library/Developer/Xcode/DerivedData/ChessScanner-euukheddappmemcngwqshzhuduna/Build/Intermediates.noindex/ChessKitEngine.build/Debug-iphonesimulator/ChessKitEngineCore.build/Objects-normal/arm64/weights_adapter.o /Users/runner/Library/Developer/Xcode/DerivedData/ChessScanner-euukheddappmemcngwqshzhuduna/SourcePackages/checkouts/chesskit-engine/Sources/ChessKitEngineCore/Engines/lc0/src/utils/weights_adapter.cc normal arm64 c++ com.apple.compilers.llvm.clang.1_0.compiler (in target 'ChessKitEngineCore' from project 'ChessKitEngine')
    cd /Users/runner/work/chess-scanner-app/chess-scanner-app/ChessScanner.xcodeproj
    
    Using response file: /Users/runner/Library/Developer/Xcode/DerivedData/ChessScanner-euukheddappmemcngwqshzhuduna/Build/Intermediates.noindex/ChessKitEngine.build/Debug-iphonesimulator/ChessKitEngineCore.build/Objects-normal/arm64/82b82416624d2658e5098eb0a28c15c5-common-args.resp
    
    /Applications/Xcode_26.3.app/Contents/Developer/Toolchains/XcodeDefault.xctoolchain/usr/bin/clang -x c++ -ivfsstatcache /Users/runner/Library/Developer/Xcode/DerivedData/SDKStatCaches.noindex/iphonesimulator26.2-23C57-dc75598d0054f22ec865fa860f139d72e244bd9a5feaf902f95f61bf06266e52.sdkstatcache -fmessage-length\=0 -fdiagnostics-show-note-include-stack -fmacro-backtrace-limit\=0 -fno-color-diagnostics -fmodules-prune-interval\=86400 -fmodules-prune-after\=345600 -fbuild-session-file\=/Users/runner/Library/Developer/Xcode/DerivedData/ModuleCache.noindex/Session.modulevalidation -fmodules-validate-once-per-build-session -Wnon-modular-include-in-framework-module -Werror\=non-modular-include-in-framework-module -Wno-trigraphs -Wno-missing-field-initializers -Wno-missing-prototypes -Wno-return-type -Wno-non-virtual-dtor -Wno-overloaded-virtual -Wno-exit-time-destructors -Wno-missing-braces -Wparentheses -Wswitch -Wno-unused-function -Wno-unused-label -Wno-unused-parameter -Wno-unused-variable -Wunused-value -Wno-empty-body -Wno-uninitialized -Wno-unknown-pragmas -w -Wno-shadow -Wno-four-char-constants -Wno-conversion -Wno-constant-conversion -Wno-int-conversion -Wno-bool-conversion -Wno-enum-conversion -Wno-float-conversion -Wno-non-literal-null-conversion -Wno-objc-literal-conversion -Wshorten-64-to-32 -Wno-newline-eof -Wno-c++11-extensions -Wno-implicit-fallthrough -fstrict-aliasing -Wdeprecated-declarations -Winvalid-offsetof -Wno-sign-conversion -Wno-infinite-recursion -Wno-move -Wno-comma -Wno-block-capture-autoreleasing -Wno-strict-prototypes -Wno-range-loop-analysis -Wno-semicolon-before-method-body -index-store-path /Users/runner/Library/Developer/Xcode/DerivedData/ChessScanner-euukheddappmemcngwqshzhuduna/Index.noindex/DataStore @/Users/runner/Library/Developer/Xcode/DerivedData/ChessScanner-euukheddappmemcngwqshzhuduna/Build/Intermediates.noindex/ChessKitEngine.build/Debug-iphonesimulator/ChessKitEngineCore.build/Objects-normal/arm64/82b82416624d2658e5098eb0a28c15c5-common-args.resp -MMD -MT dependencies -MF /Users/runner/Library/Developer/Xcode/DerivedData/ChessScanner-euukheddappmemcngwqshzhuduna/Build/Intermediates.noindex/ChessKitEngine.build/Debug-iphonesimulator/ChessKitEngineCore.build/Objects-normal/arm64/weights_adapter.d --serialize-diagnostics /Users/runner/Library/Developer/Xcode/DerivedData/ChessScanner-euukheddappmemcngwqshzhuduna/Build/Intermediates.noindex/ChessKitEngine.build/Debug-iphonesimulator/ChessKitEngineCore.build/Objects-normal/arm64/weights_adapter.dia -c /Users/runner/Library/Developer/Xcode/DerivedData/ChessScanner-euukheddappmemcngwqshzhuduna/SourcePackages/checkouts/chesskit-engine/Sources/ChessKitEngineCore/Engines/lc0/src/utils/weights_adapter.cc -o /Users/runner/Library/Developer/Xcode/DerivedData/ChessScanner-euukheddappmemcngwqshzhuduna/Build/Intermediates.noindex/ChessKitEngine.build/Debug-iphonesimulator/ChessKitEngineCore.build/Objects-normal/arm64/weights_adapter.o -index-unit-output-path /ChessKitEngine.build/Debug-iphonesimulator/ChessKitEngineCore.build/Objects-normal/arm64/weights_adapter.o

Ld /Users/runner/Library/Developer/Xcode/DerivedData/ChessScanner-euukheddappmemcngwqshzhuduna/Build/Products/Debug-iphonesimulator/OnnxRuntimeBindings.o normal (in target 'OnnxRuntimeBindings' from project 'onnxruntime')
    cd /Users/runner/Library/Developer/Xcode/DerivedData/ChessScanner-euukheddappmemcngwqshzhuduna/SourcePackages/checkouts/onnxruntime-swift-package-manager
    /Applications/Xcode_26.3.app/Contents/Developer/Toolchains/XcodeDefault.xctoolchain/usr/bin/clang++ -Xlinker -reproducible -target arm64-apple-ios15.0-simulator -r -isysroot /Applications/Xcode_26.3.app/Contents/Developer/Platforms/iPhoneSimulator.platform/Developer/SDKs/iPhoneSimulator26.2.sdk -O0 -w -L/Users/runner/Library/Developer/Xcode/DerivedData/ChessScanner-euukheddappmemcngwqshzhuduna/Build/Intermediates.noindex/EagerLinkingTBDs/Debug-iphonesimulator -L/Users/runner/Library/Developer/Xcode/DerivedData/ChessScanner-euukheddappmemcngwqshzhuduna/Build/Products/Debug-iphonesimulator -L/Applications/Xcode_26.3.app/Contents/Developer/Platforms/iPhoneSimulator.platform/Developer/usr/lib -F/Users/runner/Library/Developer/Xcode/DerivedData/ChessScanner-euukheddappmemcngwqshzhuduna/Build/Intermediates.noindex/EagerLinkingTBDs/Debug-iphonesimulator -F/Users/runner/Library/Developer/Xcode/DerivedData/ChessScanner-euukheddappmemcngwqshzhuduna/Build/Products/Debug-iphonesimulator -iframework /Applications/Xcode_26.3.app/Contents/Developer/Platforms/iPhoneSimulator.platform/Developer/Library/Frameworks -iframework /Applications/Xcode_26.3.app/Contents/Developer/Platforms/iPhoneSimulator.platform/Developer/SDKs/iPhoneSimulator26.2.sdk/Developer/Library/Frameworks -filelist /Users/runner/Library/Developer/Xcode/DerivedData/ChessScanner-euukheddappmemcngwqshzhuduna/Build/Intermediates.noindex/onnxruntime.build/Debug-iphonesimulator/OnnxRuntimeBindings.build/Objects-normal/arm64/OnnxRuntimeBindings.LinkFileList -nostdlib -Xlinker -object_path_lto -Xlinker /Users/runner/Library/Developer/Xcode/DerivedData/ChessScanner-euukheddappmemcngwqshzhuduna/Build/Intermediates.noindex/onnxruntime.build/Debug-iphonesimulator/OnnxRuntimeBindings.build/Objects-normal/arm64/OnnxRuntimeBindings_lto.o -rdynamic -Xlinker -no_deduplicate -Xlinker -objc_abi_version -Xlinker 2 -Xlinker -dependency_info -Xlinker /Users/runner/Library/Developer/Xcode/DerivedData/ChessScanner-euukheddappmemcngwqshzhuduna/Build/Intermediates.noindex/onnxruntime.build/Debug-iphonesimulator/OnnxRuntimeBindings.build/Objects-normal/arm64/OnnxRuntimeBindings_dependency_info.dat -fobjc-arc -fobjc-link-runtime -o /Users/runner/Library/Developer/Xcode/DerivedData/ChessScanner-euukheddappmemcngwqshzhuduna/Build/Products/Debug-iphonesimulator/OnnxRuntimeBindings.o

SwiftExplicitDependencyGeneratePcm arm64 /Users/runner/Library/Developer/Xcode/DerivedData/ModuleCache.noindex/Darwin-IRK6PFUH0HJV819L6H8OPOUI.pcm

CompileC /Users/runner/Library/Developer/Xcode/DerivedData/ChessScanner-euukheddappmemcngwqshzhuduna/Build/Intermediates.noindex/ChessKitEngine.build/Debug-iphonesimulator/ChessKitEngineCore.build/Objects-normal/arm64/version.o /Users/runner/Library/Developer/Xcode/DerivedData/ChessScanner-euukheddappmemcngwqshzhuduna/SourcePackages/checkouts/chesskit-engine/Sources/ChessKitEngineCore/Engines/lc0/src/version.cc normal arm64 c++ com.apple.compilers.llvm.clang.1_0.compiler (in target 'ChessKitEngineCore' from project 'ChessKitEngine')
    cd /Users/runner/work/chess-scanner-app/chess-scanner-app/ChessScanner.xcodeproj
    
    Using response file: /Users/runner/Library/Developer/Xcode/DerivedData/ChessScanner-euukheddappmemcngwqshzhuduna/Build/Intermediates.noindex/ChessKitEngine.build/Debug-iphonesimulator/ChessKitEngineCore.build/Objects-normal/arm64/82b82416624d2658e5098eb0a28c15c5-common-args.resp
    
    /Applications/Xcode_26.3.app/Contents/Developer/Toolchains/XcodeDefault.xctoolchain/usr/bin/clang -x c++ -ivfsstatcache /Users/runner/Library/Developer/Xcode/DerivedData/SDKStatCaches.noindex/iphonesimulator26.2-23C57-dc75598d0054f22ec865fa860f139d72e244bd9a5feaf902f95f61bf06266e52.sdkstatcache -fmessage-length\=0 -fdiagnostics-show-note-include-stack -fmacro-backtrace-limit\=0 -fno-color-diagnostics -fmodules-prune-interval\=86400 -fmodules-prune-after\=345600 -fbuild-session-file\=/Users/runner/Library/Developer/Xcode/DerivedData/ModuleCache.noindex/Session.modulevalidation -fmodules-validate-once-per-build-session -Wnon-modular-include-in-framework-module -Werror\=non-modular-include-in-framework-module -Wno-trigraphs -Wno-missing-field-initializers -Wno-missing-prototypes -Wno-return-type -Wno-non-virtual-dtor -Wno-overloaded-virtual -Wno-exit-time-destructors -Wno-missing-braces -Wparentheses -Wswitch -Wno-unused-function -Wno-unused-label -Wno-unused-parameter -Wno-unused-variable -Wunused-value -Wno-empty-body -Wno-uninitialized -Wno-unknown-pragmas -w -Wno-shadow -Wno-four-char-constants -Wno-conversion -Wno-constant-conversion -Wno-int-conversion -Wno-bool-conversion -Wno-enum-conversion -Wno-float-conversion -Wno-non-literal-null-conversion -Wno-objc-literal-conversion -Wshorten-64-to-32 -Wno-newline-eof -Wno-c++11-extensions -Wno-implicit-fallthrough -fstrict-aliasing -Wdeprecated-declarations -Winvalid-offsetof -Wno-sign-conversion -Wno-infinite-recursion -Wno-move -Wno-comma -Wno-block-capture-autoreleasing -Wno-strict-prototypes -Wno-range-loop-analysis -Wno-semicolon-before-method-body -index-store-path /Users/runner/Library/Developer/Xcode/DerivedData/ChessScanner-euukheddappmemcngwqshzhuduna/Index.noindex/DataStore @/Users/runner/Library/Developer/Xcode/DerivedData/ChessScanner-euukheddappmemcngwqshzhuduna/Build/Intermediates.noindex/ChessKitEngine.build/Debug-iphonesimulator/ChessKitEngineCore.build/Objects-normal/arm64/82b82416624d2658e5098eb0a28c15c5-common-args.resp -MMD -MT dependencies -MF /Users/runner/Library/Developer/Xcode/DerivedData/ChessScanner-euukheddappmemcngwqshzhuduna/Build/Intermediates.noindex/ChessKitEngine.build/Debug-iphonesimulator/ChessKitEngineCore.build/Objects-normal/arm64/version.d --serialize-diagnostics /Users/runner/Library/Developer/Xcode/DerivedData/ChessScanner-euukheddappmemcngwqshzhuduna/Build/Intermediates.noindex/ChessKitEngine.build/Debug-iphonesimulator/ChessKitEngineCore.build/Objects-normal/arm64/version.dia -c /Users/runner/Library/Developer/Xcode/DerivedData/ChessScanner-euukheddappmemcngwqshzhuduna/SourcePackages/checkouts/chesskit-engine/Sources/ChessKitEngineCore/Engines/lc0/src/version.cc -o /Users/runner/Library/Developer/Xcode/DerivedData/ChessScanner-euukheddappmemcngwqshzhuduna/Build/Intermediates.noindex/ChessKitEngine.build/Debug-iphonesimulator/ChessKitEngineCore.build/Objects-normal/arm64/version.o -index-unit-output-path /ChessKitEngine.build/Debug-iphonesimulator/ChessKitEngineCore.build/Objects-normal/arm64/version.o

SwiftExplicitDependencyGeneratePcm arm64 /Users/runner/Library/Developer/Xcode/DerivedData/ModuleCache.noindex/ObjectiveC-6U7YJGAGUAIMJAYMUWDDYM5HK.pcm

CompileC /Users/runner/Library/Developer/Xcode/DerivedData/ChessScanner-euukheddappmemcngwqshzhuduna/Build/Intermediates.noindex/ChessKitEngine.build/Debug-iphonesimulator/ChessKitEngineCore.build/Objects-normal/arm64/ucioption.o /Users/runner/Library/Developer/Xcode/DerivedData/ChessScanner-euukheddappmemcngwqshzhuduna/SourcePackages/checkouts/chesskit-engine/Sources/ChessKitEngineCore/Engines/Stockfish/src/ucioption.cpp normal arm64 c++ com.apple.compilers.llvm.clang.1_0.compiler (in target 'ChessKitEngineCore' from project 'ChessKitEngine')
    cd /Users/runner/work/chess-scanner-app/chess-scanner-app/ChessScanner.xcodeproj
    
    Using response file: /Users/runner/Library/Developer/Xcode/DerivedData/ChessScanner-euukheddappmemcngwqshzhuduna/Build/Intermediates.noindex/ChessKitEngine.build/Debug-iphonesimulator/ChessKitEngineCore.build/Objects-normal/arm64/82b82416624d2658e5098eb0a28c15c5-common-args.resp
    
    /Applications/Xcode_26.3.app/Contents/Developer/Toolchains/XcodeDefault.xctoolchain/usr/bin/clang -x c++ -ivfsstatcache /Users/runner/Library/Developer/Xcode/DerivedData/SDKStatCaches.noindex/iphonesimulator26.2-23C57-dc75598d0054f22ec865fa860f139d72e244bd9a5feaf902f95f61bf06266e52.sdkstatcache -fmessage-length\=0 -fdiagnostics-show-note-include-stack -fmacro-backtrace-limit\=0 -fno-color-diagnostics -fmodules-prune-interval\=86400 -fmodules-prune-after\=345600 -fbuild-session-file\=/Users/runner/Library/Developer/Xcode/DerivedData/ModuleCache.noindex/Session.modulevalidation -fmodules-validate-once-per-build-session -Wnon-modular-include-in-framework-module -Werror\=non-modular-include-in-framework-module -Wno-trigraphs -Wno-missing-field-initializers -Wno-missing-prototypes -Wno-return-type -Wno-non-virtual-dtor -Wno-overloaded-virtual -Wno-exit-time-destructors -Wno-missing-braces -Wparentheses -Wswitch -Wno-unused-function -Wno-unused-label -Wno-unused-parameter -Wno-unused-variable -Wunused-value -Wno-empty-body -Wno-uninitialized -Wno-unknown-pragmas -w -Wno-shadow -Wno-four-char-constants -Wno-conversion -Wno-constant-conversion -Wno-int-conversion -Wno-bool-conversion -Wno-enum-conversion -Wno-float-conversion -Wno-non-literal-null-conversion -Wno-objc-literal-conversion -Wshorten-64-to-32 -Wno-newline-eof -Wno-c++11-extensions -Wno-implicit-fallthrough -fstrict-aliasing -Wdeprecated-declarations -Winvalid-offsetof -Wno-sign-conversion -Wno-infinite-recursion -Wno-move -Wno-comma -Wno-block-capture-autoreleasing -Wno-strict-prototypes -Wno-range-loop-analysis -Wno-semicolon-before-method-body -index-store-path /Users/runner/Library/Developer/Xcode/DerivedData/ChessScanner-euukheddappmemcngwqshzhuduna/Index.noindex/DataStore @/Users/runner/Library/Developer/Xcode/DerivedData/ChessScanner-euukheddappmemcngwqshzhuduna/Build/Intermediates.noindex/ChessKitEngine.build/Debug-iphonesimulator/ChessKitEngineCore.build/Objects-normal/arm64/82b82416624d2658e5098eb0a28c15c5-common-args.resp -MMD -MT dependencies -MF /Users/runner/Library/Developer/Xcode/DerivedData/ChessScanner-euukheddappmemcngwqshzhuduna/Build/Intermediates.noindex/ChessKitEngine.build/Debug-iphonesimulator/ChessKitEngineCore.build/Objects-normal/arm64/ucioption.d --serialize-diagnostics /Users/runner/Library/Developer/Xcode/DerivedData/ChessScanner-euukheddappmemcngwqshzhuduna/Build/Intermediates.noindex/ChessKitEngine.build/Debug-iphonesimulator/ChessKitEngineCore.build/Objects-normal/arm64/ucioption.dia -c /Users/runner/Library/Developer/Xcode/DerivedData/ChessScanner-euukheddappmemcngwqshzhuduna/SourcePackages/checkouts/chesskit-engine/Sources/ChessKitEngineCore/Engines/Stockfish/src/ucioption.cpp -o /Users/runner/Library/Developer/Xcode/DerivedData/ChessScanner-euukheddappmemcngwqshzhuduna/Build/Intermediates.noindex/ChessKitEngine.build/Debug-iphonesimulator/ChessKitEngineCore.build/Objects-normal/arm64/ucioption.o -index-unit-output-path /ChessKitEngine.build/Debug-iphonesimulator/ChessKitEngineCore.build/Objects-normal/arm64/ucioption.o

SwiftExplicitDependencyGeneratePcm arm64 /Users/runner/Library/Developer/Xcode/DerivedData/ModuleCache.noindex/os_object-AVHZVY5XAYSZKPQVK0O1B37BB.pcm

CompileC /Users/runner/Library/Developer/Xcode/DerivedData/ChessScanner-euukheddappmemcngwqshzhuduna/Build/Intermediates.noindex/ChessKitEngine.build/Debug-iphonesimulator/ChessKitEngineCore.build/Objects-normal/arm64/uciloop.o /Users/runner/Library/Developer/Xcode/DerivedData/ChessScanner-euukheddappmemcngwqshzhuduna/SourcePackages/checkouts/chesskit-engine/Sources/ChessKitEngineCore/Engines/lc0/src/chess/uciloop.cc normal arm64 c++ com.apple.compilers.llvm.clang.1_0.compiler (in target 'ChessKitEngineCore' from project 'ChessKitEngine')
    cd /Users/runner/work/chess-scanner-app/chess-scanner-app/ChessScanner.xcodeproj
    
    Using response file: /Users/runner/Library/Developer/Xcode/DerivedData/ChessScanner-euukheddappmemcngwqshzhuduna/Build/Intermediates.noindex/ChessKitEngine.build/Debug-iphonesimulator/ChessKitEngineCore.build/Objects-normal/arm64/82b82416624d2658e5098eb0a28c15c5-common-args.resp
    
    /Applications/Xcode_26.3.app/Contents/Developer/Toolchains/XcodeDefault.xctoolchain/usr/bin/clang -x c++ -ivfsstatcache /Users/runner/Library/Developer/Xcode/DerivedData/SDKStatCaches.noindex/iphonesimulator26.2-23C57-dc75598d0054f22ec865fa860f139d72e244bd9a5feaf902f95f61bf06266e52.sdkstatcache -fmessage-length\=0 -fdiagnostics-show-note-include-stack -fmacro-backtrace-limit\=0 -fno-color-diagnostics -fmodules-prune-interval\=86400 -fmodules-prune-after\=345600 -fbuild-session-file\=/Users/runner/Library/Developer/Xcode/DerivedData/ModuleCache.noindex/Session.modulevalidation -fmodules-validate-once-per-build-session -Wnon-modular-include-in-framework-module -Werror\=non-modular-include-in-framework-module -Wno-trigraphs -Wno-missing-field-initializers -Wno-missing-prototypes -Wno-return-type -Wno-non-virtual-dtor -Wno-overloaded-virtual -Wno-exit-time-destructors -Wno-missing-braces -Wparentheses -Wswitch -Wno-unused-function -Wno-unused-label -Wno-unused-parameter -Wno-unused-variable -Wunused-value -Wno-empty-body -Wno-uninitialized -Wno-unknown-pragmas -w -Wno-shadow -Wno-four-char-constants -Wno-conversion -Wno-constant-conversion -Wno-int-conversion -Wno-bool-conversion -Wno-enum-conversion -Wno-float-conversion -Wno-non-literal-null-conversion -Wno-objc-literal-conversion -Wshorten-64-to-32 -Wno-newline-eof -Wno-c++11-extensions -Wno-implicit-fallthrough -fstrict-aliasing -Wdeprecated-declarations -Winvalid-offsetof -Wno-sign-conversion -Wno-infinite-recursion -Wno-move -Wno-comma -Wno-block-capture-autoreleasing -Wno-strict-prototypes -Wno-range-loop-analysis -Wno-semicolon-before-method-body -index-store-path /Users/runner/Library/Developer/Xcode/DerivedData/ChessScanner-euukheddappmemcngwqshzhuduna/Index.noindex/DataStore @/Users/runner/Library/Developer/Xcode/DerivedData/ChessScanner-euukheddappmemcngwqshzhuduna/Build/Intermediates.noindex/ChessKitEngine.build/Debug-iphonesimulator/ChessKitEngineCore.build/Objects-normal/arm64/82b82416624d2658e5098eb0a28c15c5-common-args.resp -MMD -MT dependencies -MF /Users/runner/Library/Developer/Xcode/DerivedData/ChessScanner-euukheddappmemcngwqshzhuduna/Build/Intermediates.noindex/ChessKitEngine.build/Debug-iphonesimulator/ChessKitEngineCore.build/Objects-normal/arm64/uciloop.d --serialize-diagnostics /Users/runner/Library/Developer/Xcode/DerivedData/ChessScanner-euukheddappmemcngwqshzhuduna/Build/Intermediates.noindex/ChessKitEngine.build/Debug-iphonesimulator/ChessKitEngineCore.build/Objects-normal/arm64/uciloop.dia -c /Users/runner/Library/Developer/Xcode/DerivedData/ChessScanner-euukheddappmemcngwqshzhuduna/SourcePackages/checkouts/chesskit-engine/Sources/ChessKitEngineCore/Engines/lc0/src/chess/uciloop.cc -o /Users/runner/Library/Developer/Xcode/DerivedData/ChessScanner-euukheddappmemcngwqshzhuduna/Build/Intermediates.noindex/ChessKitEngine.build/Debug-iphonesimulator/ChessKitEngineCore.build/Objects-normal/arm64/uciloop.o -index-unit-output-path /ChessKitEngine.build/Debug-iphonesimulator/ChessKitEngineCore.build/Objects-normal/arm64/uciloop.o

SwiftExplicitDependencyGeneratePcm arm64 /Users/runner/Library/Developer/Xcode/DerivedData/ModuleCache.noindex/os_workgroup-8YLAQR5W3BVZ7ZJWQDRPSLOGG.pcm

CompileC /Users/runner/Library/Developer/Xcode/DerivedData/ChessScanner-euukheddappmemcngwqshzhuduna/Build/Intermediates.noindex/ChessKitEngine.build/Debug-iphonesimulator/ChessKitEngineCore.build/Objects-normal/arm64/uci.o /Users/runner/Library/Developer/Xcode/DerivedData/ChessScanner-euukheddappmemcngwqshzhuduna/SourcePackages/checkouts/chesskit-engine/Sources/ChessKitEngineCore/Engines/Stockfish/src/uci.cpp normal arm64 c++ com.apple.compilers.llvm.clang.1_0.compiler (in target 'ChessKitEngineCore' from project 'ChessKitEngine')
    cd /Users/runner/work/chess-scanner-app/chess-scanner-app/ChessScanner.xcodeproj
    
    Using response file: /Users/runner/Library/Developer/Xcode/DerivedData/ChessScanner-euukheddappmemcngwqshzhuduna/Build/Intermediates.noindex/ChessKitEngine.build/Debug-iphonesimulator/ChessKitEngineCore.build/Objects-normal/arm64/82b82416624d2658e5098eb0a28c15c5-common-args.resp
    
    /Applications/Xcode_26.3.app/Contents/Developer/Toolchains/XcodeDefault.xctoolchain/usr/bin/clang -x c++ -ivfsstatcache /Users/runner/Library/Developer/Xcode/DerivedData/SDKStatCaches.noindex/iphonesimulator26.2-23C57-dc75598d0054f22ec865fa860f139d72e244bd9a5feaf902f95f61bf06266e52.sdkstatcache -fmessage-length\=0 -fdiagnostics-show-note-include-stack -fmacro-backtrace-limit\=0 -fno-color-diagnostics -fmodules-prune-interval\=86400 -fmodules-prune-after\=345600 -fbuild-session-file\=/Users/runner/Library/Developer/Xcode/DerivedData/ModuleCache.noindex/Session.modulevalidation -fmodules-validate-once-per-build-session -Wnon-modular-include-in-framework-module -Werror\=non-modular-include-in-framework-module -Wno-trigraphs -Wno-missing-field-initializers -Wno-missing-prototypes -Wno-return-type -Wno-non-virtual-dtor -Wno-overloaded-virtual -Wno-exit-time-destructors -Wno-missing-braces -Wparentheses -Wswitch -Wno-unused-function -Wno-unused-label -Wno-unused-parameter -Wno-unused-variable -Wunused-value -Wno-empty-body -Wno-uninitialized -Wno-unknown-pragmas -w -Wno-shadow -Wno-four-char-constants -Wno-conversion -Wno-constant-conversion -Wno-int-conversion -Wno-bool-conversion -Wno-enum-conversion -Wno-float-conversion -Wno-non-literal-null-conversion -Wno-objc-literal-conversion -Wshorten-64-to-32 -Wno-newline-eof -Wno-c++11-extensions -Wno-implicit-fallthrough -fstrict-aliasing -Wdeprecated-declarations -Winvalid-offsetof -Wno-sign-conversion -Wno-infinite-recursion -Wno-move -Wno-comma -Wno-block-capture-autoreleasing -Wno-strict-prototypes -Wno-range-loop-analysis -Wno-semicolon-before-method-body -index-store-path /Users/runner/Library/Developer/Xcode/DerivedData/ChessScanner-euukheddappmemcngwqshzhuduna/Index.noindex/DataStore @/Users/runner/Library/Developer/Xcode/DerivedData/ChessScanner-euukheddappmemcngwqshzhuduna/Build/Intermediates.noindex/ChessKitEngine.build/Debug-iphonesimulator/ChessKitEngineCore.build/Objects-normal/arm64/82b82416624d2658e5098eb0a28c15c5-common-args.resp -MMD -MT dependencies -MF /Users/runner/Library/Developer/Xcode/DerivedData/ChessScanner-euukheddappmemcngwqshzhuduna/Build/Intermediates.noindex/ChessKitEngine.build/Debug-iphonesimulator/ChessKitEngineCore.build/Objects-normal/arm64/uci.d --serialize-diagnostics /Users/runner/Library/Developer/Xcode/DerivedData/ChessScanner-euukheddappmemcngwqshzhuduna/Build/Intermediates.noindex/ChessKitEngine.build/Debug-iphonesimulator/ChessKitEngineCore.build/Objects-normal/arm64/uci.dia -c /Users/runner/Library/Developer/Xcode/DerivedData/ChessScanner-euukheddappmemcngwqshzhuduna/SourcePackages/checkouts/chesskit-engine/Sources/ChessKitEngineCore/Engines/Stockfish/src/uci.cpp -o /Users/runner/Library/Developer/Xcode/DerivedData/ChessScanner-euukheddappmemcngwqshzhuduna/Build/Intermediates.noindex/ChessKitEngine.build/Debug-iphonesimulator/ChessKitEngineCore.build/Objects-normal/arm64/uci.o -index-unit-output-path /ChessKitEngine.build/Debug-iphonesimulator/ChessKitEngineCore.build/Objects-normal/arm64/uci.o

SwiftExplicitDependencyGeneratePcm arm64 /Users/runner/Library/Developer/Xcode/DerivedData/ModuleCache.noindex/Dispatch-9DFD7ZSARLA2DCVDW8MMTJ58N.pcm

CompileC /Users/runner/Library/Developer/Xcode/DerivedData/ChessScanner-euukheddappmemcngwqshzhuduna/Build/Intermediates.noindex/ChessKitEngine.build/Debug-iphonesimulator/ChessKitEngineCore.build/Objects-normal/arm64/tune.o /Users/runner/Library/Developer/Xcode/DerivedData/ChessScanner-euukheddappmemcngwqshzhuduna/SourcePackages/checkouts/chesskit-engine/Sources/ChessKitEngineCore/Engines/Stockfish/src/tune.cpp normal arm64 c++ com.apple.compilers.llvm.clang.1_0.compiler (in target 'ChessKitEngineCore' from project 'ChessKitEngine')
    cd /Users/runner/work/chess-scanner-app/chess-scanner-app/ChessScanner.xcodeproj
    
    Using response file: /Users/runner/Library/Developer/Xcode/DerivedData/ChessScanner-euukheddappmemcngwqshzhuduna/Build/Intermediates.noindex/ChessKitEngine.build/Debug-iphonesimulator/ChessKitEngineCore.build/Objects-normal/arm64/82b82416624d2658e5098eb0a28c15c5-common-args.resp
    
    /Applications/Xcode_26.3.app/Contents/Developer/Toolchains/XcodeDefault.xctoolchain/usr/bin/clang -x c++ -ivfsstatcache /Users/runner/Library/Developer/Xcode/DerivedData/SDKStatCaches.noindex/iphonesimulator26.2-23C57-dc75598d0054f22ec865fa860f139d72e244bd9a5feaf902f95f61bf06266e52.sdkstatcache -fmessage-length\=0 -fdiagnostics-show-note-include-stack -fmacro-backtrace-limit\=0 -fno-color-diagnostics -fmodules-prune-interval\=86400 -fmodules-prune-after\=345600 -fbuild-session-file\=/Users/runner/Library/Developer/Xcode/DerivedData/ModuleCache.noindex/Session.modulevalidation -fmodules-validate-once-per-build-session -Wnon-modular-include-in-framework-module -Werror\=non-modular-include-in-framework-module -Wno-trigraphs -Wno-missing-field-initializers -Wno-missing-prototypes -Wno-return-type -Wno-non-virtual-dtor -Wno-overloaded-virtual -Wno-exit-time-destructors -Wno-missing-braces -Wparentheses -Wswitch -Wno-unused-function -Wno-unused-label -Wno-unused-parameter -Wno-unused-variable -Wunused-value -Wno-empty-body -Wno-uninitialized -Wno-unknown-pragmas -w -Wno-shadow -Wno-four-char-constants -Wno-conversion -Wno-constant-conversion -Wno-int-conversion -Wno-bool-conversion -Wno-enum-conversion -Wno-float-conversion -Wno-non-literal-null-conversion -Wno-objc-literal-conversion -Wshorten-64-to-32 -Wno-newline-eof -Wno-c++11-extensions -Wno-implicit-fallthrough -fstrict-aliasing -Wdeprecated-declarations -Winvalid-offsetof -Wno-sign-conversion -Wno-infinite-recursion -Wno-move -Wno-comma -Wno-block-capture-autoreleasing -Wno-strict-prototypes -Wno-range-loop-analysis -Wno-semicolon-before-method-body -index-store-path /Users/runner/Library/Developer/Xcode/DerivedData/ChessScanner-euukheddappmemcngwqshzhuduna/Index.noindex/DataStore @/Users/runner/Library/Developer/Xcode/DerivedData/ChessScanner-euukheddappmemcngwqshzhuduna/Build/Intermediates.noindex/ChessKitEngine.build/Debug-iphonesimulator/ChessKitEngineCore.build/Objects-normal/arm64/82b82416624d2658e5098eb0a28c15c5-common-args.resp -MMD -MT dependencies -MF /Users/runner/Library/Developer/Xcode/DerivedData/ChessScanner-euukheddappmemcngwqshzhuduna/Build/Intermediates.noindex/ChessKitEngine.build/Debug-iphonesimulator/ChessKitEngineCore.build/Objects-normal/arm64/tune.d --serialize-diagnostics /Users/runner/Library/Developer/Xcode/DerivedData/ChessScanner-euukheddappmemcngwqshzhuduna/Build/Intermediates.noindex/ChessKitEngine.build/Debug-iphonesimulator/ChessKitEngineCore.build/Objects-normal/arm64/tune.dia -c /Users/runner/Library/Developer/Xcode/DerivedData/ChessScanner-euukheddappmemcngwqshzhuduna/SourcePackages/checkouts/chesskit-engine/Sources/ChessKitEngineCore/Engines/Stockfish/src/tune.cpp -o /Users/runner/Library/Developer/Xcode/DerivedData/ChessScanner-euukheddappmemcngwqshzhuduna/Build/Intermediates.noindex/ChessKitEngine.build/Debug-iphonesimulator/ChessKitEngineCore.build/Objects-normal/arm64/tune.o -index-unit-output-path /ChessKitEngine.build/Debug-iphonesimulator/ChessKitEngineCore.build/Objects-normal/arm64/tune.o

SwiftExplicitDependencyGeneratePcm arm64 /Users/runner/Library/Developer/Xcode/DerivedData/ModuleCache.noindex/CoreFoundation-BL5QEC6R74Z71ECN6GNO2088P.pcm

SwiftExplicitDependencyGeneratePcm arm64 /Users/runner/Library/Developer/Xcode/DerivedData/ModuleCache.noindex/XPC-9SNCA1ONQVS5BWC760B3GGQI5.pcm

SwiftExplicitDependencyGeneratePcm arm64 /Users/runner/Library/Developer/Xcode/DerivedData/ModuleCache.noindex/CFNetwork-CYFT7D3W700RN4H3SK5T4OBVD.pcm

SwiftExplicitDependencyGeneratePcm arm64 /Users/runner/Library/Developer/Xcode/DerivedData/ModuleCache.noindex/Security-E6R72G1LCE59Y07FSSJOG4RJO.pcm

CompileC /Users/runner/Library/Developer/Xcode/DerivedData/ChessScanner-euukheddappmemcngwqshzhuduna/Build/Intermediates.noindex/ChessKitEngine.build/Debug-iphonesimulator/ChessKitEngineCore.build/Objects-normal/arm64/tt.o /Users/runner/Library/Developer/Xcode/DerivedData/ChessScanner-euukheddappmemcngwqshzhuduna/SourcePackages/checkouts/chesskit-engine/Sources/ChessKitEngineCore/Engines/Stockfish/src/tt.cpp normal arm64 c++ com.apple.compilers.llvm.clang.1_0.compiler (in target 'ChessKitEngineCore' from project 'ChessKitEngine')
    cd /Users/runner/work/chess-scanner-app/chess-scanner-app/ChessScanner.xcodeproj
    
    Using response file: /Users/runner/Library/Developer/Xcode/DerivedData/ChessScanner-euukheddappmemcngwqshzhuduna/Build/Intermediates.noindex/ChessKitEngine.build/Debug-iphonesimulator/ChessKitEngineCore.build/Objects-normal/arm64/82b82416624d2658e5098eb0a28c15c5-common-args.resp
    
    /Applications/Xcode_26.3.app/Contents/Developer/Toolchains/XcodeDefault.xctoolchain/usr/bin/clang -x c++ -ivfsstatcache /Users/runner/Library/Developer/Xcode/DerivedData/SDKStatCaches.noindex/iphonesimulator26.2-23C57-dc75598d0054f22ec865fa860f139d72e244bd9a5feaf902f95f61bf06266e52.sdkstatcache -fmessage-length\=0 -fdiagnostics-show-note-include-stack -fmacro-backtrace-limit\=0 -fno-color-diagnostics -fmodules-prune-interval\=86400 -fmodules-prune-after\=345600 -fbuild-session-file\=/Users/runner/Library/Developer/Xcode/DerivedData/ModuleCache.noindex/Session.modulevalidation -fmodules-validate-once-per-build-session -Wnon-modular-include-in-framework-module -Werror\=non-modular-include-in-framework-module -Wno-trigraphs -Wno-missing-field-initializers -Wno-missing-prototypes -Wno-return-type -Wno-non-virtual-dtor -Wno-overloaded-virtual -Wno-exit-time-destructors -Wno-missing-braces -Wparentheses -Wswitch -Wno-unused-function -Wno-unused-label -Wno-unused-parameter -Wno-unused-variable -Wunused-value -Wno-empty-body -Wno-uninitialized -Wno-unknown-pragmas -w -Wno-shadow -Wno-four-char-constants -Wno-conversion -Wno-constant-conversion -Wno-int-conversion -Wno-bool-conversion -Wno-enum-conversion -Wno-float-conversion -Wno-non-literal-null-conversion -Wno-objc-literal-conversion -Wshorten-64-to-32 -Wno-newline-eof -Wno-c++11-extensions -Wno-implicit-fallthrough -fstrict-aliasing -Wdeprecated-declarations -Winvalid-offsetof -Wno-sign-conversion -Wno-infinite-recursion -Wno-move -Wno-comma -Wno-block-capture-autoreleasing -Wno-strict-prototypes -Wno-range-loop-analysis -Wno-semicolon-before-method-body -index-store-path /Users/runner/Library/Developer/Xcode/DerivedData/ChessScanner-euukheddappmemcngwqshzhuduna/Index.noindex/DataStore @/Users/runner/Library/Developer/Xcode/DerivedData/ChessScanner-euukheddappmemcngwqshzhuduna/Build/Intermediates.noindex/ChessKitEngine.build/Debug-iphonesimulator/ChessKitEngineCore.build/Objects-normal/arm64/82b82416624d2658e5098eb0a28c15c5-common-args.resp -MMD -MT dependencies -MF /Users/runner/Library/Developer/Xcode/DerivedData/ChessScanner-euukheddappmemcngwqshzhuduna/Build/Intermediates.noindex/ChessKitEngine.build/Debug-iphonesimulator/ChessKitEngineCore.build/Objects-normal/arm64/tt.d --serialize-diagnostics /Users/runner/Library/Developer/Xcode/DerivedData/ChessScanner-euukheddappmemcngwqshzhuduna/Build/Intermediates.noindex/ChessKitEngine.build/Debug-iphonesimulator/ChessKitEngineCore.build/Objects-normal/arm64/tt.dia -c /Users/runner/Library/Developer/Xcode/DerivedData/ChessScanner-euukheddappmemcngwqshzhuduna/SourcePackages/checkouts/chesskit-engine/Sources/ChessKitEngineCore/Engines/Stockfish/src/tt.cpp -o /Users/runner/Library/Developer/Xcode/DerivedData/ChessScanner-euukheddappmemcngwqshzhuduna/Build/Intermediates.noindex/ChessKitEngine.build/Debug-iphonesimulator/ChessKitEngineCore.build/Objects-normal/arm64/tt.o -index-unit-output-path /ChessKitEngine.build/Debug-iphonesimulator/ChessKitEngineCore.build/Objects-normal/arm64/tt.o

SwiftExplicitDependencyGeneratePcm arm64 /Users/runner/Library/Developer/Xcode/DerivedData/ModuleCache.noindex/Foundation-WFJRFLB7TUNQ4GW3YQ76GJGQ.pcm

CompileC /Users/runner/Library/Developer/Xcode/DerivedData/ChessScanner-euukheddappmemcngwqshzhuduna/Build/Intermediates.noindex/ChessKitEngine.build/Debug-iphonesimulator/ChessKitEngineCore.build/Objects-normal/arm64/timemgr.o /Users/runner/Library/Developer/Xcode/DerivedData/ChessScanner-euukheddappmemcngwqshzhuduna/SourcePackages/checkouts/chesskit-engine/Sources/ChessKitEngineCore/Engines/lc0/src/mcts/stoppers/timemgr.cc normal arm64 c++ com.apple.compilers.llvm.clang.1_0.compiler (in target 'ChessKitEngineCore' from project 'ChessKitEngine')
    cd /Users/runner/work/chess-scanner-app/chess-scanner-app/ChessScanner.xcodeproj
    
    Using response file: /Users/runner/Library/Developer/Xcode/DerivedData/ChessScanner-euukheddappmemcngwqshzhuduna/Build/Intermediates.noindex/ChessKitEngine.build/Debug-iphonesimulator/ChessKitEngineCore.build/Objects-normal/arm64/82b82416624d2658e5098eb0a28c15c5-common-args.resp
    
    /Applications/Xcode_26.3.app/Contents/Developer/Toolchains/XcodeDefault.xctoolchain/usr/bin/clang -x c++ -ivfsstatcache /Users/runner/Library/Developer/Xcode/DerivedData/SDKStatCaches.noindex/iphonesimulator26.2-23C57-dc75598d0054f22ec865fa860f139d72e244bd9a5feaf902f95f61bf06266e52.sdkstatcache -fmessage-length\=0 -fdiagnostics-show-note-include-stack -fmacro-backtrace-limit\=0 -fno-color-diagnostics -fmodules-prune-interval\=86400 -fmodules-prune-after\=345600 -fbuild-session-file\=/Users/runner/Library/Developer/Xcode/DerivedData/ModuleCache.noindex/Session.modulevalidation -fmodules-validate-once-per-build-session -Wnon-modular-include-in-framework-module -Werror\=non-modular-include-in-framework-module -Wno-trigraphs -Wno-missing-field-initializers -Wno-missing-prototypes -Wno-return-type -Wno-non-virtual-dtor -Wno-overloaded-virtual -Wno-exit-time-destructors -Wno-missing-braces -Wparentheses -Wswitch -Wno-unused-function -Wno-unused-label -Wno-unused-parameter -Wno-unused-variable -Wunused-value -Wno-empty-body -Wno-uninitialized -Wno-unknown-pragmas -w -Wno-shadow -Wno-four-char-constants -Wno-conversion -Wno-constant-conversion -Wno-int-conversion -Wno-bool-conversion -Wno-enum-conversion -Wno-float-conversion -Wno-non-literal-null-conversion -Wno-objc-literal-conversion -Wshorten-64-to-32 -Wno-newline-eof -Wno-c++11-extensions -Wno-implicit-fallthrough -fstrict-aliasing -Wdeprecated-declarations -Winvalid-offsetof -Wno-sign-conversion -Wno-infinite-recursion -Wno-move -Wno-comma -Wno-block-capture-autoreleasing -Wno-strict-prototypes -Wno-range-loop-analysis -Wno-semicolon-before-method-body -index-store-path /Users/runner/Library/Developer/Xcode/DerivedData/ChessScanner-euukheddappmemcngwqshzhuduna/Index.noindex/DataStore @/Users/runner/Library/Developer/Xcode/DerivedData/ChessScanner-euukheddappmemcngwqshzhuduna/Build/Intermediates.noindex/ChessKitEngine.build/Debug-iphonesimulator/ChessKitEngineCore.build/Objects-normal/arm64/82b82416624d2658e5098eb0a28c15c5-common-args.resp -MMD -MT dependencies -MF /Users/runner/Library/Developer/Xcode/DerivedData/ChessScanner-euukheddappmemcngwqshzhuduna/Build/Intermediates.noindex/ChessKitEngine.build/Debug-iphonesimulator/ChessKitEngineCore.build/Objects-normal/arm64/timemgr.d --serialize-diagnostics /Users/runner/Library/Developer/Xcode/DerivedData/ChessScanner-euukheddappmemcngwqshzhuduna/Build/Intermediates.noindex/ChessKitEngine.build/Debug-iphonesimulator/ChessKitEngineCore.build/Objects-normal/arm64/timemgr.dia -c /Users/runner/Library/Developer/Xcode/DerivedData/ChessScanner-euukheddappmemcngwqshzhuduna/SourcePackages/checkouts/chesskit-engine/Sources/ChessKitEngineCore/Engines/lc0/src/mcts/stoppers/timemgr.cc -o /Users/runner/Library/Developer/Xcode/DerivedData/ChessScanner-euukheddappmemcngwqshzhuduna/Build/Intermediates.noindex/ChessKitEngine.build/Debug-iphonesimulator/ChessKitEngineCore.build/Objects-normal/arm64/timemgr.o -index-unit-output-path /ChessKitEngine.build/Debug-iphonesimulator/ChessKitEngineCore.build/Objects-normal/arm64/timemgr.o

CompileC /Users/runner/Library/Developer/Xcode/DerivedData/ChessScanner-euukheddappmemcngwqshzhuduna/Build/Intermediates.noindex/ChessKitEngine.build/Debug-iphonesimulator/ChessKitEngineCore.build/Objects-normal/arm64/timeman.o /Users/runner/Library/Developer/Xcode/DerivedData/ChessScanner-euukheddappmemcngwqshzhuduna/SourcePackages/checkouts/chesskit-engine/Sources/ChessKitEngineCore/Engines/Stockfish/src/timeman.cpp normal arm64 c++ com.apple.compilers.llvm.clang.1_0.compiler (in target 'ChessKitEngineCore' from project 'ChessKitEngine')
    cd /Users/runner/work/chess-scanner-app/chess-scanner-app/ChessScanner.xcodeproj
    
    Using response file: /Users/runner/Library/Developer/Xcode/DerivedData/ChessScanner-euukheddappmemcngwqshzhuduna/Build/Intermediates.noindex/ChessKitEngine.build/Debug-iphonesimulator/ChessKitEngineCore.build/Objects-normal/arm64/82b82416624d2658e5098eb0a28c15c5-common-args.resp
    
    /Applications/Xcode_26.3.app/Contents/Developer/Toolchains/XcodeDefault.xctoolchain/usr/bin/clang -x c++ -ivfsstatcache /Users/runner/Library/Developer/Xcode/DerivedData/SDKStatCaches.noindex/iphonesimulator26.2-23C57-dc75598d0054f22ec865fa860f139d72e244bd9a5feaf902f95f61bf06266e52.sdkstatcache -fmessage-length\=0 -fdiagnostics-show-note-include-stack -fmacro-backtrace-limit\=0 -fno-color-diagnostics -fmodules-prune-interval\=86400 -fmodules-prune-after\=345600 -fbuild-session-file\=/Users/runner/Library/Developer/Xcode/DerivedData/ModuleCache.noindex/Session.modulevalidation -fmodules-validate-once-per-build-session -Wnon-modular-include-in-framework-module -Werror\=non-modular-include-in-framework-module -Wno-trigraphs -Wno-missing-field-initializers -Wno-missing-prototypes -Wno-return-type -Wno-non-virtual-dtor -Wno-overloaded-virtual -Wno-exit-time-destructors -Wno-missing-braces -Wparentheses -Wswitch -Wno-unused-function -Wno-unused-label -Wno-unused-parameter -Wno-unused-variable -Wunused-value -Wno-empty-body -Wno-uninitialized -Wno-unknown-pragmas -w -Wno-shadow -Wno-four-char-constants -Wno-conversion -Wno-constant-conversion -Wno-int-conversion -Wno-bool-conversion -Wno-enum-conversion -Wno-float-conversion -Wno-non-literal-null-conversion -Wno-objc-literal-conversion -Wshorten-64-to-32 -Wno-newline-eof -Wno-c++11-extensions -Wno-implicit-fallthrough -fstrict-aliasing -Wdeprecated-declarations -Winvalid-offsetof -Wno-sign-conversion -Wno-infinite-recursion -Wno-move -Wno-comma -Wno-block-capture-autoreleasing -Wno-strict-prototypes -Wno-range-loop-analysis -Wno-semicolon-before-method-body -index-store-path /Users/runner/Library/Developer/Xcode/DerivedData/ChessScanner-euukheddappmemcngwqshzhuduna/Index.noindex/DataStore @/Users/runner/Library/Developer/Xcode/DerivedData/ChessScanner-euukheddappmemcngwqshzhuduna/Build/Intermediates.noindex/ChessKitEngine.build/Debug-iphonesimulator/ChessKitEngineCore.build/Objects-normal/arm64/82b82416624d2658e5098eb0a28c15c5-common-args.resp -MMD -MT dependencies -MF /Users/runner/Library/Developer/Xcode/DerivedData/ChessScanner-euukheddappmemcngwqshzhuduna/Build/Intermediates.noindex/ChessKitEngine.build/Debug-iphonesimulator/ChessKitEngineCore.build/Objects-normal/arm64/timeman.d --serialize-diagnostics /Users/runner/Library/Developer/Xcode/DerivedData/ChessScanner-euukheddappmemcngwqshzhuduna/Build/Intermediates.noindex/ChessKitEngine.build/Debug-iphonesimulator/ChessKitEngineCore.build/Objects-normal/arm64/timeman.dia -c /Users/runner/Library/Developer/Xcode/DerivedData/ChessScanner-euukheddappmemcngwqshzhuduna/SourcePackages/checkouts/chesskit-engine/Sources/ChessKitEngineCore/Engines/Stockfish/src/timeman.cpp -o /Users/runner/Library/Developer/Xcode/DerivedData/ChessScanner-euukheddappmemcngwqshzhuduna/Build/Intermediates.noindex/ChessKitEngine.build/Debug-iphonesimulator/ChessKitEngineCore.build/Objects-normal/arm64/timeman.o -index-unit-output-path /ChessKitEngine.build/Debug-iphonesimulator/ChessKitEngineCore.build/Objects-normal/arm64/timeman.o

SwiftExplicitDependencyGeneratePcm arm64 /Users/runner/Library/Developer/Xcode/DerivedData/ChessScanner-euukheddappmemcngwqshzhuduna/Build/Intermediates.noindex/SwiftExplicitPrecompiledModules/ChessKitEngineCore-8QOQ32MZ4TJF1GW4NWGW70HO3.pcm

CompileC /Users/runner/Library/Developer/Xcode/DerivedData/ChessScanner-euukheddappmemcngwqshzhuduna/Build/Intermediates.noindex/ChessKitEngine.build/Debug-iphonesimulator/ChessKitEngineCore.build/Objects-normal/arm64/thread.o /Users/runner/Library/Developer/Xcode/DerivedData/ChessScanner-euukheddappmemcngwqshzhuduna/SourcePackages/checkouts/chesskit-engine/Sources/ChessKitEngineCore/Engines/Stockfish/src/thread.cpp normal arm64 c++ com.apple.compilers.llvm.clang.1_0.compiler (in target 'ChessKitEngineCore' from project 'ChessKitEngine')
    cd /Users/runner/work/chess-scanner-app/chess-scanner-app/ChessScanner.xcodeproj
    
    Using response file: /Users/runner/Library/Developer/Xcode/DerivedData/ChessScanner-euukheddappmemcngwqshzhuduna/Build/Intermediates.noindex/ChessKitEngine.build/Debug-iphonesimulator/ChessKitEngineCore.build/Objects-normal/arm64/82b82416624d2658e5098eb0a28c15c5-common-args.resp
    
    /Applications/Xcode_26.3.app/Contents/Developer/Toolchains/XcodeDefault.xctoolchain/usr/bin/clang -x c++ -ivfsstatcache /Users/runner/Library/Developer/Xcode/DerivedData/SDKStatCaches.noindex/iphonesimulator26.2-23C57-dc75598d0054f22ec865fa860f139d72e244bd9a5feaf902f95f61bf06266e52.sdkstatcache -fmessage-length\=0 -fdiagnostics-show-note-include-stack -fmacro-backtrace-limit\=0 -fno-color-diagnostics -fmodules-prune-interval\=86400 -fmodules-prune-after\=345600 -fbuild-session-file\=/Users/runner/Library/Developer/Xcode/DerivedData/ModuleCache.noindex/Session.modulevalidation -fmodules-validate-once-per-build-session -Wnon-modular-include-in-framework-module -Werror\=non-modular-include-in-framework-module -Wno-trigraphs -Wno-missing-field-initializers -Wno-missing-prototypes -Wno-return-type -Wno-non-virtual-dtor -Wno-overloaded-virtual -Wno-exit-time-destructors -Wno-missing-braces -Wparentheses -Wswitch -Wno-unused-function -Wno-unused-label -Wno-unused-parameter -Wno-unused-variable -Wunused-value -Wno-empty-body -Wno-uninitialized -Wno-unknown-pragmas -w -Wno-shadow -Wno-four-char-constants -Wno-conversion -Wno-constant-conversion -Wno-int-conversion -Wno-bool-conversion -Wno-enum-conversion -Wno-float-conversion -Wno-non-literal-null-conversion -Wno-objc-literal-conversion -Wshorten-64-to-32 -Wno-newline-eof -Wno-c++11-extensions -Wno-implicit-fallthrough -fstrict-aliasing -Wdeprecated-declarations -Winvalid-offsetof -Wno-sign-conversion -Wno-infinite-recursion -Wno-move -Wno-comma -Wno-block-capture-autoreleasing -Wno-strict-prototypes -Wno-range-loop-analysis -Wno-semicolon-before-method-body -index-store-path /Users/runner/Library/Developer/Xcode/DerivedData/ChessScanner-euukheddappmemcngwqshzhuduna/Index.noindex/DataStore @/Users/runner/Library/Developer/Xcode/DerivedData/ChessScanner-euukheddappmemcngwqshzhuduna/Build/Intermediates.noindex/ChessKitEngine.build/Debug-iphonesimulator/ChessKitEngineCore.build/Objects-normal/arm64/82b82416624d2658e5098eb0a28c15c5-common-args.resp -MMD -MT dependencies -MF /Users/runner/Library/Developer/Xcode/DerivedData/ChessScanner-euukheddappmemcngwqshzhuduna/Build/Intermediates.noindex/ChessKitEngine.build/Debug-iphonesimulator/ChessKitEngineCore.build/Objects-normal/arm64/thread.d --serialize-diagnostics /Users/runner/Library/Developer/Xcode/DerivedData/ChessScanner-euukheddappmemcngwqshzhuduna/Build/Intermediates.noindex/ChessKitEngine.build/Debug-iphonesimulator/ChessKitEngineCore.build/Objects-normal/arm64/thread.dia -c /Users/runner/Library/Developer/Xcode/DerivedData/ChessScanner-euukheddappmemcngwqshzhuduna/SourcePackages/checkouts/chesskit-engine/Sources/ChessKitEngineCore/Engines/Stockfish/src/thread.cpp -o /Users/runner/Library/Developer/Xcode/DerivedData/ChessScanner-euukheddappmemcngwqshzhuduna/Build/Intermediates.noindex/ChessKitEngine.build/Debug-iphonesimulator/ChessKitEngineCore.build/Objects-normal/arm64/thread.o -index-unit-output-path /ChessKitEngine.build/Debug-iphonesimulator/ChessKitEngineCore.build/Objects-normal/arm64/thread.o

SwiftEmitModule normal arm64 Emitting\ module\ for\ ChessKitEngine (in target 'ChessKitEngine' from project 'ChessKitEngine')

EmitSwiftModule normal arm64 (in target 'ChessKitEngine' from project 'ChessKitEngine')
    cd /Users/runner/work/chess-scanner-app/chess-scanner-app/ChessScanner.xcodeproj
    

CompileC /Users/runner/Library/Developer/Xcode/DerivedData/ChessScanner-euukheddappmemcngwqshzhuduna/Build/Intermediates.noindex/ChessKitEngine.build/Debug-iphonesimulator/ChessKitEngineCore.build/Objects-normal/arm64/tbprobe.o /Users/runner/Library/Developer/Xcode/DerivedData/ChessScanner-euukheddappmemcngwqshzhuduna/SourcePackages/checkouts/chesskit-engine/Sources/ChessKitEngineCore/Engines/Stockfish/src/syzygy/tbprobe.cpp normal arm64 c++ com.apple.compilers.llvm.clang.1_0.compiler (in target 'ChessKitEngineCore' from project 'ChessKitEngine')
    cd /Users/runner/work/chess-scanner-app/chess-scanner-app/ChessScanner.xcodeproj
    
    Using response file: /Users/runner/Library/Developer/Xcode/DerivedData/ChessScanner-euukheddappmemcngwqshzhuduna/Build/Intermediates.noindex/ChessKitEngine.build/Debug-iphonesimulator/ChessKitEngineCore.build/Objects-normal/arm64/82b82416624d2658e5098eb0a28c15c5-common-args.resp
    
    /Applications/Xcode_26.3.app/Contents/Developer/Toolchains/XcodeDefault.xctoolchain/usr/bin/clang -x c++ -ivfsstatcache /Users/runner/Library/Developer/Xcode/DerivedData/SDKStatCaches.noindex/iphonesimulator26.2-23C57-dc75598d0054f22ec865fa860f139d72e244bd9a5feaf902f95f61bf06266e52.sdkstatcache -fmessage-length\=0 -fdiagnostics-show-note-include-stack -fmacro-backtrace-limit\=0 -fno-color-diagnostics -fmodules-prune-interval\=86400 -fmodules-prune-after\=345600 -fbuild-session-file\=/Users/runner/Library/Developer/Xcode/DerivedData/ModuleCache.noindex/Session.modulevalidation -fmodules-validate-once-per-build-session -Wnon-modular-include-in-framework-module -Werror\=non-modular-include-in-framework-module -Wno-trigraphs -Wno-missing-field-initializers -Wno-missing-prototypes -Wno-return-type -Wno-non-virtual-dtor -Wno-overloaded-virtual -Wno-exit-time-destructors -Wno-missing-braces -Wparentheses -Wswitch -Wno-unused-function -Wno-unused-label -Wno-unused-parameter -Wno-unused-variable -Wunused-value -Wno-empty-body -Wno-uninitialized -Wno-unknown-pragmas -w -Wno-shadow -Wno-four-char-constants -Wno-conversion -Wno-constant-conversion -Wno-int-conversion -Wno-bool-conversion -Wno-enum-conversion -Wno-float-conversion -Wno-non-literal-null-conversion -Wno-objc-literal-conversion -Wshorten-64-to-32 -Wno-newline-eof -Wno-c++11-extensions -Wno-implicit-fallthrough -fstrict-aliasing -Wdeprecated-declarations -Winvalid-offsetof -Wno-sign-conversion -Wno-infinite-recursion -Wno-move -Wno-comma -Wno-block-capture-autoreleasing -Wno-strict-prototypes -Wno-range-loop-analysis -Wno-semicolon-before-method-body -index-store-path /Users/runner/Library/Developer/Xcode/DerivedData/ChessScanner-euukheddappmemcngwqshzhuduna/Index.noindex/DataStore @/Users/runner/Library/Developer/Xcode/DerivedData/ChessScanner-euukheddappmemcngwqshzhuduna/Build/Intermediates.noindex/ChessKitEngine.build/Debug-iphonesimulator/ChessKitEngineCore.build/Objects-normal/arm64/82b82416624d2658e5098eb0a28c15c5-common-args.resp -MMD -MT dependencies -MF /Users/runner/Library/Developer/Xcode/DerivedData/ChessScanner-euukheddappmemcngwqshzhuduna/Build/Intermediates.noindex/ChessKitEngine.build/Debug-iphonesimulator/ChessKitEngineCore.build/Objects-normal/arm64/tbprobe.d --serialize-diagnostics /Users/runner/Library/Developer/Xcode/DerivedData/ChessScanner-euukheddappmemcngwqshzhuduna/Build/Intermediates.noindex/ChessKitEngine.build/Debug-iphonesimulator/ChessKitEngineCore.build/Objects-normal/arm64/tbprobe.dia -c /Users/runner/Library/Developer/Xcode/DerivedData/ChessScanner-euukheddappmemcngwqshzhuduna/SourcePackages/checkouts/chesskit-engine/Sources/ChessKitEngineCore/Engines/Stockfish/src/syzygy/tbprobe.cpp -o /Users/runner/Library/Developer/Xcode/DerivedData/ChessScanner-euukheddappmemcngwqshzhuduna/Build/Intermediates.noindex/ChessKitEngine.build/Debug-iphonesimulator/ChessKitEngineCore.build/Objects-normal/arm64/tbprobe.o -index-unit-output-path /ChessKitEngine.build/Debug-iphonesimulator/ChessKitEngineCore.build/Objects-normal/arm64/tbprobe.o

CompileC /Users/runner/Library/Developer/Xcode/DerivedData/ChessScanner-euukheddappmemcngwqshzhuduna/Build/Intermediates.noindex/ChessKitEngine.build/Debug-iphonesimulator/ChessKitEngineCore.build/Objects-normal/arm64/syzygy.o /Users/runner/Library/Developer/Xcode/DerivedData/ChessScanner-euukheddappmemcngwqshzhuduna/SourcePackages/checkouts/chesskit-engine/Sources/ChessKitEngineCore/Engines/lc0/src/syzygy/syzygy.cc normal arm64 c++ com.apple.compilers.llvm.clang.1_0.compiler (in target 'ChessKitEngineCore' from project 'ChessKitEngine')
    cd /Users/runner/work/chess-scanner-app/chess-scanner-app/ChessScanner.xcodeproj
    
    Using response file: /Users/runner/Library/Developer/Xcode/DerivedData/ChessScanner-euukheddappmemcngwqshzhuduna/Build/Intermediates.noindex/ChessKitEngine.build/Debug-iphonesimulator/ChessKitEngineCore.build/Objects-normal/arm64/82b82416624d2658e5098eb0a28c15c5-common-args.resp
    
    /Applications/Xcode_26.3.app/Contents/Developer/Toolchains/XcodeDefault.xctoolchain/usr/bin/clang -x c++ -ivfsstatcache /Users/runner/Library/Developer/Xcode/DerivedData/SDKStatCaches.noindex/iphonesimulator26.2-23C57-dc75598d0054f22ec865fa860f139d72e244bd9a5feaf902f95f61bf06266e52.sdkstatcache -fmessage-length\=0 -fdiagnostics-show-note-include-stack -fmacro-backtrace-limit\=0 -fno-color-diagnostics -fmodules-prune-interval\=86400 -fmodules-prune-after\=345600 -fbuild-session-file\=/Users/runner/Library/Developer/Xcode/DerivedData/ModuleCache.noindex/Session.modulevalidation -fmodules-validate-once-per-build-session -Wnon-modular-include-in-framework-module -Werror\=non-modular-include-in-framework-module -Wno-trigraphs -Wno-missing-field-initializers -Wno-missing-prototypes -Wno-return-type -Wno-non-virtual-dtor -Wno-overloaded-virtual -Wno-exit-time-destructors -Wno-missing-braces -Wparentheses -Wswitch -Wno-unused-function -Wno-unused-label -Wno-unused-parameter -Wno-unused-variable -Wunused-value -Wno-empty-body -Wno-uninitialized -Wno-unknown-pragmas -w -Wno-shadow -Wno-four-char-constants -Wno-conversion -Wno-constant-conversion -Wno-int-conversion -Wno-bool-conversion -Wno-enum-conversion -Wno-float-conversion -Wno-non-literal-null-conversion -Wno-objc-literal-conversion -Wshorten-64-to-32 -Wno-newline-eof -Wno-c++11-extensions -Wno-implicit-fallthrough -fstrict-aliasing -Wdeprecated-declarations -Winvalid-offsetof -Wno-sign-conversion -Wno-infinite-recursion -Wno-move -Wno-comma -Wno-block-capture-autoreleasing -Wno-strict-prototypes -Wno-range-loop-analysis -Wno-semicolon-before-method-body -index-store-path /Users/runner/Library/Developer/Xcode/DerivedData/ChessScanner-euukheddappmemcngwqshzhuduna/Index.noindex/DataStore @/Users/runner/Library/Developer/Xcode/DerivedData/ChessScanner-euukheddappmemcngwqshzhuduna/Build/Intermediates.noindex/ChessKitEngine.build/Debug-iphonesimulator/ChessKitEngineCore.build/Objects-normal/arm64/82b82416624d2658e5098eb0a28c15c5-common-args.resp -MMD -MT dependencies -MF /Users/runner/Library/Developer/Xcode/DerivedData/ChessScanner-euukheddappmemcngwqshzhuduna/Build/Intermediates.noindex/ChessKitEngine.build/Debug-iphonesimulator/ChessKitEngineCore.build/Objects-normal/arm64/syzygy.d --serialize-diagnostics /Users/runner/Library/Developer/Xcode/DerivedData/ChessScanner-euukheddappmemcngwqshzhuduna/Build/Intermediates.noindex/ChessKitEngine.build/Debug-iphonesimulator/ChessKitEngineCore.build/Objects-normal/arm64/syzygy.dia -c /Users/runner/Library/Developer/Xcode/DerivedData/ChessScanner-euukheddappmemcngwqshzhuduna/SourcePackages/checkouts/chesskit-engine/Sources/ChessKitEngineCore/Engines/lc0/src/syzygy/syzygy.cc -o /Users/runner/Library/Developer/Xcode/DerivedData/ChessScanner-euukheddappmemcngwqshzhuduna/Build/Intermediates.noindex/ChessKitEngine.build/Debug-iphonesimulator/ChessKitEngineCore.build/Objects-normal/arm64/syzygy.o -index-unit-output-path /ChessKitEngine.build/Debug-iphonesimulator/ChessKitEngineCore.build/Objects-normal/arm64/syzygy.o

SwiftDriverJobDiscovery normal arm64 Emitting module for ChessKitEngine (in target 'ChessKitEngine' from project 'ChessKitEngine')

SwiftDriver\ Compilation\ Requirements ChessKitEngine normal arm64 com.apple.xcode.tools.swift.compiler (in target 'ChessKitEngine' from project 'ChessKitEngine')
    cd /Users/runner/work/chess-scanner-app/chess-scanner-app/ChessScanner.xcodeproj
    builtin-Swift-Compilation-Requirements -- /Applications/Xcode_26.3.app/Contents/Developer/Toolchains/XcodeDefault.xctoolchain/usr/bin/swiftc -module-name ChessKitEngine -Onone -enforce-exclusivity\=checked @/Users/runner/Library/Developer/Xcode/DerivedData/ChessScanner-euukheddappmemcngwqshzhuduna/Build/Intermediates.noindex/ChessKitEngine.build/Debug-iphonesimulator/ChessKitEngine.build/Objects-normal/arm64/ChessKitEngine.SwiftFileList -DSWIFT_PACKAGE -DDEBUG -DSWIFT_MODULE_RESOURCE_BUNDLE_UNAVAILABLE -Xcc -fmodule-map-file\=/Users/runner/Library/Developer/Xcode/DerivedData/ChessScanner-euukheddappmemcngwqshzhuduna/Build/Intermediates.noindex/GeneratedModuleMaps-iphonesimulator/ChessKitEngineCore.modulemap -DXcode -plugin-path /Applications/Xcode_26.3.app/Contents/Developer/Toolchains/XcodeDefault.xctoolchain/usr/lib/swift/host/plugins/testing -enable-experimental-feature DebugDescriptionMacro -sdk /Applications/Xcode_26.3.app/Contents/Developer/Platforms/iPhoneSimulator.platform/Developer/SDKs/iPhoneSimulator26.2.sdk -target arm64-apple-ios16.0-simulator -g -module-cache-path /Users/runner/Library/Developer/Xcode/DerivedData/ModuleCache.noindex -Xfrontend -serialize-debugging-options -enable-testing -suppress-warnings -index-store-path /Users/runner/Library/Developer/Xcode/DerivedData/ChessScanner-euukheddappmemcngwqshzhuduna/Index.noindex/DataStore -Xcc -D_LIBCPP_HARDENING_MODE\=_LIBCPP_HARDENING_MODE_DEBUG -swift-version 6 -I /Users/runner/Library/Developer/Xcode/DerivedData/ChessScanner-euukheddappmemcngwqshzhuduna/Build/Products/Debug-iphonesimulator -Isystem /Applications/Xcode_26.3.app/Contents/Developer/Platforms/iPhoneSimulator.platform/Developer/usr/lib -F /Users/runner/Library/Developer/Xcode/DerivedData/ChessScanner-euukheddappmemcngwqshzhuduna/Build/Products/Debug-iphonesimulator/PackageFrameworks -F /Users/runner/Library/Developer/Xcode/DerivedData/ChessScanner-euukheddappmemcngwqshzhuduna/Build/Products/Debug-iphonesimulator -F /Applications/Xcode_26.3.app/Contents/Developer/Platforms/iPhoneSimulator.platform/Developer/Library/Frameworks -F /Applications/Xcode_26.3.app/Contents/Developer/Platforms/iPhoneSimulator.platform/Developer/SDKs/iPhoneSimulator26.2.sdk/Developer/Library/Frameworks -c -j3 -enable-batch-mode -incremental -Xcc -ivfsstatcache -Xcc /Users/runner/Library/Developer/Xcode/DerivedData/SDKStatCaches.noindex/iphonesimulator26.2-23C57-dc75598d0054f22ec865fa860f139d72e244bd9a5feaf902f95f61bf06266e52.sdkstatcache -output-file-map /Users/runner/Library/Developer/Xcode/DerivedData/ChessScanner-euukheddappmemcngwqshzhuduna/Build/Intermediates.noindex/ChessKitEngine.build/Debug-iphonesimulator/ChessKitEngine.build/Objects-normal/arm64/ChessKitEngine-OutputFileMap.json -use-frontend-parseable-output -save-temps -no-color-diagnostics -explicit-module-build -module-cache-path /Users/runner/Library/Developer/Xcode/DerivedData/ChessScanner-euukheddappmemcngwqshzhuduna/Build/Intermediates.noindex/SwiftExplicitPrecompiledModules -clang-scanner-module-cache-path /Users/runner/Library/Developer/Xcode/DerivedData/ModuleCache.noindex -sdk-module-cache-path /Users/runner/Library/Developer/Xcode/DerivedData/ModuleCache.noindex -serialize-diagnostics -emit-dependencies -emit-module -emit-module-path /Users/runner/Library/Developer/Xcode/DerivedData/ChessScanner-euukheddappmemcngwqshzhuduna/Build/Intermediates.noindex/ChessKitEngine.build/Debug-iphonesimulator/ChessKitEngine.build/Objects-normal/arm64/ChessKitEngine.swiftmodule -user-module-version 0.7.0 -validate-clang-modules-once -clang-build-session-file /Users/runner/Library/Developer/Xcode/DerivedData/ModuleCache.noindex/Session.modulevalidation -package-name chesskit_engine -Xcc -I/Users/runner/Library/Developer/Xcode/DerivedData/ChessScanner-euukheddappmemcngwqshzhuduna/Build/Intermediates.noindex/ChessKitEngine.build/Debug-iphonesimulator/ChessKitEngine.build/swift-overrides.hmap -emit-const-values -Xfrontend -const-gather-protocols-file -Xfrontend /Users/runner/Library/Developer/Xcode/DerivedData/ChessScanner-euukheddappmemcngwqshzhuduna/Build/Intermediates.noindex/ChessKitEngine.build/Debug-iphonesimulator/ChessKitEngine.build/Objects-normal/arm64/ChessKitEngine_const_extract_protocols.json -Xcc -I/Users/runner/Library/Developer/Xcode/DerivedData/ChessScanner-euukheddappmemcngwqshzhuduna/SourcePackages/checkouts/chesskit-engine/Sources/ChessKitEngineCore/include -Xcc -I/Users/runner/Library/Developer/Xcode/DerivedData/ChessScanner-euukheddappmemcngwqshzhuduna/Build/Products/Debug-iphonesimulator/include -Xcc -I/Users/runner/Library/Developer/Xcode/DerivedData/ChessScanner-euukheddappmemcngwqshzhuduna/Build/Intermediates.noindex/ChessKitEngine.build/Debug-iphonesimulator/ChessKitEngine.build/DerivedSources-normal/arm64 -Xcc -I/Users/runner/Library/Developer/Xcode/DerivedData/ChessScanner-euukheddappmemcngwqshzhuduna/Build/Intermediates.noindex/ChessKitEngine.build/Debug-iphonesimulator/ChessKitEngine.build/DerivedSources/arm64 -Xcc -I/Users/runner/Library/Developer/Xcode/DerivedData/ChessScanner-euukheddappmemcngwqshzhuduna/Build/Intermediates.noindex/ChessKitEngine.build/Debug-iphonesimulator/ChessKitEngine.build/DerivedSources -Xcc -DSWIFT_PACKAGE -Xcc -DDEBUG\=1 -emit-objc-header -emit-objc-header-path /Users/runner/Library/Developer/Xcode/DerivedData/ChessScanner-euukheddappmemcngwqshzhuduna/Build/Intermediates.noindex/ChessKitEngine.build/Debug-iphonesimulator/ChessKitEngine.build/Objects-normal/arm64/ChessKitEngine-Swift.h -working-directory /Users/runner/work/chess-scanner-app/chess-scanner-app/ChessScanner.xcodeproj -experimental-emit-module-separately -disable-cmo

CompileC /Users/runner/Library/Developer/Xcode/DerivedData/ChessScanner-euukheddappmemcngwqshzhuduna/Build/Intermediates.noindex/ChessKitEngine.build/Debug-iphonesimulator/ChessKitEngineCore.build/Objects-normal/arm64/string.o /Users/runner/Library/Developer/Xcode/DerivedData/ChessScanner-euukheddappmemcngwqshzhuduna/SourcePackages/checkouts/chesskit-engine/Sources/ChessKitEngineCore/Engines/lc0/src/utils/string.cc normal arm64 c++ com.apple.compilers.llvm.clang.1_0.compiler (in target 'ChessKitEngineCore' from project 'ChessKitEngine')
    cd /Users/runner/work/chess-scanner-app/chess-scanner-app/ChessScanner.xcodeproj
    
    Using response file: /Users/runner/Library/Developer/Xcode/DerivedData/ChessScanner-euukheddappmemcngwqshzhuduna/Build/Intermediates.noindex/ChessKitEngine.build/Debug-iphonesimulator/ChessKitEngineCore.build/Objects-normal/arm64/82b82416624d2658e5098eb0a28c15c5-common-args.resp
    
    /Applications/Xcode_26.3.app/Contents/Developer/Toolchains/XcodeDefault.xctoolchain/usr/bin/clang -x c++ -ivfsstatcache /Users/runner/Library/Developer/Xcode/DerivedData/SDKStatCaches.noindex/iphonesimulator26.2-23C57-dc75598d0054f22ec865fa860f139d72e244bd9a5feaf902f95f61bf06266e52.sdkstatcache -fmessage-length\=0 -fdiagnostics-show-note-include-stack -fmacro-backtrace-limit\=0 -fno-color-diagnostics -fmodules-prune-interval\=86400 -fmodules-prune-after\=345600 -fbuild-session-file\=/Users/runner/Library/Developer/Xcode/DerivedData/ModuleCache.noindex/Session.modulevalidation -fmodules-validate-once-per-build-session -Wnon-modular-include-in-framework-module -Werror\=non-modular-include-in-framework-module -Wno-trigraphs -Wno-missing-field-initializers -Wno-missing-prototypes -Wno-return-type -Wno-non-virtual-dtor -Wno-overloaded-virtual -Wno-exit-time-destructors -Wno-missing-braces -Wparentheses -Wswitch -Wno-unused-function -Wno-unused-label -Wno-unused-parameter -Wno-unused-variable -Wunused-value -Wno-empty-body -Wno-uninitialized -Wno-unknown-pragmas -w -Wno-shadow -Wno-four-char-constants -Wno-conversion -Wno-constant-conversion -Wno-int-conversion -Wno-bool-conversion -Wno-enum-conversion -Wno-float-conversion -Wno-non-literal-null-conversion -Wno-objc-literal-conversion -Wshorten-64-to-32 -Wno-newline-eof -Wno-c++11-extensions -Wno-implicit-fallthrough -fstrict-aliasing -Wdeprecated-declarations -Winvalid-offsetof -Wno-sign-conversion -Wno-infinite-recursion -Wno-move -Wno-comma -Wno-block-capture-autoreleasing -Wno-strict-prototypes -Wno-range-loop-analysis -Wno-semicolon-before-method-body -index-store-path /Users/runner/Library/Developer/Xcode/DerivedData/ChessScanner-euukheddappmemcngwqshzhuduna/Index.noindex/DataStore @/Users/runner/Library/Developer/Xcode/DerivedData/ChessScanner-euukheddappmemcngwqshzhuduna/Build/Intermediates.noindex/ChessKitEngine.build/Debug-iphonesimulator/ChessKitEngineCore.build/Objects-normal/arm64/82b82416624d2658e5098eb0a28c15c5-common-args.resp -MMD -MT dependencies -MF /Users/runner/Library/Developer/Xcode/DerivedData/ChessScanner-euukheddappmemcngwqshzhuduna/Build/Intermediates.noindex/ChessKitEngine.build/Debug-iphonesimulator/ChessKitEngineCore.build/Objects-normal/arm64/string.d --serialize-diagnostics /Users/runner/Library/Developer/Xcode/DerivedData/ChessScanner-euukheddappmemcngwqshzhuduna/Build/Intermediates.noindex/ChessKitEngine.build/Debug-iphonesimulator/ChessKitEngineCore.build/Objects-normal/arm64/string.dia -c /Users/runner/Library/Developer/Xcode/DerivedData/ChessScanner-euukheddappmemcngwqshzhuduna/SourcePackages/checkouts/chesskit-engine/Sources/ChessKitEngineCore/Engines/lc0/src/utils/string.cc -o /Users/runner/Library/Developer/Xcode/DerivedData/ChessScanner-euukheddappmemcngwqshzhuduna/Build/Intermediates.noindex/ChessKitEngine.build/Debug-iphonesimulator/ChessKitEngineCore.build/Objects-normal/arm64/string.o -index-unit-output-path /ChessKitEngine.build/Debug-iphonesimulator/ChessKitEngineCore.build/Objects-normal/arm64/string.o

SwiftMergeGeneratedHeaders /Users/runner/Library/Developer/Xcode/DerivedData/ChessScanner-euukheddappmemcngwqshzhuduna/Build/Intermediates.noindex/GeneratedModuleMaps-iphonesimulator/ChessKitEngine-Swift.h /Users/runner/Library/Developer/Xcode/DerivedData/ChessScanner-euukheddappmemcngwqshzhuduna/Build/Intermediates.noindex/ChessKitEngine.build/Debug-iphonesimulator/ChessKitEngine.build/Objects-normal/arm64/ChessKitEngine-Swift.h (in target 'ChessKitEngine' from project 'ChessKitEngine')
    cd /Users/runner/Library/Developer/Xcode/DerivedData/ChessScanner-euukheddappmemcngwqshzhuduna/SourcePackages/checkouts/chesskit-engine
    builtin-swiftHeaderTool -arch arm64 /Users/runner/Library/Developer/Xcode/DerivedData/ChessScanner-euukheddappmemcngwqshzhuduna/Build/Intermediates.noindex/ChessKitEngine.build/Debug-iphonesimulator/ChessKitEngine.build/Objects-normal/arm64/ChessKitEngine-Swift.h -o /Users/runner/Library/Developer/Xcode/DerivedData/ChessScanner-euukheddappmemcngwqshzhuduna/Build/Intermediates.noindex/GeneratedModuleMaps-iphonesimulator/ChessKitEngine-Swift.h

Copy /Users/runner/Library/Developer/Xcode/DerivedData/ChessScanner-euukheddappmemcngwqshzhuduna/Build/Products/Debug-iphonesimulator/ChessKitEngine.swiftmodule/arm64-apple-ios-simulator.swiftmodule /Users/runner/Library/Developer/Xcode/DerivedData/ChessScanner-euukheddappmemcngwqshzhuduna/Build/Intermediates.noindex/ChessKitEngine.build/Debug-iphonesimulator/ChessKitEngine.build/Objects-normal/arm64/ChessKitEngine.swiftmodule (in target 'ChessKitEngine' from project 'ChessKitEngine')
    cd /Users/runner/Library/Developer/Xcode/DerivedData/ChessScanner-euukheddappmemcngwqshzhuduna/SourcePackages/checkouts/chesskit-engine
    builtin-copy -exclude .DS_Store -exclude CVS -exclude .svn -exclude .git -exclude .hg -resolve-src-symlinks -rename /Users/runner/Library/Developer/Xcode/DerivedData/ChessScanner-euukheddappmemcngwqshzhuduna/Build/Intermediates.noindex/ChessKitEngine.build/Debug-iphonesimulator/ChessKitEngine.build/Objects-normal/arm64/ChessKitEngine.swiftmodule /Users/runner/Library/Developer/Xcode/DerivedData/ChessScanner-euukheddappmemcngwqshzhuduna/Build/Products/Debug-iphonesimulator/ChessKitEngine.swiftmodule/arm64-apple-ios-simulator.swiftmodule

Copy /Users/runner/Library/Developer/Xcode/DerivedData/ChessScanner-euukheddappmemcngwqshzhuduna/Build/Products/Debug-iphonesimulator/ChessKitEngine.swiftmodule/arm64-apple-ios-simulator.swiftdoc /Users/runner/Library/Developer/Xcode/DerivedData/ChessScanner-euukheddappmemcngwqshzhuduna/Build/Intermediates.noindex/ChessKitEngine.build/Debug-iphonesimulator/ChessKitEngine.build/Objects-normal/arm64/ChessKitEngine.swiftdoc (in target 'ChessKitEngine' from project 'ChessKitEngine')
    cd /Users/runner/Library/Developer/Xcode/DerivedData/ChessScanner-euukheddappmemcngwqshzhuduna/SourcePackages/checkouts/chesskit-engine
    builtin-copy -exclude .DS_Store -exclude CVS -exclude .svn -exclude .git -exclude .hg -resolve-src-symlinks -rename /Users/runner/Library/Developer/Xcode/DerivedData/ChessScanner-euukheddappmemcngwqshzhuduna/Build/Intermediates.noindex/ChessKitEngine.build/Debug-iphonesimulator/ChessKitEngine.build/Objects-normal/arm64/ChessKitEngine.swiftdoc /Users/runner/Library/Developer/Xcode/DerivedData/ChessScanner-euukheddappmemcngwqshzhuduna/Build/Products/Debug-iphonesimulator/ChessKitEngine.swiftmodule/arm64-apple-ios-simulator.swiftdoc

Copy /Users/runner/Library/Developer/Xcode/DerivedData/ChessScanner-euukheddappmemcngwqshzhuduna/Build/Products/Debug-iphonesimulator/ChessKitEngine.swiftmodule/arm64-apple-ios-simulator.abi.json /Users/runner/Library/Developer/Xcode/DerivedData/ChessScanner-euukheddappmemcngwqshzhuduna/Build/Intermediates.noindex/ChessKitEngine.build/Debug-iphonesimulator/ChessKitEngine.build/Objects-normal/arm64/ChessKitEngine.abi.json (in target 'ChessKitEngine' from project 'ChessKitEngine')
    cd /Users/runner/Library/Developer/Xcode/DerivedData/ChessScanner-euukheddappmemcngwqshzhuduna/SourcePackages/checkouts/chesskit-engine
    builtin-copy -exclude .DS_Store -exclude CVS -exclude .svn -exclude .git -exclude .hg -resolve-src-symlinks -rename /Users/runner/Library/Developer/Xcode/DerivedData/ChessScanner-euukheddappmemcngwqshzhuduna/Build/Intermediates.noindex/ChessKitEngine.build/Debug-iphonesimulator/ChessKitEngine.build/Objects-normal/arm64/ChessKitEngine.abi.json /Users/runner/Library/Developer/Xcode/DerivedData/ChessScanner-euukheddappmemcngwqshzhuduna/Build/Products/Debug-iphonesimulator/ChessKitEngine.swiftmodule/arm64-apple-ios-simulator.abi.json

Copy /Users/runner/Library/Developer/Xcode/DerivedData/ChessScanner-euukheddappmemcngwqshzhuduna/Build/Products/Debug-iphonesimulator/ChessKitEngine.swiftmodule/Project/arm64-apple-ios-simulator.swiftsourceinfo /Users/runner/Library/Developer/Xcode/DerivedData/ChessScanner-euukheddappmemcngwqshzhuduna/Build/Intermediates.noindex/ChessKitEngine.build/Debug-iphonesimulator/ChessKitEngine.build/Objects-normal/arm64/ChessKitEngine.swiftsourceinfo (in target 'ChessKitEngine' from project 'ChessKitEngine')
    cd /Users/runner/Library/Developer/Xcode/DerivedData/ChessScanner-euukheddappmemcngwqshzhuduna/SourcePackages/checkouts/chesskit-engine
    builtin-copy -exclude .DS_Store -exclude CVS -exclude .svn -exclude .git -exclude .hg -resolve-src-symlinks -rename /Users/runner/Library/Developer/Xcode/DerivedData/ChessScanner-euukheddappmemcngwqshzhuduna/Build/Intermediates.noindex/ChessKitEngine.build/Debug-iphonesimulator/ChessKitEngine.build/Objects-normal/arm64/ChessKitEngine.swiftsourceinfo /Users/runner/Library/Developer/Xcode/DerivedData/ChessScanner-euukheddappmemcngwqshzhuduna/Build/Products/Debug-iphonesimulator/ChessKitEngine.swiftmodule/Project/arm64-apple-ios-simulator.swiftsourceinfo

CompileC /Users/runner/Library/Developer/Xcode/DerivedData/ChessScanner-euukheddappmemcngwqshzhuduna/Build/Intermediates.noindex/ChessKitEngine.build/Debug-iphonesimulator/ChessKitEngineCore.build/Objects-normal/arm64/stoppers.o /Users/runner/Library/Developer/Xcode/DerivedData/ChessScanner-euukheddappmemcngwqshzhuduna/SourcePackages/checkouts/chesskit-engine/Sources/ChessKitEngineCore/Engines/lc0/src/mcts/stoppers/stoppers.cc normal arm64 c++ com.apple.compilers.llvm.clang.1_0.compiler (in target 'ChessKitEngineCore' from project 'ChessKitEngine')
    cd /Users/runner/work/chess-scanner-app/chess-scanner-app/ChessScanner.xcodeproj
    
    Using response file: /Users/runner/Library/Developer/Xcode/DerivedData/ChessScanner-euukheddappmemcngwqshzhuduna/Build/Intermediates.noindex/ChessKitEngine.build/Debug-iphonesimulator/ChessKitEngineCore.build/Objects-normal/arm64/82b82416624d2658e5098eb0a28c15c5-common-args.resp
    
    /Applications/Xcode_26.3.app/Contents/Developer/Toolchains/XcodeDefault.xctoolchain/usr/bin/clang -x c++ -ivfsstatcache /Users/runner/Library/Developer/Xcode/DerivedData/SDKStatCaches.noindex/iphonesimulator26.2-23C57-dc75598d0054f22ec865fa860f139d72e244bd9a5feaf902f95f61bf06266e52.sdkstatcache -fmessage-length\=0 -fdiagnostics-show-note-include-stack -fmacro-backtrace-limit\=0 -fno-color-diagnostics -fmodules-prune-interval\=86400 -fmodules-prune-after\=345600 -fbuild-session-file\=/Users/runner/Library/Developer/Xcode/DerivedData/ModuleCache.noindex/Session.modulevalidation -fmodules-validate-once-per-build-session -Wnon-modular-include-in-framework-module -Werror\=non-modular-include-in-framework-module -Wno-trigraphs -Wno-missing-field-initializers -Wno-missing-prototypes -Wno-return-type -Wno-non-virtual-dtor -Wno-overloaded-virtual -Wno-exit-time-destructors -Wno-missing-braces -Wparentheses -Wswitch -Wno-unused-function -Wno-unused-label -Wno-unused-parameter -Wno-unused-variable -Wunused-value -Wno-empty-body -Wno-uninitialized -Wno-unknown-pragmas -w -Wno-shadow -Wno-four-char-constants -Wno-conversion -Wno-constant-conversion -Wno-int-conversion -Wno-bool-conversion -Wno-enum-conversion -Wno-float-conversion -Wno-non-literal-null-conversion -Wno-objc-literal-conversion -Wshorten-64-to-32 -Wno-newline-eof -Wno-c++11-extensions -Wno-implicit-fallthrough -fstrict-aliasing -Wdeprecated-declarations -Winvalid-offsetof -Wno-sign-conversion -Wno-infinite-recursion -Wno-move -Wno-comma -Wno-block-capture-autoreleasing -Wno-strict-prototypes -Wno-range-loop-analysis -Wno-semicolon-before-method-body -index-store-path /Users/runner/Library/Developer/Xcode/DerivedData/ChessScanner-euukheddappmemcngwqshzhuduna/Index.noindex/DataStore @/Users/runner/Library/Developer/Xcode/DerivedData/ChessScanner-euukheddappmemcngwqshzhuduna/Build/Intermediates.noindex/ChessKitEngine.build/Debug-iphonesimulator/ChessKitEngineCore.build/Objects-normal/arm64/82b82416624d2658e5098eb0a28c15c5-common-args.resp -MMD -MT dependencies -MF /Users/runner/Library/Developer/Xcode/DerivedData/ChessScanner-euukheddappmemcngwqshzhuduna/Build/Intermediates.noindex/ChessKitEngine.build/Debug-iphonesimulator/ChessKitEngineCore.build/Objects-normal/arm64/stoppers.d --serialize-diagnostics /Users/runner/Library/Developer/Xcode/DerivedData/ChessScanner-euukheddappmemcngwqshzhuduna/Build/Intermediates.noindex/ChessKitEngine.build/Debug-iphonesimulator/ChessKitEngineCore.build/Objects-normal/arm64/stoppers.dia -c /Users/runner/Library/Developer/Xcode/DerivedData/ChessScanner-euukheddappmemcngwqshzhuduna/SourcePackages/checkouts/chesskit-engine/Sources/ChessKitEngineCore/Engines/lc0/src/mcts/stoppers/stoppers.cc -o /Users/runner/Library/Developer/Xcode/DerivedData/ChessScanner-euukheddappmemcngwqshzhuduna/Build/Intermediates.noindex/ChessKitEngine.build/Debug-iphonesimulator/ChessKitEngineCore.build/Objects-normal/arm64/stoppers.o -index-unit-output-path /ChessKitEngine.build/Debug-iphonesimulator/ChessKitEngineCore.build/Objects-normal/arm64/stoppers.o

CompileC /Users/runner/Library/Developer/Xcode/DerivedData/ChessScanner-euukheddappmemcngwqshzhuduna/Build/Intermediates.noindex/ChessKitEngine.build/Debug-iphonesimulator/ChessKitEngineCore.build/Objects-normal/arm64/stockfish+engine.o /Users/runner/Library/Developer/Xcode/DerivedData/ChessScanner-euukheddappmemcngwqshzhuduna/SourcePackages/checkouts/chesskit-engine/Sources/ChessKitEngineCore/Engines/Extensions/stockfish+engine.cpp normal arm64 c++ com.apple.compilers.llvm.clang.1_0.compiler (in target 'ChessKitEngineCore' from project 'ChessKitEngine')
    cd /Users/runner/work/chess-scanner-app/chess-scanner-app/ChessScanner.xcodeproj
    
    Using response file: /Users/runner/Library/Developer/Xcode/DerivedData/ChessScanner-euukheddappmemcngwqshzhuduna/Build/Intermediates.noindex/ChessKitEngine.build/Debug-iphonesimulator/ChessKitEngineCore.build/Objects-normal/arm64/82b82416624d2658e5098eb0a28c15c5-common-args.resp
    
    /Applications/Xcode_26.3.app/Contents/Developer/Toolchains/XcodeDefault.xctoolchain/usr/bin/clang -x c++ -ivfsstatcache /Users/runner/Library/Developer/Xcode/DerivedData/SDKStatCaches.noindex/iphonesimulator26.2-23C57-dc75598d0054f22ec865fa860f139d72e244bd9a5feaf902f95f61bf06266e52.sdkstatcache -fmessage-length\=0 -fdiagnostics-show-note-include-stack -fmacro-backtrace-limit\=0 -fno-color-diagnostics -fmodules-prune-interval\=86400 -fmodules-prune-after\=345600 -fbuild-session-file\=/Users/runner/Library/Developer/Xcode/DerivedData/ModuleCache.noindex/Session.modulevalidation -fmodules-validate-once-per-build-session -Wnon-modular-include-in-framework-module -Werror\=non-modular-include-in-framework-module -Wno-trigraphs -Wno-missing-field-initializers -Wno-missing-prototypes -Wno-return-type -Wno-non-virtual-dtor -Wno-overloaded-virtual -Wno-exit-time-destructors -Wno-missing-braces -Wparentheses -Wswitch -Wno-unused-function -Wno-unused-label -Wno-unused-parameter -Wno-unused-variable -Wunused-value -Wno-empty-body -Wno-uninitialized -Wno-unknown-pragmas -w -Wno-shadow -Wno-four-char-constants -Wno-conversion -Wno-constant-conversion -Wno-int-conversion -Wno-bool-conversion -Wno-enum-conversion -Wno-float-conversion -Wno-non-literal-null-conversion -Wno-objc-literal-conversion -Wshorten-64-to-32 -Wno-newline-eof -Wno-c++11-extensions -Wno-implicit-fallthrough -fstrict-aliasing -Wdeprecated-declarations -Winvalid-offsetof -Wno-sign-conversion -Wno-infinite-recursion -Wno-move -Wno-comma -Wno-block-capture-autoreleasing -Wno-strict-prototypes -Wno-range-loop-analysis -Wno-semicolon-before-method-body -index-store-path /Users/runner/Library/Developer/Xcode/DerivedData/ChessScanner-euukheddappmemcngwqshzhuduna/Index.noindex/DataStore @/Users/runner/Library/Developer/Xcode/DerivedData/ChessScanner-euukheddappmemcngwqshzhuduna/Build/Intermediates.noindex/ChessKitEngine.build/Debug-iphonesimulator/ChessKitEngineCore.build/Objects-normal/arm64/82b82416624d2658e5098eb0a28c15c5-common-args.resp -MMD -MT dependencies -MF /Users/runner/Library/Developer/Xcode/DerivedData/ChessScanner-euukheddappmemcngwqshzhuduna/Build/Intermediates.noindex/ChessKitEngine.build/Debug-iphonesimulator/ChessKitEngineCore.build/Objects-normal/arm64/stockfish+engine.d --serialize-diagnostics /Users/runner/Library/Developer/Xcode/DerivedData/ChessScanner-euukheddappmemcngwqshzhuduna/Build/Intermediates.noindex/ChessKitEngine.build/Debug-iphonesimulator/ChessKitEngineCore.build/Objects-normal/arm64/stockfish+engine.dia -c /Users/runner/Library/Developer/Xcode/DerivedData/ChessScanner-euukheddappmemcngwqshzhuduna/SourcePackages/checkouts/chesskit-engine/Sources/ChessKitEngineCore/Engines/Extensions/stockfish+engine.cpp -o /Users/runner/Library/Developer/Xcode/DerivedData/ChessScanner-euukheddappmemcngwqshzhuduna/Build/Intermediates.noindex/ChessKitEngine.build/Debug-iphonesimulator/ChessKitEngineCore.build/Objects-normal/arm64/stockfish+engine.o -index-unit-output-path /ChessKitEngine.build/Debug-iphonesimulator/ChessKitEngineCore.build/Objects-normal/arm64/stockfish+engine.o

CompileC /Users/runner/Library/Developer/Xcode/DerivedData/ChessScanner-euukheddappmemcngwqshzhuduna/Build/Intermediates.noindex/ChessKitEngine.build/Debug-iphonesimulator/ChessKitEngineCore.build/Objects-normal/arm64/smooth.o /Users/runner/Library/Developer/Xcode/DerivedData/ChessScanner-euukheddappmemcngwqshzhuduna/SourcePackages/checkouts/chesskit-engine/Sources/ChessKitEngineCore/Engines/lc0/src/mcts/stoppers/smooth.cc normal arm64 c++ com.apple.compilers.llvm.clang.1_0.compiler (in target 'ChessKitEngineCore' from project 'ChessKitEngine')
    cd /Users/runner/work/chess-scanner-app/chess-scanner-app/ChessScanner.xcodeproj
    
    Using response file: /Users/runner/Library/Developer/Xcode/DerivedData/ChessScanner-euukheddappmemcngwqshzhuduna/Build/Intermediates.noindex/ChessKitEngine.build/Debug-iphonesimulator/ChessKitEngineCore.build/Objects-normal/arm64/82b82416624d2658e5098eb0a28c15c5-common-args.resp
    
    /Applications/Xcode_26.3.app/Contents/Developer/Toolchains/XcodeDefault.xctoolchain/usr/bin/clang -x c++ -ivfsstatcache /Users/runner/Library/Developer/Xcode/DerivedData/SDKStatCaches.noindex/iphonesimulator26.2-23C57-dc75598d0054f22ec865fa860f139d72e244bd9a5feaf902f95f61bf06266e52.sdkstatcache -fmessage-length\=0 -fdiagnostics-show-note-include-stack -fmacro-backtrace-limit\=0 -fno-color-diagnostics -fmodules-prune-interval\=86400 -fmodules-prune-after\=345600 -fbuild-session-file\=/Users/runner/Library/Developer/Xcode/DerivedData/ModuleCache.noindex/Session.modulevalidation -fmodules-validate-once-per-build-session -Wnon-modular-include-in-framework-module -Werror\=non-modular-include-in-framework-module -Wno-trigraphs -Wno-missing-field-initializers -Wno-missing-prototypes -Wno-return-type -Wno-non-virtual-dtor -Wno-overloaded-virtual -Wno-exit-time-destructors -Wno-missing-braces -Wparentheses -Wswitch -Wno-unused-function -Wno-unused-label -Wno-unused-parameter -Wno-unused-variable -Wunused-value -Wno-empty-body -Wno-uninitialized -Wno-unknown-pragmas -w -Wno-shadow -Wno-four-char-constants -Wno-conversion -Wno-constant-conversion -Wno-int-conversion -Wno-bool-conversion -Wno-enum-conversion -Wno-float-conversion -Wno-non-literal-null-conversion -Wno-objc-literal-conversion -Wshorten-64-to-32 -Wno-newline-eof -Wno-c++11-extensions -Wno-implicit-fallthrough -fstrict-aliasing -Wdeprecated-declarations -Winvalid-offsetof -Wno-sign-conversion -Wno-infinite-recursion -Wno-move -Wno-comma -Wno-block-capture-autoreleasing -Wno-strict-prototypes -Wno-range-loop-analysis -Wno-semicolon-before-method-body -index-store-path /Users/runner/Library/Developer/Xcode/DerivedData/ChessScanner-euukheddappmemcngwqshzhuduna/Index.noindex/DataStore @/Users/runner/Library/Developer/Xcode/DerivedData/ChessScanner-euukheddappmemcngwqshzhuduna/Build/Intermediates.noindex/ChessKitEngine.build/Debug-iphonesimulator/ChessKitEngineCore.build/Objects-normal/arm64/82b82416624d2658e5098eb0a28c15c5-common-args.resp -MMD -MT dependencies -MF /Users/runner/Library/Developer/Xcode/DerivedData/ChessScanner-euukheddappmemcngwqshzhuduna/Build/Intermediates.noindex/ChessKitEngine.build/Debug-iphonesimulator/ChessKitEngineCore.build/Objects-normal/arm64/smooth.d --serialize-diagnostics /Users/runner/Library/Developer/Xcode/DerivedData/ChessScanner-euukheddappmemcngwqshzhuduna/Build/Intermediates.noindex/ChessKitEngine.build/Debug-iphonesimulator/ChessKitEngineCore.build/Objects-normal/arm64/smooth.dia -c /Users/runner/Library/Developer/Xcode/DerivedData/ChessScanner-euukheddappmemcngwqshzhuduna/SourcePackages/checkouts/chesskit-engine/Sources/ChessKitEngineCore/Engines/lc0/src/mcts/stoppers/smooth.cc -o /Users/runner/Library/Developer/Xcode/DerivedData/ChessScanner-euukheddappmemcngwqshzhuduna/Build/Intermediates.noindex/ChessKitEngine.build/Debug-iphonesimulator/ChessKitEngineCore.build/Objects-normal/arm64/smooth.o -index-unit-output-path /ChessKitEngine.build/Debug-iphonesimulator/ChessKitEngineCore.build/Objects-normal/arm64/smooth.o

CompileC /Users/runner/Library/Developer/Xcode/DerivedData/ChessScanner-euukheddappmemcngwqshzhuduna/Build/Intermediates.noindex/ChessKitEngine.build/Debug-iphonesimulator/ChessKitEngineCore.build/Objects-normal/arm64/simple.o /Users/runner/Library/Developer/Xcode/DerivedData/ChessScanner-euukheddappmemcngwqshzhuduna/SourcePackages/checkouts/chesskit-engine/Sources/ChessKitEngineCore/Engines/lc0/src/mcts/stoppers/simple.cc normal arm64 c++ com.apple.compilers.llvm.clang.1_0.compiler (in target 'ChessKitEngineCore' from project 'ChessKitEngine')
    cd /Users/runner/work/chess-scanner-app/chess-scanner-app/ChessScanner.xcodeproj
    
    Using response file: /Users/runner/Library/Developer/Xcode/DerivedData/ChessScanner-euukheddappmemcngwqshzhuduna/Build/Intermediates.noindex/ChessKitEngine.build/Debug-iphonesimulator/ChessKitEngineCore.build/Objects-normal/arm64/82b82416624d2658e5098eb0a28c15c5-common-args.resp
    
    /Applications/Xcode_26.3.app/Contents/Developer/Toolchains/XcodeDefault.xctoolchain/usr/bin/clang -x c++ -ivfsstatcache /Users/runner/Library/Developer/Xcode/DerivedData/SDKStatCaches.noindex/iphonesimulator26.2-23C57-dc75598d0054f22ec865fa860f139d72e244bd9a5feaf902f95f61bf06266e52.sdkstatcache -fmessage-length\=0 -fdiagnostics-show-note-include-stack -fmacro-backtrace-limit\=0 -fno-color-diagnostics -fmodules-prune-interval\=86400 -fmodules-prune-after\=345600 -fbuild-session-file\=/Users/runner/Library/Developer/Xcode/DerivedData/ModuleCache.noindex/Session.modulevalidation -fmodules-validate-once-per-build-session -Wnon-modular-include-in-framework-module -Werror\=non-modular-include-in-framework-module -Wno-trigraphs -Wno-missing-field-initializers -Wno-missing-prototypes -Wno-return-type -Wno-non-virtual-dtor -Wno-overloaded-virtual -Wno-exit-time-destructors -Wno-missing-braces -Wparentheses -Wswitch -Wno-unused-function -Wno-unused-label -Wno-unused-parameter -Wno-unused-variable -Wunused-value -Wno-empty-body -Wno-uninitialized -Wno-unknown-pragmas -w -Wno-shadow -Wno-four-char-constants -Wno-conversion -Wno-constant-conversion -Wno-int-conversion -Wno-bool-conversion -Wno-enum-conversion -Wno-float-conversion -Wno-non-literal-null-conversion -Wno-objc-literal-conversion -Wshorten-64-to-32 -Wno-newline-eof -Wno-c++11-extensions -Wno-implicit-fallthrough -fstrict-aliasing -Wdeprecated-declarations -Winvalid-offsetof -Wno-sign-conversion -Wno-infinite-recursion -Wno-move -Wno-comma -Wno-block-capture-autoreleasing -Wno-strict-prototypes -Wno-range-loop-analysis -Wno-semicolon-before-method-body -index-store-path /Users/runner/Library/Developer/Xcode/DerivedData/ChessScanner-euukheddappmemcngwqshzhuduna/Index.noindex/DataStore @/Users/runner/Library/Developer/Xcode/DerivedData/ChessScanner-euukheddappmemcngwqshzhuduna/Build/Intermediates.noindex/ChessKitEngine.build/Debug-iphonesimulator/ChessKitEngineCore.build/Objects-normal/arm64/82b82416624d2658e5098eb0a28c15c5-common-args.resp -MMD -MT dependencies -MF /Users/runner/Library/Developer/Xcode/DerivedData/ChessScanner-euukheddappmemcngwqshzhuduna/Build/Intermediates.noindex/ChessKitEngine.build/Debug-iphonesimulator/ChessKitEngineCore.build/Objects-normal/arm64/simple.d --serialize-diagnostics /Users/runner/Library/Developer/Xcode/DerivedData/ChessScanner-euukheddappmemcngwqshzhuduna/Build/Intermediates.noindex/ChessKitEngine.build/Debug-iphonesimulator/ChessKitEngineCore.build/Objects-normal/arm64/simple.dia -c /Users/runner/Library/Developer/Xcode/DerivedData/ChessScanner-euukheddappmemcngwqshzhuduna/SourcePackages/checkouts/chesskit-engine/Sources/ChessKitEngineCore/Engines/lc0/src/mcts/stoppers/simple.cc -o /Users/runner/Library/Developer/Xcode/DerivedData/ChessScanner-euukheddappmemcngwqshzhuduna/Build/Intermediates.noindex/ChessKitEngine.build/Debug-iphonesimulator/ChessKitEngineCore.build/Objects-normal/arm64/simple.o -index-unit-output-path /ChessKitEngine.build/Debug-iphonesimulator/ChessKitEngineCore.build/Objects-normal/arm64/simple.o

CompileC /Users/runner/Library/Developer/Xcode/DerivedData/ChessScanner-euukheddappmemcngwqshzhuduna/Build/Intermediates.noindex/ChessKitEngine.build/Debug-iphonesimulator/ChessKitEngineCore.build/Objects-normal/arm64/search-d15ea1ba7277bfd8f0f948d554e71448.o /Users/runner/Library/Developer/Xcode/DerivedData/ChessScanner-euukheddappmemcngwqshzhuduna/SourcePackages/checkouts/chesskit-engine/Sources/ChessKitEngineCore/Engines/Stockfish/src/search.cpp normal arm64 c++ com.apple.compilers.llvm.clang.1_0.compiler (in target 'ChessKitEngineCore' from project 'ChessKitEngine')
    cd /Users/runner/work/chess-scanner-app/chess-scanner-app/ChessScanner.xcodeproj
    
    Using response file: /Users/runner/Library/Developer/Xcode/DerivedData/ChessScanner-euukheddappmemcngwqshzhuduna/Build/Intermediates.noindex/ChessKitEngine.build/Debug-iphonesimulator/ChessKitEngineCore.build/Objects-normal/arm64/82b82416624d2658e5098eb0a28c15c5-common-args.resp
    
    /Applications/Xcode_26.3.app/Contents/Developer/Toolchains/XcodeDefault.xctoolchain/usr/bin/clang -x c++ -ivfsstatcache /Users/runner/Library/Developer/Xcode/DerivedData/SDKStatCaches.noindex/iphonesimulator26.2-23C57-dc75598d0054f22ec865fa860f139d72e244bd9a5feaf902f95f61bf06266e52.sdkstatcache -fmessage-length\=0 -fdiagnostics-show-note-include-stack -fmacro-backtrace-limit\=0 -fno-color-diagnostics -fmodules-prune-interval\=86400 -fmodules-prune-after\=345600 -fbuild-session-file\=/Users/runner/Library/Developer/Xcode/DerivedData/ModuleCache.noindex/Session.modulevalidation -fmodules-validate-once-per-build-session -Wnon-modular-include-in-framework-module -Werror\=non-modular-include-in-framework-module -Wno-trigraphs -Wno-missing-field-initializers -Wno-missing-prototypes -Wno-return-type -Wno-non-virtual-dtor -Wno-overloaded-virtual -Wno-exit-time-destructors -Wno-missing-braces -Wparentheses -Wswitch -Wno-unused-function -Wno-unused-label -Wno-unused-parameter -Wno-unused-variable -Wunused-value -Wno-empty-body -Wno-uninitialized -Wno-unknown-pragmas -w -Wno-shadow -Wno-four-char-constants -Wno-conversion -Wno-constant-conversion -Wno-int-conversion -Wno-bool-conversion -Wno-enum-conversion -Wno-float-conversion -Wno-non-literal-null-conversion -Wno-objc-literal-conversion -Wshorten-64-to-32 -Wno-newline-eof -Wno-c++11-extensions -Wno-implicit-fallthrough -fstrict-aliasing -Wdeprecated-declarations -Winvalid-offsetof -Wno-sign-conversion -Wno-infinite-recursion -Wno-move -Wno-comma -Wno-block-capture-autoreleasing -Wno-strict-prototypes -Wno-range-loop-analysis -Wno-semicolon-before-method-body -index-store-path /Users/runner/Library/Developer/Xcode/DerivedData/ChessScanner-euukheddappmemcngwqshzhuduna/Index.noindex/DataStore @/Users/runner/Library/Developer/Xcode/DerivedData/ChessScanner-euukheddappmemcngwqshzhuduna/Build/Intermediates.noindex/ChessKitEngine.build/Debug-iphonesimulator/ChessKitEngineCore.build/Objects-normal/arm64/82b82416624d2658e5098eb0a28c15c5-common-args.resp -MMD -MT dependencies -MF /Users/runner/Library/Developer/Xcode/DerivedData/ChessScanner-euukheddappmemcngwqshzhuduna/Build/Intermediates.noindex/ChessKitEngine.build/Debug-iphonesimulator/ChessKitEngineCore.build/Objects-normal/arm64/search-d15ea1ba7277bfd8f0f948d554e71448.d --serialize-diagnostics /Users/runner/Library/Developer/Xcode/DerivedData/ChessScanner-euukheddappmemcngwqshzhuduna/Build/Intermediates.noindex/ChessKitEngine.build/Debug-iphonesimulator/ChessKitEngineCore.build/Objects-normal/arm64/search-d15ea1ba7277bfd8f0f948d554e71448.dia -c /Users/runner/Library/Developer/Xcode/DerivedData/ChessScanner-euukheddappmemcngwqshzhuduna/SourcePackages/checkouts/chesskit-engine/Sources/ChessKitEngineCore/Engines/Stockfish/src/search.cpp -o /Users/runner/Library/Developer/Xcode/DerivedData/ChessScanner-euukheddappmemcngwqshzhuduna/Build/Intermediates.noindex/ChessKitEngine.build/Debug-iphonesimulator/ChessKitEngineCore.build/Objects-normal/arm64/search-d15ea1ba7277bfd8f0f948d554e71448.o -index-unit-output-path /ChessKitEngine.build/Debug-iphonesimulator/ChessKitEngineCore.build/Objects-normal/arm64/search-d15ea1ba7277bfd8f0f948d554e71448.o

CompileC /Users/runner/Library/Developer/Xcode/DerivedData/ChessScanner-euukheddappmemcngwqshzhuduna/Build/Intermediates.noindex/ChessKitEngine.build/Debug-iphonesimulator/ChessKitEngineCore.build/Objects-normal/arm64/search-7afa65a98c7157d2983c4c4ca16bbff5.o /Users/runner/Library/Developer/Xcode/DerivedData/ChessScanner-euukheddappmemcngwqshzhuduna/SourcePackages/checkouts/chesskit-engine/Sources/ChessKitEngineCore/Engines/lc0/src/mcts/search.cc normal arm64 c++ com.apple.compilers.llvm.clang.1_0.compiler (in target 'ChessKitEngineCore' from project 'ChessKitEngine')
    cd /Users/runner/work/chess-scanner-app/chess-scanner-app/ChessScanner.xcodeproj
    
    Using response file: /Users/runner/Library/Developer/Xcode/DerivedData/ChessScanner-euukheddappmemcngwqshzhuduna/Build/Intermediates.noindex/ChessKitEngine.build/Debug-iphonesimulator/ChessKitEngineCore.build/Objects-normal/arm64/82b82416624d2658e5098eb0a28c15c5-common-args.resp
    
    /Applications/Xcode_26.3.app/Contents/Developer/Toolchains/XcodeDefault.xctoolchain/usr/bin/clang -x c++ -ivfsstatcache /Users/runner/Library/Developer/Xcode/DerivedData/SDKStatCaches.noindex/iphonesimulator26.2-23C57-dc75598d0054f22ec865fa860f139d72e244bd9a5feaf902f95f61bf06266e52.sdkstatcache -fmessage-length\=0 -fdiagnostics-show-note-include-stack -fmacro-backtrace-limit\=0 -fno-color-diagnostics -fmodules-prune-interval\=86400 -fmodules-prune-after\=345600 -fbuild-session-file\=/Users/runner/Library/Developer/Xcode/DerivedData/ModuleCache.noindex/Session.modulevalidation -fmodules-validate-once-per-build-session -Wnon-modular-include-in-framework-module -Werror\=non-modular-include-in-framework-module -Wno-trigraphs -Wno-missing-field-initializers -Wno-missing-prototypes -Wno-return-type -Wno-non-virtual-dtor -Wno-overloaded-virtual -Wno-exit-time-destructors -Wno-missing-braces -Wparentheses -Wswitch -Wno-unused-function -Wno-unused-label -Wno-unused-parameter -Wno-unused-variable -Wunused-value -Wno-empty-body -Wno-uninitialized -Wno-unknown-pragmas -w -Wno-shadow -Wno-four-char-constants -Wno-conversion -Wno-constant-conversion -Wno-int-conversion -Wno-bool-conversion -Wno-enum-conversion -Wno-float-conversion -Wno-non-literal-null-conversion -Wno-objc-literal-conversion -Wshorten-64-to-32 -Wno-newline-eof -Wno-c++11-extensions -Wno-implicit-fallthrough -fstrict-aliasing -Wdeprecated-declarations -Winvalid-offsetof -Wno-sign-conversion -Wno-infinite-recursion -Wno-move -Wno-comma -Wno-block-capture-autoreleasing -Wno-strict-prototypes -Wno-range-loop-analysis -Wno-semicolon-before-method-body -index-store-path /Users/runner/Library/Developer/Xcode/DerivedData/ChessScanner-euukheddappmemcngwqshzhuduna/Index.noindex/DataStore @/Users/runner/Library/Developer/Xcode/DerivedData/ChessScanner-euukheddappmemcngwqshzhuduna/Build/Intermediates.noindex/ChessKitEngine.build/Debug-iphonesimulator/ChessKitEngineCore.build/Objects-normal/arm64/82b82416624d2658e5098eb0a28c15c5-common-args.resp -MMD -MT dependencies -MF /Users/runner/Library/Developer/Xcode/DerivedData/ChessScanner-euukheddappmemcngwqshzhuduna/Build/Intermediates.noindex/ChessKitEngine.build/Debug-iphonesimulator/ChessKitEngineCore.build/Objects-normal/arm64/search-7afa65a98c7157d2983c4c4ca16bbff5.d --serialize-diagnostics /Users/runner/Library/Developer/Xcode/DerivedData/ChessScanner-euukheddappmemcngwqshzhuduna/Build/Intermediates.noindex/ChessKitEngine.build/Debug-iphonesimulator/ChessKitEngineCore.build/Objects-normal/arm64/search-7afa65a98c7157d2983c4c4ca16bbff5.dia -c /Users/runner/Library/Developer/Xcode/DerivedData/ChessScanner-euukheddappmemcngwqshzhuduna/SourcePackages/checkouts/chesskit-engine/Sources/ChessKitEngineCore/Engines/lc0/src/mcts/search.cc -o /Users/runner/Library/Developer/Xcode/DerivedData/ChessScanner-euukheddappmemcngwqshzhuduna/Build/Intermediates.noindex/ChessKitEngine.build/Debug-iphonesimulator/ChessKitEngineCore.build/Objects-normal/arm64/search-7afa65a98c7157d2983c4c4ca16bbff5.o -index-unit-output-path /ChessKitEngine.build/Debug-iphonesimulator/ChessKitEngineCore.build/Objects-normal/arm64/search-7afa65a98c7157d2983c4c4ca16bbff5.o

CompileC /Users/runner/Library/Developer/Xcode/DerivedData/ChessScanner-euukheddappmemcngwqshzhuduna/Build/Intermediates.noindex/ChessKitEngine.build/Debug-iphonesimulator/ChessKitEngineCore.build/Objects-normal/arm64/se_unit.o /Users/runner/Library/Developer/Xcode/DerivedData/ChessScanner-euukheddappmemcngwqshzhuduna/SourcePackages/checkouts/chesskit-engine/Sources/ChessKitEngineCore/Engines/lc0/src/neural/blas/se_unit.cc normal arm64 c++ com.apple.compilers.llvm.clang.1_0.compiler (in target 'ChessKitEngineCore' from project 'ChessKitEngine')
    cd /Users/runner/work/chess-scanner-app/chess-scanner-app/ChessScanner.xcodeproj
    
    Using response file: /Users/runner/Library/Developer/Xcode/DerivedData/ChessScanner-euukheddappmemcngwqshzhuduna/Build/Intermediates.noindex/ChessKitEngine.build/Debug-iphonesimulator/ChessKitEngineCore.build/Objects-normal/arm64/82b82416624d2658e5098eb0a28c15c5-common-args.resp
    
    /Applications/Xcode_26.3.app/Contents/Developer/Toolchains/XcodeDefault.xctoolchain/usr/bin/clang -x c++ -ivfsstatcache /Users/runner/Library/Developer/Xcode/DerivedData/SDKStatCaches.noindex/iphonesimulator26.2-23C57-dc75598d0054f22ec865fa860f139d72e244bd9a5feaf902f95f61bf06266e52.sdkstatcache -fmessage-length\=0 -fdiagnostics-show-note-include-stack -fmacro-backtrace-limit\=0 -fno-color-diagnostics -fmodules-prune-interval\=86400 -fmodules-prune-after\=345600 -fbuild-session-file\=/Users/runner/Library/Developer/Xcode/DerivedData/ModuleCache.noindex/Session.modulevalidation -fmodules-validate-once-per-build-session -Wnon-modular-include-in-framework-module -Werror\=non-modular-include-in-framework-module -Wno-trigraphs -Wno-missing-field-initializers -Wno-missing-prototypes -Wno-return-type -Wno-non-virtual-dtor -Wno-overloaded-virtual -Wno-exit-time-destructors -Wno-missing-braces -Wparentheses -Wswitch -Wno-unused-function -Wno-unused-label -Wno-unused-parameter -Wno-unused-variable -Wunused-value -Wno-empty-body -Wno-uninitialized -Wno-unknown-pragmas -w -Wno-shadow -Wno-four-char-constants -Wno-conversion -Wno-constant-conversion -Wno-int-conversion -Wno-bool-conversion -Wno-enum-conversion -Wno-float-conversion -Wno-non-literal-null-conversion -Wno-objc-literal-conversion -Wshorten-64-to-32 -Wno-newline-eof -Wno-c++11-extensions -Wno-implicit-fallthrough -fstrict-aliasing -Wdeprecated-declarations -Winvalid-offsetof -Wno-sign-conversion -Wno-infinite-recursion -Wno-move -Wno-comma -Wno-block-capture-autoreleasing -Wno-strict-prototypes -Wno-range-loop-analysis -Wno-semicolon-before-method-body -index-store-path /Users/runner/Library/Developer/Xcode/DerivedData/ChessScanner-euukheddappmemcngwqshzhuduna/Index.noindex/DataStore @/Users/runner/Library/Developer/Xcode/DerivedData/ChessScanner-euukheddappmemcngwqshzhuduna/Build/Intermediates.noindex/ChessKitEngine.build/Debug-iphonesimulator/ChessKitEngineCore.build/Objects-normal/arm64/82b82416624d2658e5098eb0a28c15c5-common-args.resp -MMD -MT dependencies -MF /Users/runner/Library/Developer/Xcode/DerivedData/ChessScanner-euukheddappmemcngwqshzhuduna/Build/Intermediates.noindex/ChessKitEngine.build/Debug-iphonesimulator/ChessKitEngineCore.build/Objects-normal/arm64/se_unit.d --serialize-diagnostics /Users/runner/Library/Developer/Xcode/DerivedData/ChessScanner-euukheddappmemcngwqshzhuduna/Build/Intermediates.noindex/ChessKitEngine.build/Debug-iphonesimulator/ChessKitEngineCore.build/Objects-normal/arm64/se_unit.dia -c /Users/runner/Library/Developer/Xcode/DerivedData/ChessScanner-euukheddappmemcngwqshzhuduna/SourcePackages/checkouts/chesskit-engine/Sources/ChessKitEngineCore/Engines/lc0/src/neural/blas/se_unit.cc -o /Users/runner/Library/Developer/Xcode/DerivedData/ChessScanner-euukheddappmemcngwqshzhuduna/Build/Intermediates.noindex/ChessKitEngine.build/Debug-iphonesimulator/ChessKitEngineCore.build/Objects-normal/arm64/se_unit.o -index-unit-output-path /ChessKitEngine.build/Debug-iphonesimulator/ChessKitEngineCore.build/Objects-normal/arm64/se_unit.o

CompileC /Users/runner/Library/Developer/Xcode/DerivedData/ChessScanner-euukheddappmemcngwqshzhuduna/Build/Intermediates.noindex/ChessKitEngine.build/Debug-iphonesimulator/ChessKitEngineCore.build/Objects-normal/arm64/score.o /Users/runner/Library/Developer/Xcode/DerivedData/ChessScanner-euukheddappmemcngwqshzhuduna/SourcePackages/checkouts/chesskit-engine/Sources/ChessKitEngineCore/Engines/Stockfish/src/score.cpp normal arm64 c++ com.apple.compilers.llvm.clang.1_0.compiler (in target 'ChessKitEngineCore' from project 'ChessKitEngine')
    cd /Users/runner/work/chess-scanner-app/chess-scanner-app/ChessScanner.xcodeproj
    
    Using response file: /Users/runner/Library/Developer/Xcode/DerivedData/ChessScanner-euukheddappmemcngwqshzhuduna/Build/Intermediates.noindex/ChessKitEngine.build/Debug-iphonesimulator/ChessKitEngineCore.build/Objects-normal/arm64/82b82416624d2658e5098eb0a28c15c5-common-args.resp
    
    /Applications/Xcode_26.3.app/Contents/Developer/Toolchains/XcodeDefault.xctoolchain/usr/bin/clang -x c++ -ivfsstatcache /Users/runner/Library/Developer/Xcode/DerivedData/SDKStatCaches.noindex/iphonesimulator26.2-23C57-dc75598d0054f22ec865fa860f139d72e244bd9a5feaf902f95f61bf06266e52.sdkstatcache -fmessage-length\=0 -fdiagnostics-show-note-include-stack -fmacro-backtrace-limit\=0 -fno-color-diagnostics -fmodules-prune-interval\=86400 -fmodules-prune-after\=345600 -fbuild-session-file\=/Users/runner/Library/Developer/Xcode/DerivedData/ModuleCache.noindex/Session.modulevalidation -fmodules-validate-once-per-build-session -Wnon-modular-include-in-framework-module -Werror\=non-modular-include-in-framework-module -Wno-trigraphs -Wno-missing-field-initializers -Wno-missing-prototypes -Wno-return-type -Wno-non-virtual-dtor -Wno-overloaded-virtual -Wno-exit-time-destructors -Wno-missing-braces -Wparentheses -Wswitch -Wno-unused-function -Wno-unused-label -Wno-unused-parameter -Wno-unused-variable -Wunused-value -Wno-empty-body -Wno-uninitialized -Wno-unknown-pragmas -w -Wno-shadow -Wno-four-char-constants -Wno-conversion -Wno-constant-conversion -Wno-int-conversion -Wno-bool-conversion -Wno-enum-conversion -Wno-float-conversion -Wno-non-literal-null-conversion -Wno-objc-literal-conversion -Wshorten-64-to-32 -Wno-newline-eof -Wno-c++11-extensions -Wno-implicit-fallthrough -fstrict-aliasing -Wdeprecated-declarations -Winvalid-offsetof -Wno-sign-conversion -Wno-infinite-recursion -Wno-move -Wno-comma -Wno-block-capture-autoreleasing -Wno-strict-prototypes -Wno-range-loop-analysis -Wno-semicolon-before-method-body -index-store-path /Users/runner/Library/Developer/Xcode/DerivedData/ChessScanner-euukheddappmemcngwqshzhuduna/Index.noindex/DataStore @/Users/runner/Library/Developer/Xcode/DerivedData/ChessScanner-euukheddappmemcngwqshzhuduna/Build/Intermediates.noindex/ChessKitEngine.build/Debug-iphonesimulator/ChessKitEngineCore.build/Objects-normal/arm64/82b82416624d2658e5098eb0a28c15c5-common-args.resp -MMD -MT dependencies -MF /Users/runner/Library/Developer/Xcode/DerivedData/ChessScanner-euukheddappmemcngwqshzhuduna/Build/Intermediates.noindex/ChessKitEngine.build/Debug-iphonesimulator/ChessKitEngineCore.build/Objects-normal/arm64/score.d --serialize-diagnostics /Users/runner/Library/Developer/Xcode/DerivedData/ChessScanner-euukheddappmemcngwqshzhuduna/Build/Intermediates.noindex/ChessKitEngine.build/Debug-iphonesimulator/ChessKitEngineCore.build/Objects-normal/arm64/score.dia -c /Users/runner/Library/Developer/Xcode/DerivedData/ChessScanner-euukheddappmemcngwqshzhuduna/SourcePackages/checkouts/chesskit-engine/Sources/ChessKitEngineCore/Engines/Stockfish/src/score.cpp -o /Users/runner/Library/Developer/Xcode/DerivedData/ChessScanner-euukheddappmemcngwqshzhuduna/Build/Intermediates.noindex/ChessKitEngine.build/Debug-iphonesimulator/ChessKitEngineCore.build/Objects-normal/arm64/score.o -index-unit-output-path /ChessKitEngine.build/Debug-iphonesimulator/ChessKitEngineCore.build/Objects-normal/arm64/score.o

CompileC /Users/runner/Library/Developer/Xcode/DerivedData/ChessScanner-euukheddappmemcngwqshzhuduna/Build/Intermediates.noindex/ChessKitEngine.build/Debug-iphonesimulator/ChessKitEngineCore.build/Objects-normal/arm64/random.o /Users/runner/Library/Developer/Xcode/DerivedData/ChessScanner-euukheddappmemcngwqshzhuduna/SourcePackages/checkouts/chesskit-engine/Sources/ChessKitEngineCore/Engines/lc0/src/utils/random.cc normal arm64 c++ com.apple.compilers.llvm.clang.1_0.compiler (in target 'ChessKitEngineCore' from project 'ChessKitEngine')
    cd /Users/runner/work/chess-scanner-app/chess-scanner-app/ChessScanner.xcodeproj
    
    Using response file: /Users/runner/Library/Developer/Xcode/DerivedData/ChessScanner-euukheddappmemcngwqshzhuduna/Build/Intermediates.noindex/ChessKitEngine.build/Debug-iphonesimulator/ChessKitEngineCore.build/Objects-normal/arm64/82b82416624d2658e5098eb0a28c15c5-common-args.resp
    
    /Applications/Xcode_26.3.app/Contents/Developer/Toolchains/XcodeDefault.xctoolchain/usr/bin/clang -x c++ -ivfsstatcache /Users/runner/Library/Developer/Xcode/DerivedData/SDKStatCaches.noindex/iphonesimulator26.2-23C57-dc75598d0054f22ec865fa860f139d72e244bd9a5feaf902f95f61bf06266e52.sdkstatcache -fmessage-length\=0 -fdiagnostics-show-note-include-stack -fmacro-backtrace-limit\=0 -fno-color-diagnostics -fmodules-prune-interval\=86400 -fmodules-prune-after\=345600 -fbuild-session-file\=/Users/runner/Library/Developer/Xcode/DerivedData/ModuleCache.noindex/Session.modulevalidation -fmodules-validate-once-per-build-session -Wnon-modular-include-in-framework-module -Werror\=non-modular-include-in-framework-module -Wno-trigraphs -Wno-missing-field-initializers -Wno-missing-prototypes -Wno-return-type -Wno-non-virtual-dtor -Wno-overloaded-virtual -Wno-exit-time-destructors -Wno-missing-braces -Wparentheses -Wswitch -Wno-unused-function -Wno-unused-label -Wno-unused-parameter -Wno-unused-variable -Wunused-value -Wno-empty-body -Wno-uninitialized -Wno-unknown-pragmas -w -Wno-shadow -Wno-four-char-constants -Wno-conversion -Wno-constant-conversion -Wno-int-conversion -Wno-bool-conversion -Wno-enum-conversion -Wno-float-conversion -Wno-non-literal-null-conversion -Wno-objc-literal-conversion -Wshorten-64-to-32 -Wno-newline-eof -Wno-c++11-extensions -Wno-implicit-fallthrough -fstrict-aliasing -Wdeprecated-declarations -Winvalid-offsetof -Wno-sign-conversion -Wno-infinite-recursion -Wno-move -Wno-comma -Wno-block-capture-autoreleasing -Wno-strict-prototypes -Wno-range-loop-analysis -Wno-semicolon-before-method-body -index-store-path /Users/runner/Library/Developer/Xcode/DerivedData/ChessScanner-euukheddappmemcngwqshzhuduna/Index.noindex/DataStore @/Users/runner/Library/Developer/Xcode/DerivedData/ChessScanner-euukheddappmemcngwqshzhuduna/Build/Intermediates.noindex/ChessKitEngine.build/Debug-iphonesimulator/ChessKitEngineCore.build/Objects-normal/arm64/82b82416624d2658e5098eb0a28c15c5-common-args.resp -MMD -MT dependencies -MF /Users/runner/Library/Developer/Xcode/DerivedData/ChessScanner-euukheddappmemcngwqshzhuduna/Build/Intermediates.noindex/ChessKitEngine.build/Debug-iphonesimulator/ChessKitEngineCore.build/Objects-normal/arm64/random.d --serialize-diagnostics /Users/runner/Library/Developer/Xcode/DerivedData/ChessScanner-euukheddappmemcngwqshzhuduna/Build/Intermediates.noindex/ChessKitEngine.build/Debug-iphonesimulator/ChessKitEngineCore.build/Objects-normal/arm64/random.dia -c /Users/runner/Library/Developer/Xcode/DerivedData/ChessScanner-euukheddappmemcngwqshzhuduna/SourcePackages/checkouts/chesskit-engine/Sources/ChessKitEngineCore/Engines/lc0/src/utils/random.cc -o /Users/runner/Library/Developer/Xcode/DerivedData/ChessScanner-euukheddappmemcngwqshzhuduna/Build/Intermediates.noindex/ChessKitEngine.build/Debug-iphonesimulator/ChessKitEngineCore.build/Objects-normal/arm64/random.o -index-unit-output-path /ChessKitEngine.build/Debug-iphonesimulator/ChessKitEngineCore.build/Objects-normal/arm64/random.o

CompileC /Users/runner/Library/Developer/Xcode/DerivedData/ChessScanner-euukheddappmemcngwqshzhuduna/Build/Intermediates.noindex/ChessKitEngine.build/Debug-iphonesimulator/ChessKitEngineCore.build/Objects-normal/arm64/protomessage.o /Users/runner/Library/Developer/Xcode/DerivedData/ChessScanner-euukheddappmemcngwqshzhuduna/SourcePackages/checkouts/chesskit-engine/Sources/ChessKitEngineCore/Engines/lc0/src/utils/protomessage.cc normal arm64 c++ com.apple.compilers.llvm.clang.1_0.compiler (in target 'ChessKitEngineCore' from project 'ChessKitEngine')
    cd /Users/runner/work/chess-scanner-app/chess-scanner-app/ChessScanner.xcodeproj
    
    Using response file: /Users/runner/Library/Developer/Xcode/DerivedData/ChessScanner-euukheddappmemcngwqshzhuduna/Build/Intermediates.noindex/ChessKitEngine.build/Debug-iphonesimulator/ChessKitEngineCore.build/Objects-normal/arm64/82b82416624d2658e5098eb0a28c15c5-common-args.resp
    
    /Applications/Xcode_26.3.app/Contents/Developer/Toolchains/XcodeDefault.xctoolchain/usr/bin/clang -x c++ -ivfsstatcache /Users/runner/Library/Developer/Xcode/DerivedData/SDKStatCaches.noindex/iphonesimulator26.2-23C57-dc75598d0054f22ec865fa860f139d72e244bd9a5feaf902f95f61bf06266e52.sdkstatcache -fmessage-length\=0 -fdiagnostics-show-note-include-stack -fmacro-backtrace-limit\=0 -fno-color-diagnostics -fmodules-prune-interval\=86400 -fmodules-prune-after\=345600 -fbuild-session-file\=/Users/runner/Library/Developer/Xcode/DerivedData/ModuleCache.noindex/Session.modulevalidation -fmodules-validate-once-per-build-session -Wnon-modular-include-in-framework-module -Werror\=non-modular-include-in-framework-module -Wno-trigraphs -Wno-missing-field-initializers -Wno-missing-prototypes -Wno-return-type -Wno-non-virtual-dtor -Wno-overloaded-virtual -Wno-exit-time-destructors -Wno-missing-braces -Wparentheses -Wswitch -Wno-unused-function -Wno-unused-label -Wno-unused-parameter -Wno-unused-variable -Wunused-value -Wno-empty-body -Wno-uninitialized -Wno-unknown-pragmas -w -Wno-shadow -Wno-four-char-constants -Wno-conversion -Wno-constant-conversion -Wno-int-conversion -Wno-bool-conversion -Wno-enum-conversion -Wno-float-conversion -Wno-non-literal-null-conversion -Wno-objc-literal-conversion -Wshorten-64-to-32 -Wno-newline-eof -Wno-c++11-extensions -Wno-implicit-fallthrough -fstrict-aliasing -Wdeprecated-declarations -Winvalid-offsetof -Wno-sign-conversion -Wno-infinite-recursion -Wno-move -Wno-comma -Wno-block-capture-autoreleasing -Wno-strict-prototypes -Wno-range-loop-analysis -Wno-semicolon-before-method-body -index-store-path /Users/runner/Library/Developer/Xcode/DerivedData/ChessScanner-euukheddappmemcngwqshzhuduna/Index.noindex/DataStore @/Users/runner/Library/Developer/Xcode/DerivedData/ChessScanner-euukheddappmemcngwqshzhuduna/Build/Intermediates.noindex/ChessKitEngine.build/Debug-iphonesimulator/ChessKitEngineCore.build/Objects-normal/arm64/82b82416624d2658e5098eb0a28c15c5-common-args.resp -MMD -MT dependencies -MF /Users/runner/Library/Developer/Xcode/DerivedData/ChessScanner-euukheddappmemcngwqshzhuduna/Build/Intermediates.noindex/ChessKitEngine.build/Debug-iphonesimulator/ChessKitEngineCore.build/Objects-normal/arm64/protomessage.d --serialize-diagnostics /Users/runner/Library/Developer/Xcode/DerivedData/ChessScanner-euukheddappmemcngwqshzhuduna/Build/Intermediates.noindex/ChessKitEngine.build/Debug-iphonesimulator/ChessKitEngineCore.build/Objects-normal/arm64/protomessage.dia -c /Users/runner/Library/Developer/Xcode/DerivedData/ChessScanner-euukheddappmemcngwqshzhuduna/SourcePackages/checkouts/chesskit-engine/Sources/ChessKitEngineCore/Engines/lc0/src/utils/protomessage.cc -o /Users/runner/Library/Developer/Xcode/DerivedData/ChessScanner-euukheddappmemcngwqshzhuduna/Build/Intermediates.noindex/ChessKitEngine.build/Debug-iphonesimulator/ChessKitEngineCore.build/Objects-normal/arm64/protomessage.o -index-unit-output-path /ChessKitEngine.build/Debug-iphonesimulator/ChessKitEngineCore.build/Objects-normal/arm64/protomessage.o

CompileC /Users/runner/Library/Developer/Xcode/DerivedData/ChessScanner-euukheddappmemcngwqshzhuduna/Build/Intermediates.noindex/ChessKitEngine.build/Debug-iphonesimulator/ChessKitEngineCore.build/Objects-normal/arm64/position-fc740bbaaa9dc6fff12e6b9334b2153a.o /Users/runner/Library/Developer/Xcode/DerivedData/ChessScanner-euukheddappmemcngwqshzhuduna/SourcePackages/checkouts/chesskit-engine/Sources/ChessKitEngineCore/Engines/Stockfish/src/position.cpp normal arm64 c++ com.apple.compilers.llvm.clang.1_0.compiler (in target 'ChessKitEngineCore' from project 'ChessKitEngine')
    cd /Users/runner/work/chess-scanner-app/chess-scanner-app/ChessScanner.xcodeproj
    
    Using response file: /Users/runner/Library/Developer/Xcode/DerivedData/ChessScanner-euukheddappmemcngwqshzhuduna/Build/Intermediates.noindex/ChessKitEngine.build/Debug-iphonesimulator/ChessKitEngineCore.build/Objects-normal/arm64/82b82416624d2658e5098eb0a28c15c5-common-args.resp
    
    /Applications/Xcode_26.3.app/Contents/Developer/Toolchains/XcodeDefault.xctoolchain/usr/bin/clang -x c++ -ivfsstatcache /Users/runner/Library/Developer/Xcode/DerivedData/SDKStatCaches.noindex/iphonesimulator26.2-23C57-dc75598d0054f22ec865fa860f139d72e244bd9a5feaf902f95f61bf06266e52.sdkstatcache -fmessage-length\=0 -fdiagnostics-show-note-include-stack -fmacro-backtrace-limit\=0 -fno-color-diagnostics -fmodules-prune-interval\=86400 -fmodules-prune-after\=345600 -fbuild-session-file\=/Users/runner/Library/Developer/Xcode/DerivedData/ModuleCache.noindex/Session.modulevalidation -fmodules-validate-once-per-build-session -Wnon-modular-include-in-framework-module -Werror\=non-modular-include-in-framework-module -Wno-trigraphs -Wno-missing-field-initializers -Wno-missing-prototypes -Wno-return-type -Wno-non-virtual-dtor -Wno-overloaded-virtual -Wno-exit-time-destructors -Wno-missing-braces -Wparentheses -Wswitch -Wno-unused-function -Wno-unused-label -Wno-unused-parameter -Wno-unused-variable -Wunused-value -Wno-empty-body -Wno-uninitialized -Wno-unknown-pragmas -w -Wno-shadow -Wno-four-char-constants -Wno-conversion -Wno-constant-conversion -Wno-int-conversion -Wno-bool-conversion -Wno-enum-conversion -Wno-float-conversion -Wno-non-literal-null-conversion -Wno-objc-literal-conversion -Wshorten-64-to-32 -Wno-newline-eof -Wno-c++11-extensions -Wno-implicit-fallthrough -fstrict-aliasing -Wdeprecated-declarations -Winvalid-offsetof -Wno-sign-conversion -Wno-infinite-recursion -Wno-move -Wno-comma -Wno-block-capture-autoreleasing -Wno-strict-prototypes -Wno-range-loop-analysis -Wno-semicolon-before-method-body -index-store-path /Users/runner/Library/Developer/Xcode/DerivedData/ChessScanner-euukheddappmemcngwqshzhuduna/Index.noindex/DataStore @/Users/runner/Library/Developer/Xcode/DerivedData/ChessScanner-euukheddappmemcngwqshzhuduna/Build/Intermediates.noindex/ChessKitEngine.build/Debug-iphonesimulator/ChessKitEngineCore.build/Objects-normal/arm64/82b82416624d2658e5098eb0a28c15c5-common-args.resp -MMD -MT dependencies -MF /Users/runner/Library/Developer/Xcode/DerivedData/ChessScanner-euukheddappmemcngwqshzhuduna/Build/Intermediates.noindex/ChessKitEngine.build/Debug-iphonesimulator/ChessKitEngineCore.build/Objects-normal/arm64/position-fc740bbaaa9dc6fff12e6b9334b2153a.d --serialize-diagnostics /Users/runner/Library/Developer/Xcode/DerivedData/ChessScanner-euukheddappmemcngwqshzhuduna/Build/Intermediates.noindex/ChessKitEngine.build/Debug-iphonesimulator/ChessKitEngineCore.build/Objects-normal/arm64/position-fc740bbaaa9dc6fff12e6b9334b2153a.dia -c /Users/runner/Library/Developer/Xcode/DerivedData/ChessScanner-euukheddappmemcngwqshzhuduna/SourcePackages/checkouts/chesskit-engine/Sources/ChessKitEngineCore/Engines/Stockfish/src/position.cpp -o /Users/runner/Library/Developer/Xcode/DerivedData/ChessScanner-euukheddappmemcngwqshzhuduna/Build/Intermediates.noindex/ChessKitEngine.build/Debug-iphonesimulator/ChessKitEngineCore.build/Objects-normal/arm64/position-fc740bbaaa9dc6fff12e6b9334b2153a.o -index-unit-output-path /ChessKitEngine.build/Debug-iphonesimulator/ChessKitEngineCore.build/Objects-normal/arm64/position-fc740bbaaa9dc6fff12e6b9334b2153a.o

CompileC /Users/runner/Library/Developer/Xcode/DerivedData/ChessScanner-euukheddappmemcngwqshzhuduna/Build/Intermediates.noindex/ChessKitEngine.build/Debug-iphonesimulator/ChessKitEngineCore.build/Objects-normal/arm64/position-48fc246cca2482bad0b1225044921ab4.o /Users/runner/Library/Developer/Xcode/DerivedData/ChessScanner-euukheddappmemcngwqshzhuduna/SourcePackages/checkouts/chesskit-engine/Sources/ChessKitEngineCore/Engines/lc0/src/chess/position.cc normal arm64 c++ com.apple.compilers.llvm.clang.1_0.compiler (in target 'ChessKitEngineCore' from project 'ChessKitEngine')
    cd /Users/runner/work/chess-scanner-app/chess-scanner-app/ChessScanner.xcodeproj
    
    Using response file: /Users/runner/Library/Developer/Xcode/DerivedData/ChessScanner-euukheddappmemcngwqshzhuduna/Build/Intermediates.noindex/ChessKitEngine.build/Debug-iphonesimulator/ChessKitEngineCore.build/Objects-normal/arm64/82b82416624d2658e5098eb0a28c15c5-common-args.resp
    
    /Applications/Xcode_26.3.app/Contents/Developer/Toolchains/XcodeDefault.xctoolchain/usr/bin/clang -x c++ -ivfsstatcache /Users/runner/Library/Developer/Xcode/DerivedData/SDKStatCaches.noindex/iphonesimulator26.2-23C57-dc75598d0054f22ec865fa860f139d72e244bd9a5feaf902f95f61bf06266e52.sdkstatcache -fmessage-length\=0 -fdiagnostics-show-note-include-stack -fmacro-backtrace-limit\=0 -fno-color-diagnostics -fmodules-prune-interval\=86400 -fmodules-prune-after\=345600 -fbuild-session-file\=/Users/runner/Library/Developer/Xcode/DerivedData/ModuleCache.noindex/Session.modulevalidation -fmodules-validate-once-per-build-session -Wnon-modular-include-in-framework-module -Werror\=non-modular-include-in-framework-module -Wno-trigraphs -Wno-missing-field-initializers -Wno-missing-prototypes -Wno-return-type -Wno-non-virtual-dtor -Wno-overloaded-virtual -Wno-exit-time-destructors -Wno-missing-braces -Wparentheses -Wswitch -Wno-unused-function -Wno-unused-label -Wno-unused-parameter -Wno-unused-variable -Wunused-value -Wno-empty-body -Wno-uninitialized -Wno-unknown-pragmas -w -Wno-shadow -Wno-four-char-constants -Wno-conversion -Wno-constant-conversion -Wno-int-conversion -Wno-bool-conversion -Wno-enum-conversion -Wno-float-conversion -Wno-non-literal-null-conversion -Wno-objc-literal-conversion -Wshorten-64-to-32 -Wno-newline-eof -Wno-c++11-extensions -Wno-implicit-fallthrough -fstrict-aliasing -Wdeprecated-declarations -Winvalid-offsetof -Wno-sign-conversion -Wno-infinite-recursion -Wno-move -Wno-comma -Wno-block-capture-autoreleasing -Wno-strict-prototypes -Wno-range-loop-analysis -Wno-semicolon-before-method-body -index-store-path /Users/runner/Library/Developer/Xcode/DerivedData/ChessScanner-euukheddappmemcngwqshzhuduna/Index.noindex/DataStore @/Users/runner/Library/Developer/Xcode/DerivedData/ChessScanner-euukheddappmemcngwqshzhuduna/Build/Intermediates.noindex/ChessKitEngine.build/Debug-iphonesimulator/ChessKitEngineCore.build/Objects-normal/arm64/82b82416624d2658e5098eb0a28c15c5-common-args.resp -MMD -MT dependencies -MF /Users/runner/Library/Developer/Xcode/DerivedData/ChessScanner-euukheddappmemcngwqshzhuduna/Build/Intermediates.noindex/ChessKitEngine.build/Debug-iphonesimulator/ChessKitEngineCore.build/Objects-normal/arm64/position-48fc246cca2482bad0b1225044921ab4.d --serialize-diagnostics /Users/runner/Library/Developer/Xcode/DerivedData/ChessScanner-euukheddappmemcngwqshzhuduna/Build/Intermediates.noindex/ChessKitEngine.build/Debug-iphonesimulator/ChessKitEngineCore.build/Objects-normal/arm64/position-48fc246cca2482bad0b1225044921ab4.dia -c /Users/runner/Library/Developer/Xcode/DerivedData/ChessScanner-euukheddappmemcngwqshzhuduna/SourcePackages/checkouts/chesskit-engine/Sources/ChessKitEngineCore/Engines/lc0/src/chess/position.cc -o /Users/runner/Library/Developer/Xcode/DerivedData/ChessScanner-euukheddappmemcngwqshzhuduna/Build/Intermediates.noindex/ChessKitEngine.build/Debug-iphonesimulator/ChessKitEngineCore.build/Objects-normal/arm64/position-48fc246cca2482bad0b1225044921ab4.o -index-unit-output-path /ChessKitEngine.build/Debug-iphonesimulator/ChessKitEngineCore.build/Objects-normal/arm64/position-48fc246cca2482bad0b1225044921ab4.o

CompileC /Users/runner/Library/Developer/Xcode/DerivedData/ChessScanner-euukheddappmemcngwqshzhuduna/Build/Intermediates.noindex/ChessKitEngine.build/Debug-iphonesimulator/ChessKitEngineCore.build/Objects-normal/arm64/params.o /Users/runner/Library/Developer/Xcode/DerivedData/ChessScanner-euukheddappmemcngwqshzhuduna/SourcePackages/checkouts/chesskit-engine/Sources/ChessKitEngineCore/Engines/lc0/src/mcts/params.cc normal arm64 c++ com.apple.compilers.llvm.clang.1_0.compiler (in target 'ChessKitEngineCore' from project 'ChessKitEngine')
    cd /Users/runner/work/chess-scanner-app/chess-scanner-app/ChessScanner.xcodeproj
    
    Using response file: /Users/runner/Library/Developer/Xcode/DerivedData/ChessScanner-euukheddappmemcngwqshzhuduna/Build/Intermediates.noindex/ChessKitEngine.build/Debug-iphonesimulator/ChessKitEngineCore.build/Objects-normal/arm64/82b82416624d2658e5098eb0a28c15c5-common-args.resp
    
    /Applications/Xcode_26.3.app/Contents/Developer/Toolchains/XcodeDefault.xctoolchain/usr/bin/clang -x c++ -ivfsstatcache /Users/runner/Library/Developer/Xcode/DerivedData/SDKStatCaches.noindex/iphonesimulator26.2-23C57-dc75598d0054f22ec865fa860f139d72e244bd9a5feaf902f95f61bf06266e52.sdkstatcache -fmessage-length\=0 -fdiagnostics-show-note-include-stack -fmacro-backtrace-limit\=0 -fno-color-diagnostics -fmodules-prune-interval\=86400 -fmodules-prune-after\=345600 -fbuild-session-file\=/Users/runner/Library/Developer/Xcode/DerivedData/ModuleCache.noindex/Session.modulevalidation -fmodules-validate-once-per-build-session -Wnon-modular-include-in-framework-module -Werror\=non-modular-include-in-framework-module -Wno-trigraphs -Wno-missing-field-initializers -Wno-missing-prototypes -Wno-return-type -Wno-non-virtual-dtor -Wno-overloaded-virtual -Wno-exit-time-destructors -Wno-missing-braces -Wparentheses -Wswitch -Wno-unused-function -Wno-unused-label -Wno-unused-parameter -Wno-unused-variable -Wunused-value -Wno-empty-body -Wno-uninitialized -Wno-unknown-pragmas -w -Wno-shadow -Wno-four-char-constants -Wno-conversion -Wno-constant-conversion -Wno-int-conversion -Wno-bool-conversion -Wno-enum-conversion -Wno-float-conversion -Wno-non-literal-null-conversion -Wno-objc-literal-conversion -Wshorten-64-to-32 -Wno-newline-eof -Wno-c++11-extensions -Wno-implicit-fallthrough -fstrict-aliasing -Wdeprecated-declarations -Winvalid-offsetof -Wno-sign-conversion -Wno-infinite-recursion -Wno-move -Wno-comma -Wno-block-capture-autoreleasing -Wno-strict-prototypes -Wno-range-loop-analysis -Wno-semicolon-before-method-body -index-store-path /Users/runner/Library/Developer/Xcode/DerivedData/ChessScanner-euukheddappmemcngwqshzhuduna/Index.noindex/DataStore @/Users/runner/Library/Developer/Xcode/DerivedData/ChessScanner-euukheddappmemcngwqshzhuduna/Build/Intermediates.noindex/ChessKitEngine.build/Debug-iphonesimulator/ChessKitEngineCore.build/Objects-normal/arm64/82b82416624d2658e5098eb0a28c15c5-common-args.resp -MMD -MT dependencies -MF /Users/runner/Library/Developer/Xcode/DerivedData/ChessScanner-euukheddappmemcngwqshzhuduna/Build/Intermediates.noindex/ChessKitEngine.build/Debug-iphonesimulator/ChessKitEngineCore.build/Objects-normal/arm64/params.d --serialize-diagnostics /Users/runner/Library/Developer/Xcode/DerivedData/ChessScanner-euukheddappmemcngwqshzhuduna/Build/Intermediates.noindex/ChessKitEngine.build/Debug-iphonesimulator/ChessKitEngineCore.build/Objects-normal/arm64/params.dia -c /Users/runner/Library/Developer/Xcode/DerivedData/ChessScanner-euukheddappmemcngwqshzhuduna/SourcePackages/checkouts/chesskit-engine/Sources/ChessKitEngineCore/Engines/lc0/src/mcts/params.cc -o /Users/runner/Library/Developer/Xcode/DerivedData/ChessScanner-euukheddappmemcngwqshzhuduna/Build/Intermediates.noindex/ChessKitEngine.build/Debug-iphonesimulator/ChessKitEngineCore.build/Objects-normal/arm64/params.o -index-unit-output-path /ChessKitEngine.build/Debug-iphonesimulator/ChessKitEngineCore.build/Objects-normal/arm64/params.o

CompileC /Users/runner/Library/Developer/Xcode/DerivedData/ChessScanner-euukheddappmemcngwqshzhuduna/Build/Intermediates.noindex/ChessKitEngine.build/Debug-iphonesimulator/ChessKitEngineCore.build/Objects-normal/arm64/optionsparser.o /Users/runner/Library/Developer/Xcode/DerivedData/ChessScanner-euukheddappmemcngwqshzhuduna/SourcePackages/checkouts/chesskit-engine/Sources/ChessKitEngineCore/Engines/lc0/src/utils/optionsparser.cc normal arm64 c++ com.apple.compilers.llvm.clang.1_0.compiler (in target 'ChessKitEngineCore' from project 'ChessKitEngine')
    cd /Users/runner/work/chess-scanner-app/chess-scanner-app/ChessScanner.xcodeproj
    
    Using response file: /Users/runner/Library/Developer/Xcode/DerivedData/ChessScanner-euukheddappmemcngwqshzhuduna/Build/Intermediates.noindex/ChessKitEngine.build/Debug-iphonesimulator/ChessKitEngineCore.build/Objects-normal/arm64/82b82416624d2658e5098eb0a28c15c5-common-args.resp
    
    /Applications/Xcode_26.3.app/Contents/Developer/Toolchains/XcodeDefault.xctoolchain/usr/bin/clang -x c++ -ivfsstatcache /Users/runner/Library/Developer/Xcode/DerivedData/SDKStatCaches.noindex/iphonesimulator26.2-23C57-dc75598d0054f22ec865fa860f139d72e244bd9a5feaf902f95f61bf06266e52.sdkstatcache -fmessage-length\=0 -fdiagnostics-show-note-include-stack -fmacro-backtrace-limit\=0 -fno-color-diagnostics -fmodules-prune-interval\=86400 -fmodules-prune-after\=345600 -fbuild-session-file\=/Users/runner/Library/Developer/Xcode/DerivedData/ModuleCache.noindex/Session.modulevalidation -fmodules-validate-once-per-build-session -Wnon-modular-include-in-framework-module -Werror\=non-modular-include-in-framework-module -Wno-trigraphs -Wno-missing-field-initializers -Wno-missing-prototypes -Wno-return-type -Wno-non-virtual-dtor -Wno-overloaded-virtual -Wno-exit-time-destructors -Wno-missing-braces -Wparentheses -Wswitch -Wno-unused-function -Wno-unused-label -Wno-unused-parameter -Wno-unused-variable -Wunused-value -Wno-empty-body -Wno-uninitialized -Wno-unknown-pragmas -w -Wno-shadow -Wno-four-char-constants -Wno-conversion -Wno-constant-conversion -Wno-int-conversion -Wno-bool-conversion -Wno-enum-conversion -Wno-float-conversion -Wno-non-literal-null-conversion -Wno-objc-literal-conversion -Wshorten-64-to-32 -Wno-newline-eof -Wno-c++11-extensions -Wno-implicit-fallthrough -fstrict-aliasing -Wdeprecated-declarations -Winvalid-offsetof -Wno-sign-conversion -Wno-infinite-recursion -Wno-move -Wno-comma -Wno-block-capture-autoreleasing -Wno-strict-prototypes -Wno-range-loop-analysis -Wno-semicolon-before-method-body -index-store-path /Users/runner/Library/Developer/Xcode/DerivedData/ChessScanner-euukheddappmemcngwqshzhuduna/Index.noindex/DataStore @/Users/runner/Library/Developer/Xcode/DerivedData/ChessScanner-euukheddappmemcngwqshzhuduna/Build/Intermediates.noindex/ChessKitEngine.build/Debug-iphonesimulator/ChessKitEngineCore.build/Objects-normal/arm64/82b82416624d2658e5098eb0a28c15c5-common-args.resp -MMD -MT dependencies -MF /Users/runner/Library/Developer/Xcode/DerivedData/ChessScanner-euukheddappmemcngwqshzhuduna/Build/Intermediates.noindex/ChessKitEngine.build/Debug-iphonesimulator/ChessKitEngineCore.build/Objects-normal/arm64/optionsparser.d --serialize-diagnostics /Users/runner/Library/Developer/Xcode/DerivedData/ChessScanner-euukheddappmemcngwqshzhuduna/Build/Intermediates.noindex/ChessKitEngine.build/Debug-iphonesimulator/ChessKitEngineCore.build/Objects-normal/arm64/optionsparser.dia -c /Users/runner/Library/Developer/Xcode/DerivedData/ChessScanner-euukheddappmemcngwqshzhuduna/SourcePackages/checkouts/chesskit-engine/Sources/ChessKitEngineCore/Engines/lc0/src/utils/optionsparser.cc -o /Users/runner/Library/Developer/Xcode/DerivedData/ChessScanner-euukheddappmemcngwqshzhuduna/Build/Intermediates.noindex/ChessKitEngine.build/Debug-iphonesimulator/ChessKitEngineCore.build/Objects-normal/arm64/optionsparser.o -index-unit-output-path /ChessKitEngine.build/Debug-iphonesimulator/ChessKitEngineCore.build/Objects-normal/arm64/optionsparser.o

CompileC /Users/runner/Library/Developer/Xcode/DerivedData/ChessScanner-euukheddappmemcngwqshzhuduna/Build/Intermediates.noindex/ChessKitEngine.build/Debug-iphonesimulator/ChessKitEngineCore.build/Objects-normal/arm64/optionsdict.o /Users/runner/Library/Developer/Xcode/DerivedData/ChessScanner-euukheddappmemcngwqshzhuduna/SourcePackages/checkouts/chesskit-engine/Sources/ChessKitEngineCore/Engines/lc0/src/utils/optionsdict.cc normal arm64 c++ com.apple.compilers.llvm.clang.1_0.compiler (in target 'ChessKitEngineCore' from project 'ChessKitEngine')
    cd /Users/runner/work/chess-scanner-app/chess-scanner-app/ChessScanner.xcodeproj
    
    Using response file: /Users/runner/Library/Developer/Xcode/DerivedData/ChessScanner-euukheddappmemcngwqshzhuduna/Build/Intermediates.noindex/ChessKitEngine.build/Debug-iphonesimulator/ChessKitEngineCore.build/Objects-normal/arm64/82b82416624d2658e5098eb0a28c15c5-common-args.resp
    
    /Applications/Xcode_26.3.app/Contents/Developer/Toolchains/XcodeDefault.xctoolchain/usr/bin/clang -x c++ -ivfsstatcache /Users/runner/Library/Developer/Xcode/DerivedData/SDKStatCaches.noindex/iphonesimulator26.2-23C57-dc75598d0054f22ec865fa860f139d72e244bd9a5feaf902f95f61bf06266e52.sdkstatcache -fmessage-length\=0 -fdiagnostics-show-note-include-stack -fmacro-backtrace-limit\=0 -fno-color-diagnostics -fmodules-prune-interval\=86400 -fmodules-prune-after\=345600 -fbuild-session-file\=/Users/runner/Library/Developer/Xcode/DerivedData/ModuleCache.noindex/Session.modulevalidation -fmodules-validate-once-per-build-session -Wnon-modular-include-in-framework-module -Werror\=non-modular-include-in-framework-module -Wno-trigraphs -Wno-missing-field-initializers -Wno-missing-prototypes -Wno-return-type -Wno-non-virtual-dtor -Wno-overloaded-virtual -Wno-exit-time-destructors -Wno-missing-braces -Wparentheses -Wswitch -Wno-unused-function -Wno-unused-label -Wno-unused-parameter -Wno-unused-variable -Wunused-value -Wno-empty-body -Wno-uninitialized -Wno-unknown-pragmas -w -Wno-shadow -Wno-four-char-constants -Wno-conversion -Wno-constant-conversion -Wno-int-conversion -Wno-bool-conversion -Wno-enum-conversion -Wno-float-conversion -Wno-non-literal-null-conversion -Wno-objc-literal-conversion -Wshorten-64-to-32 -Wno-newline-eof -Wno-c++11-extensions -Wno-implicit-fallthrough -fstrict-aliasing -Wdeprecated-declarations -Winvalid-offsetof -Wno-sign-conversion -Wno-infinite-recursion -Wno-move -Wno-comma -Wno-block-capture-autoreleasing -Wno-strict-prototypes -Wno-range-loop-analysis -Wno-semicolon-before-method-body -index-store-path /Users/runner/Library/Developer/Xcode/DerivedData/ChessScanner-euukheddappmemcngwqshzhuduna/Index.noindex/DataStore @/Users/runner/Library/Developer/Xcode/DerivedData/ChessScanner-euukheddappmemcngwqshzhuduna/Build/Intermediates.noindex/ChessKitEngine.build/Debug-iphonesimulator/ChessKitEngineCore.build/Objects-normal/arm64/82b82416624d2658e5098eb0a28c15c5-common-args.resp -MMD -MT dependencies -MF /Users/runner/Library/Developer/Xcode/DerivedData/ChessScanner-euukheddappmemcngwqshzhuduna/Build/Intermediates.noindex/ChessKitEngine.build/Debug-iphonesimulator/ChessKitEngineCore.build/Objects-normal/arm64/optionsdict.d --serialize-diagnostics /Users/runner/Library/Developer/Xcode/DerivedData/ChessScanner-euukheddappmemcngwqshzhuduna/Build/Intermediates.noindex/ChessKitEngine.build/Debug-iphonesimulator/ChessKitEngineCore.build/Objects-normal/arm64/optionsdict.dia -c /Users/runner/Library/Developer/Xcode/DerivedData/ChessScanner-euukheddappmemcngwqshzhuduna/SourcePackages/checkouts/chesskit-engine/Sources/ChessKitEngineCore/Engines/lc0/src/utils/optionsdict.cc -o /Users/runner/Library/Developer/Xcode/DerivedData/ChessScanner-euukheddappmemcngwqshzhuduna/Build/Intermediates.noindex/ChessKitEngine.build/Debug-iphonesimulator/ChessKitEngineCore.build/Objects-normal/arm64/optionsdict.o -index-unit-output-path /ChessKitEngine.build/Debug-iphonesimulator/ChessKitEngineCore.build/Objects-normal/arm64/optionsdict.o

CompileC /Users/runner/Library/Developer/Xcode/DerivedData/ChessScanner-euukheddappmemcngwqshzhuduna/Build/Intermediates.noindex/ChessKitEngine.build/Debug-iphonesimulator/ChessKitEngineCore.build/Objects-normal/arm64/numa.o /Users/runner/Library/Developer/Xcode/DerivedData/ChessScanner-euukheddappmemcngwqshzhuduna/SourcePackages/checkouts/chesskit-engine/Sources/ChessKitEngineCore/Engines/lc0/src/utils/numa.cc normal arm64 c++ com.apple.compilers.llvm.clang.1_0.compiler (in target 'ChessKitEngineCore' from project 'ChessKitEngine')
    cd /Users/runner/work/chess-scanner-app/chess-scanner-app/ChessScanner.xcodeproj
    
    Using response file: /Users/runner/Library/Developer/Xcode/DerivedData/ChessScanner-euukheddappmemcngwqshzhuduna/Build/Intermediates.noindex/ChessKitEngine.build/Debug-iphonesimulator/ChessKitEngineCore.build/Objects-normal/arm64/82b82416624d2658e5098eb0a28c15c5-common-args.resp
    
    /Applications/Xcode_26.3.app/Contents/Developer/Toolchains/XcodeDefault.xctoolchain/usr/bin/clang -x c++ -ivfsstatcache /Users/runner/Library/Developer/Xcode/DerivedData/SDKStatCaches.noindex/iphonesimulator26.2-23C57-dc75598d0054f22ec865fa860f139d72e244bd9a5feaf902f95f61bf06266e52.sdkstatcache -fmessage-length\=0 -fdiagnostics-show-note-include-stack -fmacro-backtrace-limit\=0 -fno-color-diagnostics -fmodules-prune-interval\=86400 -fmodules-prune-after\=345600 -fbuild-session-file\=/Users/runner/Library/Developer/Xcode/DerivedData/ModuleCache.noindex/Session.modulevalidation -fmodules-validate-once-per-build-session -Wnon-modular-include-in-framework-module -Werror\=non-modular-include-in-framework-module -Wno-trigraphs -Wno-missing-field-initializers -Wno-missing-prototypes -Wno-return-type -Wno-non-virtual-dtor -Wno-overloaded-virtual -Wno-exit-time-destructors -Wno-missing-braces -Wparentheses -Wswitch -Wno-unused-function -Wno-unused-label -Wno-unused-parameter -Wno-unused-variable -Wunused-value -Wno-empty-body -Wno-uninitialized -Wno-unknown-pragmas -w -Wno-shadow -Wno-four-char-constants -Wno-conversion -Wno-constant-conversion -Wno-int-conversion -Wno-bool-conversion -Wno-enum-conversion -Wno-float-conversion -Wno-non-literal-null-conversion -Wno-objc-literal-conversion -Wshorten-64-to-32 -Wno-newline-eof -Wno-c++11-extensions -Wno-implicit-fallthrough -fstrict-aliasing -Wdeprecated-declarations -Winvalid-offsetof -Wno-sign-conversion -Wno-infinite-recursion -Wno-move -Wno-comma -Wno-block-capture-autoreleasing -Wno-strict-prototypes -Wno-range-loop-analysis -Wno-semicolon-before-method-body -index-store-path /Users/runner/Library/Developer/Xcode/DerivedData/ChessScanner-euukheddappmemcngwqshzhuduna/Index.noindex/DataStore @/Users/runner/Library/Developer/Xcode/DerivedData/ChessScanner-euukheddappmemcngwqshzhuduna/Build/Intermediates.noindex/ChessKitEngine.build/Debug-iphonesimulator/ChessKitEngineCore.build/Objects-normal/arm64/82b82416624d2658e5098eb0a28c15c5-common-args.resp -MMD -MT dependencies -MF /Users/runner/Library/Developer/Xcode/DerivedData/ChessScanner-euukheddappmemcngwqshzhuduna/Build/Intermediates.noindex/ChessKitEngine.build/Debug-iphonesimulator/ChessKitEngineCore.build/Objects-normal/arm64/numa.d --serialize-diagnostics /Users/runner/Library/Developer/Xcode/DerivedData/ChessScanner-euukheddappmemcngwqshzhuduna/Build/Intermediates.noindex/ChessKitEngine.build/Debug-iphonesimulator/ChessKitEngineCore.build/Objects-normal/arm64/numa.dia -c /Users/runner/Library/Developer/Xcode/DerivedData/ChessScanner-euukheddappmemcngwqshzhuduna/SourcePackages/checkouts/chesskit-engine/Sources/ChessKitEngineCore/Engines/lc0/src/utils/numa.cc -o /Users/runner/Library/Developer/Xcode/DerivedData/ChessScanner-euukheddappmemcngwqshzhuduna/Build/Intermediates.noindex/ChessKitEngine.build/Debug-iphonesimulator/ChessKitEngineCore.build/Objects-normal/arm64/numa.o -index-unit-output-path /ChessKitEngine.build/Debug-iphonesimulator/ChessKitEngineCore.build/Objects-normal/arm64/numa.o

CompileC /Users/runner/Library/Developer/Xcode/DerivedData/ChessScanner-euukheddappmemcngwqshzhuduna/Build/Intermediates.noindex/ChessKitEngine.build/Debug-iphonesimulator/ChessKitEngineCore.build/Objects-normal/arm64/node.o /Users/runner/Library/Developer/Xcode/DerivedData/ChessScanner-euukheddappmemcngwqshzhuduna/SourcePackages/checkouts/chesskit-engine/Sources/ChessKitEngineCore/Engines/lc0/src/mcts/node.cc normal arm64 c++ com.apple.compilers.llvm.clang.1_0.compiler (in target 'ChessKitEngineCore' from project 'ChessKitEngine')
    cd /Users/runner/work/chess-scanner-app/chess-scanner-app/ChessScanner.xcodeproj
    
    Using response file: /Users/runner/Library/Developer/Xcode/DerivedData/ChessScanner-euukheddappmemcngwqshzhuduna/Build/Intermediates.noindex/ChessKitEngine.build/Debug-iphonesimulator/ChessKitEngineCore.build/Objects-normal/arm64/82b82416624d2658e5098eb0a28c15c5-common-args.resp
    
    /Applications/Xcode_26.3.app/Contents/Developer/Toolchains/XcodeDefault.xctoolchain/usr/bin/clang -x c++ -ivfsstatcache /Users/runner/Library/Developer/Xcode/DerivedData/SDKStatCaches.noindex/iphonesimulator26.2-23C57-dc75598d0054f22ec865fa860f139d72e244bd9a5feaf902f95f61bf06266e52.sdkstatcache -fmessage-length\=0 -fdiagnostics-show-note-include-stack -fmacro-backtrace-limit\=0 -fno-color-diagnostics -fmodules-prune-interval\=86400 -fmodules-prune-after\=345600 -fbuild-session-file\=/Users/runner/Library/Developer/Xcode/DerivedData/ModuleCache.noindex/Session.modulevalidation -fmodules-validate-once-per-build-session -Wnon-modular-include-in-framework-module -Werror\=non-modular-include-in-framework-module -Wno-trigraphs -Wno-missing-field-initializers -Wno-missing-prototypes -Wno-return-type -Wno-non-virtual-dtor -Wno-overloaded-virtual -Wno-exit-time-destructors -Wno-missing-braces -Wparentheses -Wswitch -Wno-unused-function -Wno-unused-label -Wno-unused-parameter -Wno-unused-variable -Wunused-value -Wno-empty-body -Wno-uninitialized -Wno-unknown-pragmas -w -Wno-shadow -Wno-four-char-constants -Wno-conversion -Wno-constant-conversion -Wno-int-conversion -Wno-bool-conversion -Wno-enum-conversion -Wno-float-conversion -Wno-non-literal-null-conversion -Wno-objc-literal-conversion -Wshorten-64-to-32 -Wno-newline-eof -Wno-c++11-extensions -Wno-implicit-fallthrough -fstrict-aliasing -Wdeprecated-declarations -Winvalid-offsetof -Wno-sign-conversion -Wno-infinite-recursion -Wno-move -Wno-comma -Wno-block-capture-autoreleasing -Wno-strict-prototypes -Wno-range-loop-analysis -Wno-semicolon-before-method-body -index-store-path /Users/runner/Library/Developer/Xcode/DerivedData/ChessScanner-euukheddappmemcngwqshzhuduna/Index.noindex/DataStore @/Users/runner/Library/Developer/Xcode/DerivedData/ChessScanner-euukheddappmemcngwqshzhuduna/Build/Intermediates.noindex/ChessKitEngine.build/Debug-iphonesimulator/ChessKitEngineCore.build/Objects-normal/arm64/82b82416624d2658e5098eb0a28c15c5-common-args.resp -MMD -MT dependencies -MF /Users/runner/Library/Developer/Xcode/DerivedData/ChessScanner-euukheddappmemcngwqshzhuduna/Build/Intermediates.noindex/ChessKitEngine.build/Debug-iphonesimulator/ChessKitEngineCore.build/Objects-normal/arm64/node.d --serialize-diagnostics /Users/runner/Library/Developer/Xcode/DerivedData/ChessScanner-euukheddappmemcngwqshzhuduna/Build/Intermediates.noindex/ChessKitEngine.build/Debug-iphonesimulator/ChessKitEngineCore.build/Objects-normal/arm64/node.dia -c /Users/runner/Library/Developer/Xcode/DerivedData/ChessScanner-euukheddappmemcngwqshzhuduna/SourcePackages/checkouts/chesskit-engine/Sources/ChessKitEngineCore/Engines/lc0/src/mcts/node.cc -o /Users/runner/Library/Developer/Xcode/DerivedData/ChessScanner-euukheddappmemcngwqshzhuduna/Build/Intermediates.noindex/ChessKitEngine.build/Debug-iphonesimulator/ChessKitEngineCore.build/Objects-normal/arm64/node.o -index-unit-output-path /ChessKitEngine.build/Debug-iphonesimulator/ChessKitEngineCore.build/Objects-normal/arm64/node.o

CompileC /Users/runner/Library/Developer/Xcode/DerivedData/ChessScanner-euukheddappmemcngwqshzhuduna/Build/Intermediates.noindex/ChessKitEngine.build/Debug-iphonesimulator/ChessKitEngineCore.build/Objects-normal/arm64/nnue_misc.o /Users/runner/Library/Developer/Xcode/DerivedData/ChessScanner-euukheddappmemcngwqshzhuduna/SourcePackages/checkouts/chesskit-engine/Sources/ChessKitEngineCore/Engines/Stockfish/src/nnue/nnue_misc.cpp normal arm64 c++ com.apple.compilers.llvm.clang.1_0.compiler (in target 'ChessKitEngineCore' from project 'ChessKitEngine')
    cd /Users/runner/work/chess-scanner-app/chess-scanner-app/ChessScanner.xcodeproj
    
    Using response file: /Users/runner/Library/Developer/Xcode/DerivedData/ChessScanner-euukheddappmemcngwqshzhuduna/Build/Intermediates.noindex/ChessKitEngine.build/Debug-iphonesimulator/ChessKitEngineCore.build/Objects-normal/arm64/82b82416624d2658e5098eb0a28c15c5-common-args.resp
    
    /Applications/Xcode_26.3.app/Contents/Developer/Toolchains/XcodeDefault.xctoolchain/usr/bin/clang -x c++ -ivfsstatcache /Users/runner/Library/Developer/Xcode/DerivedData/SDKStatCaches.noindex/iphonesimulator26.2-23C57-dc75598d0054f22ec865fa860f139d72e244bd9a5feaf902f95f61bf06266e52.sdkstatcache -fmessage-length\=0 -fdiagnostics-show-note-include-stack -fmacro-backtrace-limit\=0 -fno-color-diagnostics -fmodules-prune-interval\=86400 -fmodules-prune-after\=345600 -fbuild-session-file\=/Users/runner/Library/Developer/Xcode/DerivedData/ModuleCache.noindex/Session.modulevalidation -fmodules-validate-once-per-build-session -Wnon-modular-include-in-framework-module -Werror\=non-modular-include-in-framework-module -Wno-trigraphs -Wno-missing-field-initializers -Wno-missing-prototypes -Wno-return-type -Wno-non-virtual-dtor -Wno-overloaded-virtual -Wno-exit-time-destructors -Wno-missing-braces -Wparentheses -Wswitch -Wno-unused-function -Wno-unused-label -Wno-unused-parameter -Wno-unused-variable -Wunused-value -Wno-empty-body -Wno-uninitialized -Wno-unknown-pragmas -w -Wno-shadow -Wno-four-char-constants -Wno-conversion -Wno-constant-conversion -Wno-int-conversion -Wno-bool-conversion -Wno-enum-conversion -Wno-float-conversion -Wno-non-literal-null-conversion -Wno-objc-literal-conversion -Wshorten-64-to-32 -Wno-newline-eof -Wno-c++11-extensions -Wno-implicit-fallthrough -fstrict-aliasing -Wdeprecated-declarations -Winvalid-offsetof -Wno-sign-conversion -Wno-infinite-recursion -Wno-move -Wno-comma -Wno-block-capture-autoreleasing -Wno-strict-prototypes -Wno-range-loop-analysis -Wno-semicolon-before-method-body -index-store-path /Users/runner/Library/Developer/Xcode/DerivedData/ChessScanner-euukheddappmemcngwqshzhuduna/Index.noindex/DataStore @/Users/runner/Library/Developer/Xcode/DerivedData/ChessScanner-euukheddappmemcngwqshzhuduna/Build/Intermediates.noindex/ChessKitEngine.build/Debug-iphonesimulator/ChessKitEngineCore.build/Objects-normal/arm64/82b82416624d2658e5098eb0a28c15c5-common-args.resp -MMD -MT dependencies -MF /Users/runner/Library/Developer/Xcode/DerivedData/ChessScanner-euukheddappmemcngwqshzhuduna/Build/Intermediates.noindex/ChessKitEngine.build/Debug-iphonesimulator/ChessKitEngineCore.build/Objects-normal/arm64/nnue_misc.d --serialize-diagnostics /Users/runner/Library/Developer/Xcode/DerivedData/ChessScanner-euukheddappmemcngwqshzhuduna/Build/Intermediates.noindex/ChessKitEngine.build/Debug-iphonesimulator/ChessKitEngineCore.build/Objects-normal/arm64/nnue_misc.dia -c /Users/runner/Library/Developer/Xcode/DerivedData/ChessScanner-euukheddappmemcngwqshzhuduna/SourcePackages/checkouts/chesskit-engine/Sources/ChessKitEngineCore/Engines/Stockfish/src/nnue/nnue_misc.cpp -o /Users/runner/Library/Developer/Xcode/DerivedData/ChessScanner-euukheddappmemcngwqshzhuduna/Build/Intermediates.noindex/ChessKitEngine.build/Debug-iphonesimulator/ChessKitEngineCore.build/Objects-normal/arm64/nnue_misc.o -index-unit-output-path /ChessKitEngine.build/Debug-iphonesimulator/ChessKitEngineCore.build/Objects-normal/arm64/nnue_misc.o

CompileC /Users/runner/Library/Developer/Xcode/DerivedData/ChessScanner-euukheddappmemcngwqshzhuduna/Build/Intermediates.noindex/ChessKitEngine.build/Debug-iphonesimulator/ChessKitEngineCore.build/Objects-normal/arm64/network_trivial.o /Users/runner/Library/Developer/Xcode/DerivedData/ChessScanner-euukheddappmemcngwqshzhuduna/SourcePackages/checkouts/chesskit-engine/Sources/ChessKitEngineCore/Engines/lc0/src/neural/network_trivial.cc normal arm64 c++ com.apple.compilers.llvm.clang.1_0.compiler (in target 'ChessKitEngineCore' from project 'ChessKitEngine')
    cd /Users/runner/work/chess-scanner-app/chess-scanner-app/ChessScanner.xcodeproj
    
    Using response file: /Users/runner/Library/Developer/Xcode/DerivedData/ChessScanner-euukheddappmemcngwqshzhuduna/Build/Intermediates.noindex/ChessKitEngine.build/Debug-iphonesimulator/ChessKitEngineCore.build/Objects-normal/arm64/82b82416624d2658e5098eb0a28c15c5-common-args.resp
    
    /Applications/Xcode_26.3.app/Contents/Developer/Toolchains/XcodeDefault.xctoolchain/usr/bin/clang -x c++ -ivfsstatcache /Users/runner/Library/Developer/Xcode/DerivedData/SDKStatCaches.noindex/iphonesimulator26.2-23C57-dc75598d0054f22ec865fa860f139d72e244bd9a5feaf902f95f61bf06266e52.sdkstatcache -fmessage-length\=0 -fdiagnostics-show-note-include-stack -fmacro-backtrace-limit\=0 -fno-color-diagnostics -fmodules-prune-interval\=86400 -fmodules-prune-after\=345600 -fbuild-session-file\=/Users/runner/Library/Developer/Xcode/DerivedData/ModuleCache.noindex/Session.modulevalidation -fmodules-validate-once-per-build-session -Wnon-modular-include-in-framework-module -Werror\=non-modular-include-in-framework-module -Wno-trigraphs -Wno-missing-field-initializers -Wno-missing-prototypes -Wno-return-type -Wno-non-virtual-dtor -Wno-overloaded-virtual -Wno-exit-time-destructors -Wno-missing-braces -Wparentheses -Wswitch -Wno-unused-function -Wno-unused-label -Wno-unused-parameter -Wno-unused-variable -Wunused-value -Wno-empty-body -Wno-uninitialized -Wno-unknown-pragmas -w -Wno-shadow -Wno-four-char-constants -Wno-conversion -Wno-constant-conversion -Wno-int-conversion -Wno-bool-conversion -Wno-enum-conversion -Wno-float-conversion -Wno-non-literal-null-conversion -Wno-objc-literal-conversion -Wshorten-64-to-32 -Wno-newline-eof -Wno-c++11-extensions -Wno-implicit-fallthrough -fstrict-aliasing -Wdeprecated-declarations -Winvalid-offsetof -Wno-sign-conversion -Wno-infinite-recursion -Wno-move -Wno-comma -Wno-block-capture-autoreleasing -Wno-strict-prototypes -Wno-range-loop-analysis -Wno-semicolon-before-method-body -index-store-path /Users/runner/Library/Developer/Xcode/DerivedData/ChessScanner-euukheddappmemcngwqshzhuduna/Index.noindex/DataStore @/Users/runner/Library/Developer/Xcode/DerivedData/ChessScanner-euukheddappmemcngwqshzhuduna/Build/Intermediates.noindex/ChessKitEngine.build/Debug-iphonesimulator/ChessKitEngineCore.build/Objects-normal/arm64/82b82416624d2658e5098eb0a28c15c5-common-args.resp -MMD -MT dependencies -MF /Users/runner/Library/Developer/Xcode/DerivedData/ChessScanner-euukheddappmemcngwqshzhuduna/Build/Intermediates.noindex/ChessKitEngine.build/Debug-iphonesimulator/ChessKitEngineCore.build/Objects-normal/arm64/network_trivial.d --serialize-diagnostics /Users/runner/Library/Developer/Xcode/DerivedData/ChessScanner-euukheddappmemcngwqshzhuduna/Build/Intermediates.noindex/ChessKitEngine.build/Debug-iphonesimulator/ChessKitEngineCore.build/Objects-normal/arm64/network_trivial.dia -c /Users/runner/Library/Developer/Xcode/DerivedData/ChessScanner-euukheddappmemcngwqshzhuduna/SourcePackages/checkouts/chesskit-engine/Sources/ChessKitEngineCore/Engines/lc0/src/neural/network_trivial.cc -o /Users/runner/Library/Developer/Xcode/DerivedData/ChessScanner-euukheddappmemcngwqshzhuduna/Build/Intermediates.noindex/ChessKitEngine.build/Debug-iphonesimulator/ChessKitEngineCore.build/Objects-normal/arm64/network_trivial.o -index-unit-output-path /ChessKitEngine.build/Debug-iphonesimulator/ChessKitEngineCore.build/Objects-normal/arm64/network_trivial.o

CompileC /Users/runner/Library/Developer/Xcode/DerivedData/ChessScanner-euukheddappmemcngwqshzhuduna/Build/Intermediates.noindex/ChessKitEngine.build/Debug-iphonesimulator/ChessKitEngineCore.build/Objects-normal/arm64/network_rr.o /Users/runner/Library/Developer/Xcode/DerivedData/ChessScanner-euukheddappmemcngwqshzhuduna/SourcePackages/checkouts/chesskit-engine/Sources/ChessKitEngineCore/Engines/lc0/src/neural/network_rr.cc normal arm64 c++ com.apple.compilers.llvm.clang.1_0.compiler (in target 'ChessKitEngineCore' from project 'ChessKitEngine')
    cd /Users/runner/work/chess-scanner-app/chess-scanner-app/ChessScanner.xcodeproj
    
    Using response file: /Users/runner/Library/Developer/Xcode/DerivedData/ChessScanner-euukheddappmemcngwqshzhuduna/Build/Intermediates.noindex/ChessKitEngine.build/Debug-iphonesimulator/ChessKitEngineCore.build/Objects-normal/arm64/82b82416624d2658e5098eb0a28c15c5-common-args.resp
    
    /Applications/Xcode_26.3.app/Contents/Developer/Toolchains/XcodeDefault.xctoolchain/usr/bin/clang -x c++ -ivfsstatcache /Users/runner/Library/Developer/Xcode/DerivedData/SDKStatCaches.noindex/iphonesimulator26.2-23C57-dc75598d0054f22ec865fa860f139d72e244bd9a5feaf902f95f61bf06266e52.sdkstatcache -fmessage-length\=0 -fdiagnostics-show-note-include-stack -fmacro-backtrace-limit\=0 -fno-color-diagnostics -fmodules-prune-interval\=86400 -fmodules-prune-after\=345600 -fbuild-session-file\=/Users/runner/Library/Developer/Xcode/DerivedData/ModuleCache.noindex/Session.modulevalidation -fmodules-validate-once-per-build-session -Wnon-modular-include-in-framework-module -Werror\=non-modular-include-in-framework-module -Wno-trigraphs -Wno-missing-field-initializers -Wno-missing-prototypes -Wno-return-type -Wno-non-virtual-dtor -Wno-overloaded-virtual -Wno-exit-time-destructors -Wno-missing-braces -Wparentheses -Wswitch -Wno-unused-function -Wno-unused-label -Wno-unused-parameter -Wno-unused-variable -Wunused-value -Wno-empty-body -Wno-uninitialized -Wno-unknown-pragmas -w -Wno-shadow -Wno-four-char-constants -Wno-conversion -Wno-constant-conversion -Wno-int-conversion -Wno-bool-conversion -Wno-enum-conversion -Wno-float-conversion -Wno-non-literal-null-conversion -Wno-objc-literal-conversion -Wshorten-64-to-32 -Wno-newline-eof -Wno-c++11-extensions -Wno-implicit-fallthrough -fstrict-aliasing -Wdeprecated-declarations -Winvalid-offsetof -Wno-sign-conversion -Wno-infinite-recursion -Wno-move -Wno-comma -Wno-block-capture-autoreleasing -Wno-strict-prototypes -Wno-range-loop-analysis -Wno-semicolon-before-method-body -index-store-path /Users/runner/Library/Developer/Xcode/DerivedData/ChessScanner-euukheddappmemcngwqshzhuduna/Index.noindex/DataStore @/Users/runner/Library/Developer/Xcode/DerivedData/ChessScanner-euukheddappmemcngwqshzhuduna/Build/Intermediates.noindex/ChessKitEngine.build/Debug-iphonesimulator/ChessKitEngineCore.build/Objects-normal/arm64/82b82416624d2658e5098eb0a28c15c5-common-args.resp -MMD -MT dependencies -MF /Users/runner/Library/Developer/Xcode/DerivedData/ChessScanner-euukheddappmemcngwqshzhuduna/Build/Intermediates.noindex/ChessKitEngine.build/Debug-iphonesimulator/ChessKitEngineCore.build/Objects-normal/arm64/network_rr.d --serialize-diagnostics /Users/runner/Library/Developer/Xcode/DerivedData/ChessScanner-euukheddappmemcngwqshzhuduna/Build/Intermediates.noindex/ChessKitEngine.build/Debug-iphonesimulator/ChessKitEngineCore.build/Objects-normal/arm64/network_rr.dia -c /Users/runner/Library/Developer/Xcode/DerivedData/ChessScanner-euukheddappmemcngwqshzhuduna/SourcePackages/checkouts/chesskit-engine/Sources/ChessKitEngineCore/Engines/lc0/src/neural/network_rr.cc -o /Users/runner/Library/Developer/Xcode/DerivedData/ChessScanner-euukheddappmemcngwqshzhuduna/Build/Intermediates.noindex/ChessKitEngine.build/Debug-iphonesimulator/ChessKitEngineCore.build/Objects-normal/arm64/network_rr.o -index-unit-output-path /ChessKitEngine.build/Debug-iphonesimulator/ChessKitEngineCore.build/Objects-normal/arm64/network_rr.o

CompileC /Users/runner/Library/Developer/Xcode/DerivedData/ChessScanner-euukheddappmemcngwqshzhuduna/Build/Intermediates.noindex/ChessKitEngine.build/Debug-iphonesimulator/ChessKitEngineCore.build/Objects-normal/arm64/network_record.o /Users/runner/Library/Developer/Xcode/DerivedData/ChessScanner-euukheddappmemcngwqshzhuduna/SourcePackages/checkouts/chesskit-engine/Sources/ChessKitEngineCore/Engines/lc0/src/neural/network_record.cc normal arm64 c++ com.apple.compilers.llvm.clang.1_0.compiler (in target 'ChessKitEngineCore' from project 'ChessKitEngine')
    cd /Users/runner/work/chess-scanner-app/chess-scanner-app/ChessScanner.xcodeproj
    
    Using response file: /Users/runner/Library/Developer/Xcode/DerivedData/ChessScanner-euukheddappmemcngwqshzhuduna/Build/Intermediates.noindex/ChessKitEngine.build/Debug-iphonesimulator/ChessKitEngineCore.build/Objects-normal/arm64/82b82416624d2658e5098eb0a28c15c5-common-args.resp
    
    /Applications/Xcode_26.3.app/Contents/Developer/Toolchains/XcodeDefault.xctoolchain/usr/bin/clang -x c++ -ivfsstatcache /Users/runner/Library/Developer/Xcode/DerivedData/SDKStatCaches.noindex/iphonesimulator26.2-23C57-dc75598d0054f22ec865fa860f139d72e244bd9a5feaf902f95f61bf06266e52.sdkstatcache -fmessage-length\=0 -fdiagnostics-show-note-include-stack -fmacro-backtrace-limit\=0 -fno-color-diagnostics -fmodules-prune-interval\=86400 -fmodules-prune-after\=345600 -fbuild-session-file\=/Users/runner/Library/Developer/Xcode/DerivedData/ModuleCache.noindex/Session.modulevalidation -fmodules-validate-once-per-build-session -Wnon-modular-include-in-framework-module -Werror\=non-modular-include-in-framework-module -Wno-trigraphs -Wno-missing-field-initializers -Wno-missing-prototypes -Wno-return-type -Wno-non-virtual-dtor -Wno-overloaded-virtual -Wno-exit-time-destructors -Wno-missing-braces -Wparentheses -Wswitch -Wno-unused-function -Wno-unused-label -Wno-unused-parameter -Wno-unused-variable -Wunused-value -Wno-empty-body -Wno-uninitialized -Wno-unknown-pragmas -w -Wno-shadow -Wno-four-char-constants -Wno-conversion -Wno-constant-conversion -Wno-int-conversion -Wno-bool-conversion -Wno-enum-conversion -Wno-float-conversion -Wno-non-literal-null-conversion -Wno-objc-literal-conversion -Wshorten-64-to-32 -Wno-newline-eof -Wno-c++11-extensions -Wno-implicit-fallthrough -fstrict-aliasing -Wdeprecated-declarations -Winvalid-offsetof -Wno-sign-conversion -Wno-infinite-recursion -Wno-move -Wno-comma -Wno-block-capture-autoreleasing -Wno-strict-prototypes -Wno-range-loop-analysis -Wno-semicolon-before-method-body -index-store-path /Users/runner/Library/Developer/Xcode/DerivedData/ChessScanner-euukheddappmemcngwqshzhuduna/Index.noindex/DataStore @/Users/runner/Library/Developer/Xcode/DerivedData/ChessScanner-euukheddappmemcngwqshzhuduna/Build/Intermediates.noindex/ChessKitEngine.build/Debug-iphonesimulator/ChessKitEngineCore.build/Objects-normal/arm64/82b82416624d2658e5098eb0a28c15c5-common-args.resp -MMD -MT dependencies -MF /Users/runner/Library/Developer/Xcode/DerivedData/ChessScanner-euukheddappmemcngwqshzhuduna/Build/Intermediates.noindex/ChessKitEngine.build/Debug-iphonesimulator/ChessKitEngineCore.build/Objects-normal/arm64/network_record.d --serialize-diagnostics /Users/runner/Library/Developer/Xcode/DerivedData/ChessScanner-euukheddappmemcngwqshzhuduna/Build/Intermediates.noindex/ChessKitEngine.build/Debug-iphonesimulator/ChessKitEngineCore.build/Objects-normal/arm64/network_record.dia -c /Users/runner/Library/Developer/Xcode/DerivedData/ChessScanner-euukheddappmemcngwqshzhuduna/SourcePackages/checkouts/chesskit-engine/Sources/ChessKitEngineCore/Engines/lc0/src/neural/network_record.cc -o /Users/runner/Library/Developer/Xcode/DerivedData/ChessScanner-euukheddappmemcngwqshzhuduna/Build/Intermediates.noindex/ChessKitEngine.build/Debug-iphonesimulator/ChessKitEngineCore.build/Objects-normal/arm64/network_record.o -index-unit-output-path /ChessKitEngine.build/Debug-iphonesimulator/ChessKitEngineCore.build/Objects-normal/arm64/network_record.o

CompileC /Users/runner/Library/Developer/Xcode/DerivedData/ChessScanner-euukheddappmemcngwqshzhuduna/Build/Intermediates.noindex/ChessKitEngine.build/Debug-iphonesimulator/ChessKitEngineCore.build/Objects-normal/arm64/network_random.o /Users/runner/Library/Developer/Xcode/DerivedData/ChessScanner-euukheddappmemcngwqshzhuduna/SourcePackages/checkouts/chesskit-engine/Sources/ChessKitEngineCore/Engines/lc0/src/neural/network_random.cc normal arm64 c++ com.apple.compilers.llvm.clang.1_0.compiler (in target 'ChessKitEngineCore' from project 'ChessKitEngine')
    cd /Users/runner/work/chess-scanner-app/chess-scanner-app/ChessScanner.xcodeproj
    
    Using response file: /Users/runner/Library/Developer/Xcode/DerivedData/ChessScanner-euukheddappmemcngwqshzhuduna/Build/Intermediates.noindex/ChessKitEngine.build/Debug-iphonesimulator/ChessKitEngineCore.build/Objects-normal/arm64/82b82416624d2658e5098eb0a28c15c5-common-args.resp
    
    /Applications/Xcode_26.3.app/Contents/Developer/Toolchains/XcodeDefault.xctoolchain/usr/bin/clang -x c++ -ivfsstatcache /Users/runner/Library/Developer/Xcode/DerivedData/SDKStatCaches.noindex/iphonesimulator26.2-23C57-dc75598d0054f22ec865fa860f139d72e244bd9a5feaf902f95f61bf06266e52.sdkstatcache -fmessage-length\=0 -fdiagnostics-show-note-include-stack -fmacro-backtrace-limit\=0 -fno-color-diagnostics -fmodules-prune-interval\=86400 -fmodules-prune-after\=345600 -fbuild-session-file\=/Users/runner/Library/Developer/Xcode/DerivedData/ModuleCache.noindex/Session.modulevalidation -fmodules-validate-once-per-build-session -Wnon-modular-include-in-framework-module -Werror\=non-modular-include-in-framework-module -Wno-trigraphs -Wno-missing-field-initializers -Wno-missing-prototypes -Wno-return-type -Wno-non-virtual-dtor -Wno-overloaded-virtual -Wno-exit-time-destructors -Wno-missing-braces -Wparentheses -Wswitch -Wno-unused-function -Wno-unused-label -Wno-unused-parameter -Wno-unused-variable -Wunused-value -Wno-empty-body -Wno-uninitialized -Wno-unknown-pragmas -w -Wno-shadow -Wno-four-char-constants -Wno-conversion -Wno-constant-conversion -Wno-int-conversion -Wno-bool-conversion -Wno-enum-conversion -Wno-float-conversion -Wno-non-literal-null-conversion -Wno-objc-literal-conversion -Wshorten-64-to-32 -Wno-newline-eof -Wno-c++11-extensions -Wno-implicit-fallthrough -fstrict-aliasing -Wdeprecated-declarations -Winvalid-offsetof -Wno-sign-conversion -Wno-infinite-recursion -Wno-move -Wno-comma -Wno-block-capture-autoreleasing -Wno-strict-prototypes -Wno-range-loop-analysis -Wno-semicolon-before-method-body -index-store-path /Users/runner/Library/Developer/Xcode/DerivedData/ChessScanner-euukheddappmemcngwqshzhuduna/Index.noindex/DataStore @/Users/runner/Library/Developer/Xcode/DerivedData/ChessScanner-euukheddappmemcngwqshzhuduna/Build/Intermediates.noindex/ChessKitEngine.build/Debug-iphonesimulator/ChessKitEngineCore.build/Objects-normal/arm64/82b82416624d2658e5098eb0a28c15c5-common-args.resp -MMD -MT dependencies -MF /Users/runner/Library/Developer/Xcode/DerivedData/ChessScanner-euukheddappmemcngwqshzhuduna/Build/Intermediates.noindex/ChessKitEngine.build/Debug-iphonesimulator/ChessKitEngineCore.build/Objects-normal/arm64/network_random.d --serialize-diagnostics /Users/runner/Library/Developer/Xcode/DerivedData/ChessScanner-euukheddappmemcngwqshzhuduna/Build/Intermediates.noindex/ChessKitEngine.build/Debug-iphonesimulator/ChessKitEngineCore.build/Objects-normal/arm64/network_random.dia -c /Users/runner/Library/Developer/Xcode/DerivedData/ChessScanner-euukheddappmemcngwqshzhuduna/SourcePackages/checkouts/chesskit-engine/Sources/ChessKitEngineCore/Engines/lc0/src/neural/network_random.cc -o /Users/runner/Library/Developer/Xcode/DerivedData/ChessScanner-euukheddappmemcngwqshzhuduna/Build/Intermediates.noindex/ChessKitEngine.build/Debug-iphonesimulator/ChessKitEngineCore.build/Objects-normal/arm64/network_random.o -index-unit-output-path /ChessKitEngine.build/Debug-iphonesimulator/ChessKitEngineCore.build/Objects-normal/arm64/network_random.o

CompileC /Users/runner/Library/Developer/Xcode/DerivedData/ChessScanner-euukheddappmemcngwqshzhuduna/Build/Intermediates.noindex/ChessKitEngine.build/Debug-iphonesimulator/ChessKitEngineCore.build/Objects-normal/arm64/network_mux.o /Users/runner/Library/Developer/Xcode/DerivedData/ChessScanner-euukheddappmemcngwqshzhuduna/SourcePackages/checkouts/chesskit-engine/Sources/ChessKitEngineCore/Engines/lc0/src/neural/network_mux.cc normal arm64 c++ com.apple.compilers.llvm.clang.1_0.compiler (in target 'ChessKitEngineCore' from project 'ChessKitEngine')
    cd /Users/runner/work/chess-scanner-app/chess-scanner-app/ChessScanner.xcodeproj
    
    Using response file: /Users/runner/Library/Developer/Xcode/DerivedData/ChessScanner-euukheddappmemcngwqshzhuduna/Build/Intermediates.noindex/ChessKitEngine.build/Debug-iphonesimulator/ChessKitEngineCore.build/Objects-normal/arm64/82b82416624d2658e5098eb0a28c15c5-common-args.resp
    
    /Applications/Xcode_26.3.app/Contents/Developer/Toolchains/XcodeDefault.xctoolchain/usr/bin/clang -x c++ -ivfsstatcache /Users/runner/Library/Developer/Xcode/DerivedData/SDKStatCaches.noindex/iphonesimulator26.2-23C57-dc75598d0054f22ec865fa860f139d72e244bd9a5feaf902f95f61bf06266e52.sdkstatcache -fmessage-length\=0 -fdiagnostics-show-note-include-stack -fmacro-backtrace-limit\=0 -fno-color-diagnostics -fmodules-prune-interval\=86400 -fmodules-prune-after\=345600 -fbuild-session-file\=/Users/runner/Library/Developer/Xcode/DerivedData/ModuleCache.noindex/Session.modulevalidation -fmodules-validate-once-per-build-session -Wnon-modular-include-in-framework-module -Werror\=non-modular-include-in-framework-module -Wno-trigraphs -Wno-missing-field-initializers -Wno-missing-prototypes -Wno-return-type -Wno-non-virtual-dtor -Wno-overloaded-virtual -Wno-exit-time-destructors -Wno-missing-braces -Wparentheses -Wswitch -Wno-unused-function -Wno-unused-label -Wno-unused-parameter -Wno-unused-variable -Wunused-value -Wno-empty-body -Wno-uninitialized -Wno-unknown-pragmas -w -Wno-shadow -Wno-four-char-constants -Wno-conversion -Wno-constant-conversion -Wno-int-conversion -Wno-bool-conversion -Wno-enum-conversion -Wno-float-conversion -Wno-non-literal-null-conversion -Wno-objc-literal-conversion -Wshorten-64-to-32 -Wno-newline-eof -Wno-c++11-extensions -Wno-implicit-fallthrough -fstrict-aliasing -Wdeprecated-declarations -Winvalid-offsetof -Wno-sign-conversion -Wno-infinite-recursion -Wno-move -Wno-comma -Wno-block-capture-autoreleasing -Wno-strict-prototypes -Wno-range-loop-analysis -Wno-semicolon-before-method-body -index-store-path /Users/runner/Library/Developer/Xcode/DerivedData/ChessScanner-euukheddappmemcngwqshzhuduna/Index.noindex/DataStore @/Users/runner/Library/Developer/Xcode/DerivedData/ChessScanner-euukheddappmemcngwqshzhuduna/Build/Intermediates.noindex/ChessKitEngine.build/Debug-iphonesimulator/ChessKitEngineCore.build/Objects-normal/arm64/82b82416624d2658e5098eb0a28c15c5-common-args.resp -MMD -MT dependencies -MF /Users/runner/Library/Developer/Xcode/DerivedData/ChessScanner-euukheddappmemcngwqshzhuduna/Build/Intermediates.noindex/ChessKitEngine.build/Debug-iphonesimulator/ChessKitEngineCore.build/Objects-normal/arm64/network_mux.d --serialize-diagnostics /Users/runner/Library/Developer/Xcode/DerivedData/ChessScanner-euukheddappmemcngwqshzhuduna/Build/Intermediates.noindex/ChessKitEngine.build/Debug-iphonesimulator/ChessKitEngineCore.build/Objects-normal/arm64/network_mux.dia -c /Users/runner/Library/Developer/Xcode/DerivedData/ChessScanner-euukheddappmemcngwqshzhuduna/SourcePackages/checkouts/chesskit-engine/Sources/ChessKitEngineCore/Engines/lc0/src/neural/network_mux.cc -o /Users/runner/Library/Developer/Xcode/DerivedData/ChessScanner-euukheddappmemcngwqshzhuduna/Build/Intermediates.noindex/ChessKitEngine.build/Debug-iphonesimulator/ChessKitEngineCore.build/Objects-normal/arm64/network_mux.o -index-unit-output-path /ChessKitEngine.build/Debug-iphonesimulator/ChessKitEngineCore.build/Objects-normal/arm64/network_mux.o

CompileC /Users/runner/Library/Developer/Xcode/DerivedData/ChessScanner-euukheddappmemcngwqshzhuduna/Build/Intermediates.noindex/ChessKitEngine.build/Debug-iphonesimulator/ChessKitEngineCore.build/Objects-normal/arm64/network_legacy.o /Users/runner/Library/Developer/Xcode/DerivedData/ChessScanner-euukheddappmemcngwqshzhuduna/SourcePackages/checkouts/chesskit-engine/Sources/ChessKitEngineCore/Engines/lc0/src/neural/network_legacy.cc normal arm64 c++ com.apple.compilers.llvm.clang.1_0.compiler (in target 'ChessKitEngineCore' from project 'ChessKitEngine')
    cd /Users/runner/work/chess-scanner-app/chess-scanner-app/ChessScanner.xcodeproj
    
    Using response file: /Users/runner/Library/Developer/Xcode/DerivedData/ChessScanner-euukheddappmemcngwqshzhuduna/Build/Intermediates.noindex/ChessKitEngine.build/Debug-iphonesimulator/ChessKitEngineCore.build/Objects-normal/arm64/82b82416624d2658e5098eb0a28c15c5-common-args.resp
    
    /Applications/Xcode_26.3.app/Contents/Developer/Toolchains/XcodeDefault.xctoolchain/usr/bin/clang -x c++ -ivfsstatcache /Users/runner/Library/Developer/Xcode/DerivedData/SDKStatCaches.noindex/iphonesimulator26.2-23C57-dc75598d0054f22ec865fa860f139d72e244bd9a5feaf902f95f61bf06266e52.sdkstatcache -fmessage-length\=0 -fdiagnostics-show-note-include-stack -fmacro-backtrace-limit\=0 -fno-color-diagnostics -fmodules-prune-interval\=86400 -fmodules-prune-after\=345600 -fbuild-session-file\=/Users/runner/Library/Developer/Xcode/DerivedData/ModuleCache.noindex/Session.modulevalidation -fmodules-validate-once-per-build-session -Wnon-modular-include-in-framework-module -Werror\=non-modular-include-in-framework-module -Wno-trigraphs -Wno-missing-field-initializers -Wno-missing-prototypes -Wno-return-type -Wno-non-virtual-dtor -Wno-overloaded-virtual -Wno-exit-time-destructors -Wno-missing-braces -Wparentheses -Wswitch -Wno-unused-function -Wno-unused-label -Wno-unused-parameter -Wno-unused-variable -Wunused-value -Wno-empty-body -Wno-uninitialized -Wno-unknown-pragmas -w -Wno-shadow -Wno-four-char-constants -Wno-conversion -Wno-constant-conversion -Wno-int-conversion -Wno-bool-conversion -Wno-enum-conversion -Wno-float-conversion -Wno-non-literal-null-conversion -Wno-objc-literal-conversion -Wshorten-64-to-32 -Wno-newline-eof -Wno-c++11-extensions -Wno-implicit-fallthrough -fstrict-aliasing -Wdeprecated-declarations -Winvalid-offsetof -Wno-sign-conversion -Wno-infinite-recursion -Wno-move -Wno-comma -Wno-block-capture-autoreleasing -Wno-strict-prototypes -Wno-range-loop-analysis -Wno-semicolon-before-method-body -index-store-path /Users/runner/Library/Developer/Xcode/DerivedData/ChessScanner-euukheddappmemcngwqshzhuduna/Index.noindex/DataStore @/Users/runner/Library/Developer/Xcode/DerivedData/ChessScanner-euukheddappmemcngwqshzhuduna/Build/Intermediates.noindex/ChessKitEngine.build/Debug-iphonesimulator/ChessKitEngineCore.build/Objects-normal/arm64/82b82416624d2658e5098eb0a28c15c5-common-args.resp -MMD -MT dependencies -MF /Users/runner/Library/Developer/Xcode/DerivedData/ChessScanner-euukheddappmemcngwqshzhuduna/Build/Intermediates.noindex/ChessKitEngine.build/Debug-iphonesimulator/ChessKitEngineCore.build/Objects-normal/arm64/network_legacy.d --serialize-diagnostics /Users/runner/Library/Developer/Xcode/DerivedData/ChessScanner-euukheddappmemcngwqshzhuduna/Build/Intermediates.noindex/ChessKitEngine.build/Debug-iphonesimulator/ChessKitEngineCore.build/Objects-normal/arm64/network_legacy.dia -c /Users/runner/Library/Developer/Xcode/DerivedData/ChessScanner-euukheddappmemcngwqshzhuduna/SourcePackages/checkouts/chesskit-engine/Sources/ChessKitEngineCore/Engines/lc0/src/neural/network_legacy.cc -o /Users/runner/Library/Developer/Xcode/DerivedData/ChessScanner-euukheddappmemcngwqshzhuduna/Build/Intermediates.noindex/ChessKitEngine.build/Debug-iphonesimulator/ChessKitEngineCore.build/Objects-normal/arm64/network_legacy.o -index-unit-output-path /ChessKitEngine.build/Debug-iphonesimulator/ChessKitEngineCore.build/Objects-normal/arm64/network_legacy.o

CompileC /Users/runner/Library/Developer/Xcode/DerivedData/ChessScanner-euukheddappmemcngwqshzhuduna/Build/Intermediates.noindex/ChessKitEngine.build/Debug-iphonesimulator/ChessKitEngineCore.build/Objects-normal/arm64/network_demux.o /Users/runner/Library/Developer/Xcode/DerivedData/ChessScanner-euukheddappmemcngwqshzhuduna/SourcePackages/checkouts/chesskit-engine/Sources/ChessKitEngineCore/Engines/lc0/src/neural/network_demux.cc normal arm64 c++ com.apple.compilers.llvm.clang.1_0.compiler (in target 'ChessKitEngineCore' from project 'ChessKitEngine')
    cd /Users/runner/work/chess-scanner-app/chess-scanner-app/ChessScanner.xcodeproj
    
    Using response file: /Users/runner/Library/Developer/Xcode/DerivedData/ChessScanner-euukheddappmemcngwqshzhuduna/Build/Intermediates.noindex/ChessKitEngine.build/Debug-iphonesimulator/ChessKitEngineCore.build/Objects-normal/arm64/82b82416624d2658e5098eb0a28c15c5-common-args.resp
    
    /Applications/Xcode_26.3.app/Contents/Developer/Toolchains/XcodeDefault.xctoolchain/usr/bin/clang -x c++ -ivfsstatcache /Users/runner/Library/Developer/Xcode/DerivedData/SDKStatCaches.noindex/iphonesimulator26.2-23C57-dc75598d0054f22ec865fa860f139d72e244bd9a5feaf902f95f61bf06266e52.sdkstatcache -fmessage-length\=0 -fdiagnostics-show-note-include-stack -fmacro-backtrace-limit\=0 -fno-color-diagnostics -fmodules-prune-interval\=86400 -fmodules-prune-after\=345600 -fbuild-session-file\=/Users/runner/Library/Developer/Xcode/DerivedData/ModuleCache.noindex/Session.modulevalidation -fmodules-validate-once-per-build-session -Wnon-modular-include-in-framework-module -Werror\=non-modular-include-in-framework-module -Wno-trigraphs -Wno-missing-field-initializers -Wno-missing-prototypes -Wno-return-type -Wno-non-virtual-dtor -Wno-overloaded-virtual -Wno-exit-time-destructors -Wno-missing-braces -Wparentheses -Wswitch -Wno-unused-function -Wno-unused-label -Wno-unused-parameter -Wno-unused-variable -Wunused-value -Wno-empty-body -Wno-uninitialized -Wno-unknown-pragmas -w -Wno-shadow -Wno-four-char-constants -Wno-conversion -Wno-constant-conversion -Wno-int-conversion -Wno-bool-conversion -Wno-enum-conversion -Wno-float-conversion -Wno-non-literal-null-conversion -Wno-objc-literal-conversion -Wshorten-64-to-32 -Wno-newline-eof -Wno-c++11-extensions -Wno-implicit-fallthrough -fstrict-aliasing -Wdeprecated-declarations -Winvalid-offsetof -Wno-sign-conversion -Wno-infinite-recursion -Wno-move -Wno-comma -Wno-block-capture-autoreleasing -Wno-strict-prototypes -Wno-range-loop-analysis -Wno-semicolon-before-method-body -index-store-path /Users/runner/Library/Developer/Xcode/DerivedData/ChessScanner-euukheddappmemcngwqshzhuduna/Index.noindex/DataStore @/Users/runner/Library/Developer/Xcode/DerivedData/ChessScanner-euukheddappmemcngwqshzhuduna/Build/Intermediates.noindex/ChessKitEngine.build/Debug-iphonesimulator/ChessKitEngineCore.build/Objects-normal/arm64/82b82416624d2658e5098eb0a28c15c5-common-args.resp -MMD -MT dependencies -MF /Users/runner/Library/Developer/Xcode/DerivedData/ChessScanner-euukheddappmemcngwqshzhuduna/Build/Intermediates.noindex/ChessKitEngine.build/Debug-iphonesimulator/ChessKitEngineCore.build/Objects-normal/arm64/network_demux.d --serialize-diagnostics /Users/runner/Library/Developer/Xcode/DerivedData/ChessScanner-euukheddappmemcngwqshzhuduna/Build/Intermediates.noindex/ChessKitEngine.build/Debug-iphonesimulator/ChessKitEngineCore.build/Objects-normal/arm64/network_demux.dia -c /Users/runner/Library/Developer/Xcode/DerivedData/ChessScanner-euukheddappmemcngwqshzhuduna/SourcePackages/checkouts/chesskit-engine/Sources/ChessKitEngineCore/Engines/lc0/src/neural/network_demux.cc -o /Users/runner/Library/Developer/Xcode/DerivedData/ChessScanner-euukheddappmemcngwqshzhuduna/Build/Intermediates.noindex/ChessKitEngine.build/Debug-iphonesimulator/ChessKitEngineCore.build/Objects-normal/arm64/network_demux.o -index-unit-output-path /ChessKitEngine.build/Debug-iphonesimulator/ChessKitEngineCore.build/Objects-normal/arm64/network_demux.o

CompileC /Users/runner/Library/Developer/Xcode/DerivedData/ChessScanner-euukheddappmemcngwqshzhuduna/Build/Intermediates.noindex/ChessKitEngine.build/Debug-iphonesimulator/ChessKitEngineCore.build/Objects-normal/arm64/network_check.o /Users/runner/Library/Developer/Xcode/DerivedData/ChessScanner-euukheddappmemcngwqshzhuduna/SourcePackages/checkouts/chesskit-engine/Sources/ChessKitEngineCore/Engines/lc0/src/neural/network_check.cc normal arm64 c++ com.apple.compilers.llvm.clang.1_0.compiler (in target 'ChessKitEngineCore' from project 'ChessKitEngine')
    cd /Users/runner/work/chess-scanner-app/chess-scanner-app/ChessScanner.xcodeproj
    
    Using response file: /Users/runner/Library/Developer/Xcode/DerivedData/ChessScanner-euukheddappmemcngwqshzhuduna/Build/Intermediates.noindex/ChessKitEngine.build/Debug-iphonesimulator/ChessKitEngineCore.build/Objects-normal/arm64/82b82416624d2658e5098eb0a28c15c5-common-args.resp
    
    /Applications/Xcode_26.3.app/Contents/Developer/Toolchains/XcodeDefault.xctoolchain/usr/bin/clang -x c++ -ivfsstatcache /Users/runner/Library/Developer/Xcode/DerivedData/SDKStatCaches.noindex/iphonesimulator26.2-23C57-dc75598d0054f22ec865fa860f139d72e244bd9a5feaf902f95f61bf06266e52.sdkstatcache -fmessage-length\=0 -fdiagnostics-show-note-include-stack -fmacro-backtrace-limit\=0 -fno-color-diagnostics -fmodules-prune-interval\=86400 -fmodules-prune-after\=345600 -fbuild-session-file\=/Users/runner/Library/Developer/Xcode/DerivedData/ModuleCache.noindex/Session.modulevalidation -fmodules-validate-once-per-build-session -Wnon-modular-include-in-framework-module -Werror\=non-modular-include-in-framework-module -Wno-trigraphs -Wno-missing-field-initializers -Wno-missing-prototypes -Wno-return-type -Wno-non-virtual-dtor -Wno-overloaded-virtual -Wno-exit-time-destructors -Wno-missing-braces -Wparentheses -Wswitch -Wno-unused-function -Wno-unused-label -Wno-unused-parameter -Wno-unused-variable -Wunused-value -Wno-empty-body -Wno-uninitialized -Wno-unknown-pragmas -w -Wno-shadow -Wno-four-char-constants -Wno-conversion -Wno-constant-conversion -Wno-int-conversion -Wno-bool-conversion -Wno-enum-conversion -Wno-float-conversion -Wno-non-literal-null-conversion -Wno-objc-literal-conversion -Wshorten-64-to-32 -Wno-newline-eof -Wno-c++11-extensions -Wno-implicit-fallthrough -fstrict-aliasing -Wdeprecated-declarations -Winvalid-offsetof -Wno-sign-conversion -Wno-infinite-recursion -Wno-move -Wno-comma -Wno-block-capture-autoreleasing -Wno-strict-prototypes -Wno-range-loop-analysis -Wno-semicolon-before-method-body -index-store-path /Users/runner/Library/Developer/Xcode/DerivedData/ChessScanner-euukheddappmemcngwqshzhuduna/Index.noindex/DataStore @/Users/runner/Library/Developer/Xcode/DerivedData/ChessScanner-euukheddappmemcngwqshzhuduna/Build/Intermediates.noindex/ChessKitEngine.build/Debug-iphonesimulator/ChessKitEngineCore.build/Objects-normal/arm64/82b82416624d2658e5098eb0a28c15c5-common-args.resp -MMD -MT dependencies -MF /Users/runner/Library/Developer/Xcode/DerivedData/ChessScanner-euukheddappmemcngwqshzhuduna/Build/Intermediates.noindex/ChessKitEngine.build/Debug-iphonesimulator/ChessKitEngineCore.build/Objects-normal/arm64/network_check.d --serialize-diagnostics /Users/runner/Library/Developer/Xcode/DerivedData/ChessScanner-euukheddappmemcngwqshzhuduna/Build/Intermediates.noindex/ChessKitEngine.build/Debug-iphonesimulator/ChessKitEngineCore.build/Objects-normal/arm64/network_check.dia -c /Users/runner/Library/Developer/Xcode/DerivedData/ChessScanner-euukheddappmemcngwqshzhuduna/SourcePackages/checkouts/chesskit-engine/Sources/ChessKitEngineCore/Engines/lc0/src/neural/network_check.cc -o /Users/runner/Library/Developer/Xcode/DerivedData/ChessScanner-euukheddappmemcngwqshzhuduna/Build/Intermediates.noindex/ChessKitEngine.build/Debug-iphonesimulator/ChessKitEngineCore.build/Objects-normal/arm64/network_check.o -index-unit-output-path /ChessKitEngine.build/Debug-iphonesimulator/ChessKitEngineCore.build/Objects-normal/arm64/network_check.o

CompileC /Users/runner/Library/Developer/Xcode/DerivedData/ChessScanner-euukheddappmemcngwqshzhuduna/Build/Intermediates.noindex/ChessKitEngine.build/Debug-iphonesimulator/ChessKitEngineCore.build/Objects-normal/arm64/network_blas.o /Users/runner/Library/Developer/Xcode/DerivedData/ChessScanner-euukheddappmemcngwqshzhuduna/SourcePackages/checkouts/chesskit-engine/Sources/ChessKitEngineCore/Engines/lc0/src/neural/blas/network_blas.cc normal arm64 c++ com.apple.compilers.llvm.clang.1_0.compiler (in target 'ChessKitEngineCore' from project 'ChessKitEngine')
    cd /Users/runner/work/chess-scanner-app/chess-scanner-app/ChessScanner.xcodeproj
    
    Using response file: /Users/runner/Library/Developer/Xcode/DerivedData/ChessScanner-euukheddappmemcngwqshzhuduna/Build/Intermediates.noindex/ChessKitEngine.build/Debug-iphonesimulator/ChessKitEngineCore.build/Objects-normal/arm64/82b82416624d2658e5098eb0a28c15c5-common-args.resp
    
    /Applications/Xcode_26.3.app/Contents/Developer/Toolchains/XcodeDefault.xctoolchain/usr/bin/clang -x c++ -ivfsstatcache /Users/runner/Library/Developer/Xcode/DerivedData/SDKStatCaches.noindex/iphonesimulator26.2-23C57-dc75598d0054f22ec865fa860f139d72e244bd9a5feaf902f95f61bf06266e52.sdkstatcache -fmessage-length\=0 -fdiagnostics-show-note-include-stack -fmacro-backtrace-limit\=0 -fno-color-diagnostics -fmodules-prune-interval\=86400 -fmodules-prune-after\=345600 -fbuild-session-file\=/Users/runner/Library/Developer/Xcode/DerivedData/ModuleCache.noindex/Session.modulevalidation -fmodules-validate-once-per-build-session -Wnon-modular-include-in-framework-module -Werror\=non-modular-include-in-framework-module -Wno-trigraphs -Wno-missing-field-initializers -Wno-missing-prototypes -Wno-return-type -Wno-non-virtual-dtor -Wno-overloaded-virtual -Wno-exit-time-destructors -Wno-missing-braces -Wparentheses -Wswitch -Wno-unused-function -Wno-unused-label -Wno-unused-parameter -Wno-unused-variable -Wunused-value -Wno-empty-body -Wno-uninitialized -Wno-unknown-pragmas -w -Wno-shadow -Wno-four-char-constants -Wno-conversion -Wno-constant-conversion -Wno-int-conversion -Wno-bool-conversion -Wno-enum-conversion -Wno-float-conversion -Wno-non-literal-null-conversion -Wno-objc-literal-conversion -Wshorten-64-to-32 -Wno-newline-eof -Wno-c++11-extensions -Wno-implicit-fallthrough -fstrict-aliasing -Wdeprecated-declarations -Winvalid-offsetof -Wno-sign-conversion -Wno-infinite-recursion -Wno-move -Wno-comma -Wno-block-capture-autoreleasing -Wno-strict-prototypes -Wno-range-loop-analysis -Wno-semicolon-before-method-body -index-store-path /Users/runner/Library/Developer/Xcode/DerivedData/ChessScanner-euukheddappmemcngwqshzhuduna/Index.noindex/DataStore @/Users/runner/Library/Developer/Xcode/DerivedData/ChessScanner-euukheddappmemcngwqshzhuduna/Build/Intermediates.noindex/ChessKitEngine.build/Debug-iphonesimulator/ChessKitEngineCore.build/Objects-normal/arm64/82b82416624d2658e5098eb0a28c15c5-common-args.resp -MMD -MT dependencies -MF /Users/runner/Library/Developer/Xcode/DerivedData/ChessScanner-euukheddappmemcngwqshzhuduna/Build/Intermediates.noindex/ChessKitEngine.build/Debug-iphonesimulator/ChessKitEngineCore.build/Objects-normal/arm64/network_blas.d --serialize-diagnostics /Users/runner/Library/Developer/Xcode/DerivedData/ChessScanner-euukheddappmemcngwqshzhuduna/Build/Intermediates.noindex/ChessKitEngine.build/Debug-iphonesimulator/ChessKitEngineCore.build/Objects-normal/arm64/network_blas.dia -c /Users/runner/Library/Developer/Xcode/DerivedData/ChessScanner-euukheddappmemcngwqshzhuduna/SourcePackages/checkouts/chesskit-engine/Sources/ChessKitEngineCore/Engines/lc0/src/neural/blas/network_blas.cc -o /Users/runner/Library/Developer/Xcode/DerivedData/ChessScanner-euukheddappmemcngwqshzhuduna/Build/Intermediates.noindex/ChessKitEngine.build/Debug-iphonesimulator/ChessKitEngineCore.build/Objects-normal/arm64/network_blas.o -index-unit-output-path /ChessKitEngine.build/Debug-iphonesimulator/ChessKitEngineCore.build/Objects-normal/arm64/network_blas.o

CompileC /Users/runner/Library/Developer/Xcode/DerivedData/ChessScanner-euukheddappmemcngwqshzhuduna/Build/Intermediates.noindex/ChessKitEngine.build/Debug-iphonesimulator/ChessKitEngineCore.build/Objects-normal/arm64/network.o /Users/runner/Library/Developer/Xcode/DerivedData/ChessScanner-euukheddappmemcngwqshzhuduna/SourcePackages/checkouts/chesskit-engine/Sources/ChessKitEngineCore/Engines/Stockfish/src/nnue/network.cpp normal arm64 c++ com.apple.compilers.llvm.clang.1_0.compiler (in target 'ChessKitEngineCore' from project 'ChessKitEngine')
    cd /Users/runner/work/chess-scanner-app/chess-scanner-app/ChessScanner.xcodeproj
    
    Using response file: /Users/runner/Library/Developer/Xcode/DerivedData/ChessScanner-euukheddappmemcngwqshzhuduna/Build/Intermediates.noindex/ChessKitEngine.build/Debug-iphonesimulator/ChessKitEngineCore.build/Objects-normal/arm64/82b82416624d2658e5098eb0a28c15c5-common-args.resp
    
    /Applications/Xcode_26.3.app/Contents/Developer/Toolchains/XcodeDefault.xctoolchain/usr/bin/clang -x c++ -ivfsstatcache /Users/runner/Library/Developer/Xcode/DerivedData/SDKStatCaches.noindex/iphonesimulator26.2-23C57-dc75598d0054f22ec865fa860f139d72e244bd9a5feaf902f95f61bf06266e52.sdkstatcache -fmessage-length\=0 -fdiagnostics-show-note-include-stack -fmacro-backtrace-limit\=0 -fno-color-diagnostics -fmodules-prune-interval\=86400 -fmodules-prune-after\=345600 -fbuild-session-file\=/Users/runner/Library/Developer/Xcode/DerivedData/ModuleCache.noindex/Session.modulevalidation -fmodules-validate-once-per-build-session -Wnon-modular-include-in-framework-module -Werror\=non-modular-include-in-framework-module -Wno-trigraphs -Wno-missing-field-initializers -Wno-missing-prototypes -Wno-return-type -Wno-non-virtual-dtor -Wno-overloaded-virtual -Wno-exit-time-destructors -Wno-missing-braces -Wparentheses -Wswitch -Wno-unused-function -Wno-unused-label -Wno-unused-parameter -Wno-unused-variable -Wunused-value -Wno-empty-body -Wno-uninitialized -Wno-unknown-pragmas -w -Wno-shadow -Wno-four-char-constants -Wno-conversion -Wno-constant-conversion -Wno-int-conversion -Wno-bool-conversion -Wno-enum-conversion -Wno-float-conversion -Wno-non-literal-null-conversion -Wno-objc-literal-conversion -Wshorten-64-to-32 -Wno-newline-eof -Wno-c++11-extensions -Wno-implicit-fallthrough -fstrict-aliasing -Wdeprecated-declarations -Winvalid-offsetof -Wno-sign-conversion -Wno-infinite-recursion -Wno-move -Wno-comma -Wno-block-capture-autoreleasing -Wno-strict-prototypes -Wno-range-loop-analysis -Wno-semicolon-before-method-body -index-store-path /Users/runner/Library/Developer/Xcode/DerivedData/ChessScanner-euukheddappmemcngwqshzhuduna/Index.noindex/DataStore @/Users/runner/Library/Developer/Xcode/DerivedData/ChessScanner-euukheddappmemcngwqshzhuduna/Build/Intermediates.noindex/ChessKitEngine.build/Debug-iphonesimulator/ChessKitEngineCore.build/Objects-normal/arm64/82b82416624d2658e5098eb0a28c15c5-common-args.resp -MMD -MT dependencies -MF /Users/runner/Library/Developer/Xcode/DerivedData/ChessScanner-euukheddappmemcngwqshzhuduna/Build/Intermediates.noindex/ChessKitEngine.build/Debug-iphonesimulator/ChessKitEngineCore.build/Objects-normal/arm64/network.d --serialize-diagnostics /Users/runner/Library/Developer/Xcode/DerivedData/ChessScanner-euukheddappmemcngwqshzhuduna/Build/Intermediates.noindex/ChessKitEngine.build/Debug-iphonesimulator/ChessKitEngineCore.build/Objects-normal/arm64/network.dia -c /Users/runner/Library/Developer/Xcode/DerivedData/ChessScanner-euukheddappmemcngwqshzhuduna/SourcePackages/checkouts/chesskit-engine/Sources/ChessKitEngineCore/Engines/Stockfish/src/nnue/network.cpp -o /Users/runner/Library/Developer/Xcode/DerivedData/ChessScanner-euukheddappmemcngwqshzhuduna/Build/Intermediates.noindex/ChessKitEngine.build/Debug-iphonesimulator/ChessKitEngineCore.build/Objects-normal/arm64/network.o -index-unit-output-path /ChessKitEngine.build/Debug-iphonesimulator/ChessKitEngineCore.build/Objects-normal/arm64/network.o

CompileC /Users/runner/Library/Developer/Xcode/DerivedData/ChessScanner-euukheddappmemcngwqshzhuduna/Build/Intermediates.noindex/ChessKitEngine.build/Debug-iphonesimulator/ChessKitEngineCore.build/Objects-normal/arm64/movepick.o /Users/runner/Library/Developer/Xcode/DerivedData/ChessScanner-euukheddappmemcngwqshzhuduna/SourcePackages/checkouts/chesskit-engine/Sources/ChessKitEngineCore/Engines/Stockfish/src/movepick.cpp normal arm64 c++ com.apple.compilers.llvm.clang.1_0.compiler (in target 'ChessKitEngineCore' from project 'ChessKitEngine')
    cd /Users/runner/work/chess-scanner-app/chess-scanner-app/ChessScanner.xcodeproj
    
    Using response file: /Users/runner/Library/Developer/Xcode/DerivedData/ChessScanner-euukheddappmemcngwqshzhuduna/Build/Intermediates.noindex/ChessKitEngine.build/Debug-iphonesimulator/ChessKitEngineCore.build/Objects-normal/arm64/82b82416624d2658e5098eb0a28c15c5-common-args.resp
    
    /Applications/Xcode_26.3.app/Contents/Developer/Toolchains/XcodeDefault.xctoolchain/usr/bin/clang -x c++ -ivfsstatcache /Users/runner/Library/Developer/Xcode/DerivedData/SDKStatCaches.noindex/iphonesimulator26.2-23C57-dc75598d0054f22ec865fa860f139d72e244bd9a5feaf902f95f61bf06266e52.sdkstatcache -fmessage-length\=0 -fdiagnostics-show-note-include-stack -fmacro-backtrace-limit\=0 -fno-color-diagnostics -fmodules-prune-interval\=86400 -fmodules-prune-after\=345600 -fbuild-session-file\=/Users/runner/Library/Developer/Xcode/DerivedData/ModuleCache.noindex/Session.modulevalidation -fmodules-validate-once-per-build-session -Wnon-modular-include-in-framework-module -Werror\=non-modular-include-in-framework-module -Wno-trigraphs -Wno-missing-field-initializers -Wno-missing-prototypes -Wno-return-type -Wno-non-virtual-dtor -Wno-overloaded-virtual -Wno-exit-time-destructors -Wno-missing-braces -Wparentheses -Wswitch -Wno-unused-function -Wno-unused-label -Wno-unused-parameter -Wno-unused-variable -Wunused-value -Wno-empty-body -Wno-uninitialized -Wno-unknown-pragmas -w -Wno-shadow -Wno-four-char-constants -Wno-conversion -Wno-constant-conversion -Wno-int-conversion -Wno-bool-conversion -Wno-enum-conversion -Wno-float-conversion -Wno-non-literal-null-conversion -Wno-objc-literal-conversion -Wshorten-64-to-32 -Wno-newline-eof -Wno-c++11-extensions -Wno-implicit-fallthrough -fstrict-aliasing -Wdeprecated-declarations -Winvalid-offsetof -Wno-sign-conversion -Wno-infinite-recursion -Wno-move -Wno-comma -Wno-block-capture-autoreleasing -Wno-strict-prototypes -Wno-range-loop-analysis -Wno-semicolon-before-method-body -index-store-path /Users/runner/Library/Developer/Xcode/DerivedData/ChessScanner-euukheddappmemcngwqshzhuduna/Index.noindex/DataStore @/Users/runner/Library/Developer/Xcode/DerivedData/ChessScanner-euukheddappmemcngwqshzhuduna/Build/Intermediates.noindex/ChessKitEngine.build/Debug-iphonesimulator/ChessKitEngineCore.build/Objects-normal/arm64/82b82416624d2658e5098eb0a28c15c5-common-args.resp -MMD -MT dependencies -MF /Users/runner/Library/Developer/Xcode/DerivedData/ChessScanner-euukheddappmemcngwqshzhuduna/Build/Intermediates.noindex/ChessKitEngine.build/Debug-iphonesimulator/ChessKitEngineCore.build/Objects-normal/arm64/movepick.d --serialize-diagnostics /Users/runner/Library/Developer/Xcode/DerivedData/ChessScanner-euukheddappmemcngwqshzhuduna/Build/Intermediates.noindex/ChessKitEngine.build/Debug-iphonesimulator/ChessKitEngineCore.build/Objects-normal/arm64/movepick.dia -c /Users/runner/Library/Developer/Xcode/DerivedData/ChessScanner-euukheddappmemcngwqshzhuduna/SourcePackages/checkouts/chesskit-engine/Sources/ChessKitEngineCore/Engines/Stockfish/src/movepick.cpp -o /Users/runner/Library/Developer/Xcode/DerivedData/ChessScanner-euukheddappmemcngwqshzhuduna/Build/Intermediates.noindex/ChessKitEngine.build/Debug-iphonesimulator/ChessKitEngineCore.build/Objects-normal/arm64/movepick.o -index-unit-output-path /ChessKitEngine.build/Debug-iphonesimulator/ChessKitEngineCore.build/Objects-normal/arm64/movepick.o

CompileC /Users/runner/Library/Developer/Xcode/DerivedData/ChessScanner-euukheddappmemcngwqshzhuduna/Build/Intermediates.noindex/ChessKitEngine.build/Debug-iphonesimulator/ChessKitEngineCore.build/Objects-normal/arm64/movegen.o /Users/runner/Library/Developer/Xcode/DerivedData/ChessScanner-euukheddappmemcngwqshzhuduna/SourcePackages/checkouts/chesskit-engine/Sources/ChessKitEngineCore/Engines/Stockfish/src/movegen.cpp normal arm64 c++ com.apple.compilers.llvm.clang.1_0.compiler (in target 'ChessKitEngineCore' from project 'ChessKitEngine')
    cd /Users/runner/work/chess-scanner-app/chess-scanner-app/ChessScanner.xcodeproj
    
    Using response file: /Users/runner/Library/Developer/Xcode/DerivedData/ChessScanner-euukheddappmemcngwqshzhuduna/Build/Intermediates.noindex/ChessKitEngine.build/Debug-iphonesimulator/ChessKitEngineCore.build/Objects-normal/arm64/82b82416624d2658e5098eb0a28c15c5-common-args.resp
    
    /Applications/Xcode_26.3.app/Contents/Developer/Toolchains/XcodeDefault.xctoolchain/usr/bin/clang -x c++ -ivfsstatcache /Users/runner/Library/Developer/Xcode/DerivedData/SDKStatCaches.noindex/iphonesimulator26.2-23C57-dc75598d0054f22ec865fa860f139d72e244bd9a5feaf902f95f61bf06266e52.sdkstatcache -fmessage-length\=0 -fdiagnostics-show-note-include-stack -fmacro-backtrace-limit\=0 -fno-color-diagnostics -fmodules-prune-interval\=86400 -fmodules-prune-after\=345600 -fbuild-session-file\=/Users/runner/Library/Developer/Xcode/DerivedData/ModuleCache.noindex/Session.modulevalidation -fmodules-validate-once-per-build-session -Wnon-modular-include-in-framework-module -Werror\=non-modular-include-in-framework-module -Wno-trigraphs -Wno-missing-field-initializers -Wno-missing-prototypes -Wno-return-type -Wno-non-virtual-dtor -Wno-overloaded-virtual -Wno-exit-time-destructors -Wno-missing-braces -Wparentheses -Wswitch -Wno-unused-function -Wno-unused-label -Wno-unused-parameter -Wno-unused-variable -Wunused-value -Wno-empty-body -Wno-uninitialized -Wno-unknown-pragmas -w -Wno-shadow -Wno-four-char-constants -Wno-conversion -Wno-constant-conversion -Wno-int-conversion -Wno-bool-conversion -Wno-enum-conversion -Wno-float-conversion -Wno-non-literal-null-conversion -Wno-objc-literal-conversion -Wshorten-64-to-32 -Wno-newline-eof -Wno-c++11-extensions -Wno-implicit-fallthrough -fstrict-aliasing -Wdeprecated-declarations -Winvalid-offsetof -Wno-sign-conversion -Wno-infinite-recursion -Wno-move -Wno-comma -Wno-block-capture-autoreleasing -Wno-strict-prototypes -Wno-range-loop-analysis -Wno-semicolon-before-method-body -index-store-path /Users/runner/Library/Developer/Xcode/DerivedData/ChessScanner-euukheddappmemcngwqshzhuduna/Index.noindex/DataStore @/Users/runner/Library/Developer/Xcode/DerivedData/ChessScanner-euukheddappmemcngwqshzhuduna/Build/Intermediates.noindex/ChessKitEngine.build/Debug-iphonesimulator/ChessKitEngineCore.build/Objects-normal/arm64/82b82416624d2658e5098eb0a28c15c5-common-args.resp -MMD -MT dependencies -MF /Users/runner/Library/Developer/Xcode/DerivedData/ChessScanner-euukheddappmemcngwqshzhuduna/Build/Intermediates.noindex/ChessKitEngine.build/Debug-iphonesimulator/ChessKitEngineCore.build/Objects-normal/arm64/movegen.d --serialize-diagnostics /Users/runner/Library/Developer/Xcode/DerivedData/ChessScanner-euukheddappmemcngwqshzhuduna/Build/Intermediates.noindex/ChessKitEngine.build/Debug-iphonesimulator/ChessKitEngineCore.build/Objects-normal/arm64/movegen.dia -c /Users/runner/Library/Developer/Xcode/DerivedData/ChessScanner-euukheddappmemcngwqshzhuduna/SourcePackages/checkouts/chesskit-engine/Sources/ChessKitEngineCore/Engines/Stockfish/src/movegen.cpp -o /Users/runner/Library/Developer/Xcode/DerivedData/ChessScanner-euukheddappmemcngwqshzhuduna/Build/Intermediates.noindex/ChessKitEngine.build/Debug-iphonesimulator/ChessKitEngineCore.build/Objects-normal/arm64/movegen.o -index-unit-output-path /ChessKitEngine.build/Debug-iphonesimulator/ChessKitEngineCore.build/Objects-normal/arm64/movegen.o

CompileC /Users/runner/Library/Developer/Xcode/DerivedData/ChessScanner-euukheddappmemcngwqshzhuduna/Build/Intermediates.noindex/ChessKitEngine.build/Debug-iphonesimulator/ChessKitEngineCore.build/Objects-normal/arm64/misc.o /Users/runner/Library/Developer/Xcode/DerivedData/ChessScanner-euukheddappmemcngwqshzhuduna/SourcePackages/checkouts/chesskit-engine/Sources/ChessKitEngineCore/Engines/Stockfish/src/misc.cpp normal arm64 c++ com.apple.compilers.llvm.clang.1_0.compiler (in target 'ChessKitEngineCore' from project 'ChessKitEngine')
    cd /Users/runner/work/chess-scanner-app/chess-scanner-app/ChessScanner.xcodeproj
    
    Using response file: /Users/runner/Library/Developer/Xcode/DerivedData/ChessScanner-euukheddappmemcngwqshzhuduna/Build/Intermediates.noindex/ChessKitEngine.build/Debug-iphonesimulator/ChessKitEngineCore.build/Objects-normal/arm64/82b82416624d2658e5098eb0a28c15c5-common-args.resp
    
    /Applications/Xcode_26.3.app/Contents/Developer/Toolchains/XcodeDefault.xctoolchain/usr/bin/clang -x c++ -ivfsstatcache /Users/runner/Library/Developer/Xcode/DerivedData/SDKStatCaches.noindex/iphonesimulator26.2-23C57-dc75598d0054f22ec865fa860f139d72e244bd9a5feaf902f95f61bf06266e52.sdkstatcache -fmessage-length\=0 -fdiagnostics-show-note-include-stack -fmacro-backtrace-limit\=0 -fno-color-diagnostics -fmodules-prune-interval\=86400 -fmodules-prune-after\=345600 -fbuild-session-file\=/Users/runner/Library/Developer/Xcode/DerivedData/ModuleCache.noindex/Session.modulevalidation -fmodules-validate-once-per-build-session -Wnon-modular-include-in-framework-module -Werror\=non-modular-include-in-framework-module -Wno-trigraphs -Wno-missing-field-initializers -Wno-missing-prototypes -Wno-return-type -Wno-non-virtual-dtor -Wno-overloaded-virtual -Wno-exit-time-destructors -Wno-missing-braces -Wparentheses -Wswitch -Wno-unused-function -Wno-unused-label -Wno-unused-parameter -Wno-unused-variable -Wunused-value -Wno-empty-body -Wno-uninitialized -Wno-unknown-pragmas -w -Wno-shadow -Wno-four-char-constants -Wno-conversion -Wno-constant-conversion -Wno-int-conversion -Wno-bool-conversion -Wno-enum-conversion -Wno-float-conversion -Wno-non-literal-null-conversion -Wno-objc-literal-conversion -Wshorten-64-to-32 -Wno-newline-eof -Wno-c++11-extensions -Wno-implicit-fallthrough -fstrict-aliasing -Wdeprecated-declarations -Winvalid-offsetof -Wno-sign-conversion -Wno-infinite-recursion -Wno-move -Wno-comma -Wno-block-capture-autoreleasing -Wno-strict-prototypes -Wno-range-loop-analysis -Wno-semicolon-before-method-body -index-store-path /Users/runner/Library/Developer/Xcode/DerivedData/ChessScanner-euukheddappmemcngwqshzhuduna/Index.noindex/DataStore @/Users/runner/Library/Developer/Xcode/DerivedData/ChessScanner-euukheddappmemcngwqshzhuduna/Build/Intermediates.noindex/ChessKitEngine.build/Debug-iphonesimulator/ChessKitEngineCore.build/Objects-normal/arm64/82b82416624d2658e5098eb0a28c15c5-common-args.resp -MMD -MT dependencies -MF /Users/runner/Library/Developer/Xcode/DerivedData/ChessScanner-euukheddappmemcngwqshzhuduna/Build/Intermediates.noindex/ChessKitEngine.build/Debug-iphonesimulator/ChessKitEngineCore.build/Objects-normal/arm64/misc.d --serialize-diagnostics /Users/runner/Library/Developer/Xcode/DerivedData/ChessScanner-euukheddappmemcngwqshzhuduna/Build/Intermediates.noindex/ChessKitEngine.build/Debug-iphonesimulator/ChessKitEngineCore.build/Objects-normal/arm64/misc.dia -c /Users/runner/Library/Developer/Xcode/DerivedData/ChessScanner-euukheddappmemcngwqshzhuduna/SourcePackages/checkouts/chesskit-engine/Sources/ChessKitEngineCore/Engines/Stockfish/src/misc.cpp -o /Users/runner/Library/Developer/Xcode/DerivedData/ChessScanner-euukheddappmemcngwqshzhuduna/Build/Intermediates.noindex/ChessKitEngine.build/Debug-iphonesimulator/ChessKitEngineCore.build/Objects-normal/arm64/misc.o -index-unit-output-path /ChessKitEngine.build/Debug-iphonesimulator/ChessKitEngineCore.build/Objects-normal/arm64/misc.o

CompileC /Users/runner/Library/Developer/Xcode/DerivedData/ChessScanner-euukheddappmemcngwqshzhuduna/Build/Intermediates.noindex/ChessKitEngine.build/Debug-iphonesimulator/ChessKitEngineCore.build/Objects-normal/arm64/memory.o /Users/runner/Library/Developer/Xcode/DerivedData/ChessScanner-euukheddappmemcngwqshzhuduna/SourcePackages/checkouts/chesskit-engine/Sources/ChessKitEngineCore/Engines/Stockfish/src/memory.cpp normal arm64 c++ com.apple.compilers.llvm.clang.1_0.compiler (in target 'ChessKitEngineCore' from project 'ChessKitEngine')
    cd /Users/runner/work/chess-scanner-app/chess-scanner-app/ChessScanner.xcodeproj
    
    Using response file: /Users/runner/Library/Developer/Xcode/DerivedData/ChessScanner-euukheddappmemcngwqshzhuduna/Build/Intermediates.noindex/ChessKitEngine.build/Debug-iphonesimulator/ChessKitEngineCore.build/Objects-normal/arm64/82b82416624d2658e5098eb0a28c15c5-common-args.resp
    
    /Applications/Xcode_26.3.app/Contents/Developer/Toolchains/XcodeDefault.xctoolchain/usr/bin/clang -x c++ -ivfsstatcache /Users/runner/Library/Developer/Xcode/DerivedData/SDKStatCaches.noindex/iphonesimulator26.2-23C57-dc75598d0054f22ec865fa860f139d72e244bd9a5feaf902f95f61bf06266e52.sdkstatcache -fmessage-length\=0 -fdiagnostics-show-note-include-stack -fmacro-backtrace-limit\=0 -fno-color-diagnostics -fmodules-prune-interval\=86400 -fmodules-prune-after\=345600 -fbuild-session-file\=/Users/runner/Library/Developer/Xcode/DerivedData/ModuleCache.noindex/Session.modulevalidation -fmodules-validate-once-per-build-session -Wnon-modular-include-in-framework-module -Werror\=non-modular-include-in-framework-module -Wno-trigraphs -Wno-missing-field-initializers -Wno-missing-prototypes -Wno-return-type -Wno-non-virtual-dtor -Wno-overloaded-virtual -Wno-exit-time-destructors -Wno-missing-braces -Wparentheses -Wswitch -Wno-unused-function -Wno-unused-label -Wno-unused-parameter -Wno-unused-variable -Wunused-value -Wno-empty-body -Wno-uninitialized -Wno-unknown-pragmas -w -Wno-shadow -Wno-four-char-constants -Wno-conversion -Wno-constant-conversion -Wno-int-conversion -Wno-bool-conversion -Wno-enum-conversion -Wno-float-conversion -Wno-non-literal-null-conversion -Wno-objc-literal-conversion -Wshorten-64-to-32 -Wno-newline-eof -Wno-c++11-extensions -Wno-implicit-fallthrough -fstrict-aliasing -Wdeprecated-declarations -Winvalid-offsetof -Wno-sign-conversion -Wno-infinite-recursion -Wno-move -Wno-comma -Wno-block-capture-autoreleasing -Wno-strict-prototypes -Wno-range-loop-analysis -Wno-semicolon-before-method-body -index-store-path /Users/runner/Library/Developer/Xcode/DerivedData/ChessScanner-euukheddappmemcngwqshzhuduna/Index.noindex/DataStore @/Users/runner/Library/Developer/Xcode/DerivedData/ChessScanner-euukheddappmemcngwqshzhuduna/Build/Intermediates.noindex/ChessKitEngine.build/Debug-iphonesimulator/ChessKitEngineCore.build/Objects-normal/arm64/82b82416624d2658e5098eb0a28c15c5-common-args.resp -MMD -MT dependencies -MF /Users/runner/Library/Developer/Xcode/DerivedData/ChessScanner-euukheddappmemcngwqshzhuduna/Build/Intermediates.noindex/ChessKitEngine.build/Debug-iphonesimulator/ChessKitEngineCore.build/Objects-normal/arm64/memory.d --serialize-diagnostics /Users/runner/Library/Developer/Xcode/DerivedData/ChessScanner-euukheddappmemcngwqshzhuduna/Build/Intermediates.noindex/ChessKitEngine.build/Debug-iphonesimulator/ChessKitEngineCore.build/Objects-normal/arm64/memory.dia -c /Users/runner/Library/Developer/Xcode/DerivedData/ChessScanner-euukheddappmemcngwqshzhuduna/SourcePackages/checkouts/chesskit-engine/Sources/ChessKitEngineCore/Engines/Stockfish/src/memory.cpp -o /Users/runner/Library/Developer/Xcode/DerivedData/ChessScanner-euukheddappmemcngwqshzhuduna/Build/Intermediates.noindex/ChessKitEngine.build/Debug-iphonesimulator/ChessKitEngineCore.build/Objects-normal/arm64/memory.o -index-unit-output-path /ChessKitEngine.build/Debug-iphonesimulator/ChessKitEngineCore.build/Objects-normal/arm64/memory.o

CompileC /Users/runner/Library/Developer/Xcode/DerivedData/ChessScanner-euukheddappmemcngwqshzhuduna/Build/Intermediates.noindex/ChessKitEngine.build/Debug-iphonesimulator/ChessKitEngineCore.build/Objects-normal/arm64/logging-b3e1b4c2fa3527203b84b6746454608c.o /Users/runner/Library/Developer/Xcode/DerivedData/ChessScanner-euukheddappmemcngwqshzhuduna/SourcePackages/checkouts/chesskit-engine/Sources/ChessKitEngineCore/Engines/lc0/src/utils/logging.cc normal arm64 c++ com.apple.compilers.llvm.clang.1_0.compiler (in target 'ChessKitEngineCore' from project 'ChessKitEngine')
    cd /Users/runner/work/chess-scanner-app/chess-scanner-app/ChessScanner.xcodeproj
    
    Using response file: /Users/runner/Library/Developer/Xcode/DerivedData/ChessScanner-euukheddappmemcngwqshzhuduna/Build/Intermediates.noindex/ChessKitEngine.build/Debug-iphonesimulator/ChessKitEngineCore.build/Objects-normal/arm64/82b82416624d2658e5098eb0a28c15c5-common-args.resp
    
    /Applications/Xcode_26.3.app/Contents/Developer/Toolchains/XcodeDefault.xctoolchain/usr/bin/clang -x c++ -ivfsstatcache /Users/runner/Library/Developer/Xcode/DerivedData/SDKStatCaches.noindex/iphonesimulator26.2-23C57-dc75598d0054f22ec865fa860f139d72e244bd9a5feaf902f95f61bf06266e52.sdkstatcache -fmessage-length\=0 -fdiagnostics-show-note-include-stack -fmacro-backtrace-limit\=0 -fno-color-diagnostics -fmodules-prune-interval\=86400 -fmodules-prune-after\=345600 -fbuild-session-file\=/Users/runner/Library/Developer/Xcode/DerivedData/ModuleCache.noindex/Session.modulevalidation -fmodules-validate-once-per-build-session -Wnon-modular-include-in-framework-module -Werror\=non-modular-include-in-framework-module -Wno-trigraphs -Wno-missing-field-initializers -Wno-missing-prototypes -Wno-return-type -Wno-non-virtual-dtor -Wno-overloaded-virtual -Wno-exit-time-destructors -Wno-missing-braces -Wparentheses -Wswitch -Wno-unused-function -Wno-unused-label -Wno-unused-parameter -Wno-unused-variable -Wunused-value -Wno-empty-body -Wno-uninitialized -Wno-unknown-pragmas -w -Wno-shadow -Wno-four-char-constants -Wno-conversion -Wno-constant-conversion -Wno-int-conversion -Wno-bool-conversion -Wno-enum-conversion -Wno-float-conversion -Wno-non-literal-null-conversion -Wno-objc-literal-conversion -Wshorten-64-to-32 -Wno-newline-eof -Wno-c++11-extensions -Wno-implicit-fallthrough -fstrict-aliasing -Wdeprecated-declarations -Winvalid-offsetof -Wno-sign-conversion -Wno-infinite-recursion -Wno-move -Wno-comma -Wno-block-capture-autoreleasing -Wno-strict-prototypes -Wno-range-loop-analysis -Wno-semicolon-before-method-body -index-store-path /Users/runner/Library/Developer/Xcode/DerivedData/ChessScanner-euukheddappmemcngwqshzhuduna/Index.noindex/DataStore @/Users/runner/Library/Developer/Xcode/DerivedData/ChessScanner-euukheddappmemcngwqshzhuduna/Build/Intermediates.noindex/ChessKitEngine.build/Debug-iphonesimulator/ChessKitEngineCore.build/Objects-normal/arm64/82b82416624d2658e5098eb0a28c15c5-common-args.resp -MMD -MT dependencies -MF /Users/runner/Library/Developer/Xcode/DerivedData/ChessScanner-euukheddappmemcngwqshzhuduna/Build/Intermediates.noindex/ChessKitEngine.build/Debug-iphonesimulator/ChessKitEngineCore.build/Objects-normal/arm64/logging-b3e1b4c2fa3527203b84b6746454608c.d --serialize-diagnostics /Users/runner/Library/Developer/Xcode/DerivedData/ChessScanner-euukheddappmemcngwqshzhuduna/Build/Intermediates.noindex/ChessKitEngine.build/Debug-iphonesimulator/ChessKitEngineCore.build/Objects-normal/arm64/logging-b3e1b4c2fa3527203b84b6746454608c.dia -c /Users/runner/Library/Developer/Xcode/DerivedData/ChessScanner-euukheddappmemcngwqshzhuduna/SourcePackages/checkouts/chesskit-engine/Sources/ChessKitEngineCore/Engines/lc0/src/utils/logging.cc -o /Users/runner/Library/Developer/Xcode/DerivedData/ChessScanner-euukheddappmemcngwqshzhuduna/Build/Intermediates.noindex/ChessKitEngine.build/Debug-iphonesimulator/ChessKitEngineCore.build/Objects-normal/arm64/logging-b3e1b4c2fa3527203b84b6746454608c.o -index-unit-output-path /ChessKitEngine.build/Debug-iphonesimulator/ChessKitEngineCore.build/Objects-normal/arm64/logging-b3e1b4c2fa3527203b84b6746454608c.o

CompileC /Users/runner/Library/Developer/Xcode/DerivedData/ChessScanner-euukheddappmemcngwqshzhuduna/Build/Intermediates.noindex/ChessKitEngine.build/Debug-iphonesimulator/ChessKitEngineCore.build/Objects-normal/arm64/loader.o /Users/runner/Library/Developer/Xcode/DerivedData/ChessScanner-euukheddappmemcngwqshzhuduna/SourcePackages/checkouts/chesskit-engine/Sources/ChessKitEngineCore/Engines/lc0/src/neural/loader.cc normal arm64 c++ com.apple.compilers.llvm.clang.1_0.compiler (in target 'ChessKitEngineCore' from project 'ChessKitEngine')
    cd /Users/runner/work/chess-scanner-app/chess-scanner-app/ChessScanner.xcodeproj
    
    Using response file: /Users/runner/Library/Developer/Xcode/DerivedData/ChessScanner-euukheddappmemcngwqshzhuduna/Build/Intermediates.noindex/ChessKitEngine.build/Debug-iphonesimulator/ChessKitEngineCore.build/Objects-normal/arm64/82b82416624d2658e5098eb0a28c15c5-common-args.resp
    
    /Applications/Xcode_26.3.app/Contents/Developer/Toolchains/XcodeDefault.xctoolchain/usr/bin/clang -x c++ -ivfsstatcache /Users/runner/Library/Developer/Xcode/DerivedData/SDKStatCaches.noindex/iphonesimulator26.2-23C57-dc75598d0054f22ec865fa860f139d72e244bd9a5feaf902f95f61bf06266e52.sdkstatcache -fmessage-length\=0 -fdiagnostics-show-note-include-stack -fmacro-backtrace-limit\=0 -fno-color-diagnostics -fmodules-prune-interval\=86400 -fmodules-prune-after\=345600 -fbuild-session-file\=/Users/runner/Library/Developer/Xcode/DerivedData/ModuleCache.noindex/Session.modulevalidation -fmodules-validate-once-per-build-session -Wnon-modular-include-in-framework-module -Werror\=non-modular-include-in-framework-module -Wno-trigraphs -Wno-missing-field-initializers -Wno-missing-prototypes -Wno-return-type -Wno-non-virtual-dtor -Wno-overloaded-virtual -Wno-exit-time-destructors -Wno-missing-braces -Wparentheses -Wswitch -Wno-unused-function -Wno-unused-label -Wno-unused-parameter -Wno-unused-variable -Wunused-value -Wno-empty-body -Wno-uninitialized -Wno-unknown-pragmas -w -Wno-shadow -Wno-four-char-constants -Wno-conversion -Wno-constant-conversion -Wno-int-conversion -Wno-bool-conversion -Wno-enum-conversion -Wno-float-conversion -Wno-non-literal-null-conversion -Wno-objc-literal-conversion -Wshorten-64-to-32 -Wno-newline-eof -Wno-c++11-extensions -Wno-implicit-fallthrough -fstrict-aliasing -Wdeprecated-declarations -Winvalid-offsetof -Wno-sign-conversion -Wno-infinite-recursion -Wno-move -Wno-comma -Wno-block-capture-autoreleasing -Wno-strict-prototypes -Wno-range-loop-analysis -Wno-semicolon-before-method-body -index-store-path /Users/runner/Library/Developer/Xcode/DerivedData/ChessScanner-euukheddappmemcngwqshzhuduna/Index.noindex/DataStore @/Users/runner/Library/Developer/Xcode/DerivedData/ChessScanner-euukheddappmemcngwqshzhuduna/Build/Intermediates.noindex/ChessKitEngine.build/Debug-iphonesimulator/ChessKitEngineCore.build/Objects-normal/arm64/82b82416624d2658e5098eb0a28c15c5-common-args.resp -MMD -MT dependencies -MF /Users/runner/Library/Developer/Xcode/DerivedData/ChessScanner-euukheddappmemcngwqshzhuduna/Build/Intermediates.noindex/ChessKitEngine.build/Debug-iphonesimulator/ChessKitEngineCore.build/Objects-normal/arm64/loader.d --serialize-diagnostics /Users/runner/Library/Developer/Xcode/DerivedData/ChessScanner-euukheddappmemcngwqshzhuduna/Build/Intermediates.noindex/ChessKitEngine.build/Debug-iphonesimulator/ChessKitEngineCore.build/Objects-normal/arm64/loader.dia -c /Users/runner/Library/Developer/Xcode/DerivedData/ChessScanner-euukheddappmemcngwqshzhuduna/SourcePackages/checkouts/chesskit-engine/Sources/ChessKitEngineCore/Engines/lc0/src/neural/loader.cc -o /Users/runner/Library/Developer/Xcode/DerivedData/ChessScanner-euukheddappmemcngwqshzhuduna/Build/Intermediates.noindex/ChessKitEngine.build/Debug-iphonesimulator/ChessKitEngineCore.build/Objects-normal/arm64/loader.o -index-unit-output-path /ChessKitEngine.build/Debug-iphonesimulator/ChessKitEngineCore.build/Objects-normal/arm64/loader.o

CompileC /Users/runner/Library/Developer/Xcode/DerivedData/ChessScanner-euukheddappmemcngwqshzhuduna/Build/Intermediates.noindex/ChessKitEngine.build/Debug-iphonesimulator/ChessKitEngineCore.build/Objects-normal/arm64/legacy.o /Users/runner/Library/Developer/Xcode/DerivedData/ChessScanner-euukheddappmemcngwqshzhuduna/SourcePackages/checkouts/chesskit-engine/Sources/ChessKitEngineCore/Engines/lc0/src/mcts/stoppers/legacy.cc normal arm64 c++ com.apple.compilers.llvm.clang.1_0.compiler (in target 'ChessKitEngineCore' from project 'ChessKitEngine')
    cd /Users/runner/work/chess-scanner-app/chess-scanner-app/ChessScanner.xcodeproj
    
    Using response file: /Users/runner/Library/Developer/Xcode/DerivedData/ChessScanner-euukheddappmemcngwqshzhuduna/Build/Intermediates.noindex/ChessKitEngine.build/Debug-iphonesimulator/ChessKitEngineCore.build/Objects-normal/arm64/82b82416624d2658e5098eb0a28c15c5-common-args.resp
    
    /Applications/Xcode_26.3.app/Contents/Developer/Toolchains/XcodeDefault.xctoolchain/usr/bin/clang -x c++ -ivfsstatcache /Users/runner/Library/Developer/Xcode/DerivedData/SDKStatCaches.noindex/iphonesimulator26.2-23C57-dc75598d0054f22ec865fa860f139d72e244bd9a5feaf902f95f61bf06266e52.sdkstatcache -fmessage-length\=0 -fdiagnostics-show-note-include-stack -fmacro-backtrace-limit\=0 -fno-color-diagnostics -fmodules-prune-interval\=86400 -fmodules-prune-after\=345600 -fbuild-session-file\=/Users/runner/Library/Developer/Xcode/DerivedData/ModuleCache.noindex/Session.modulevalidation -fmodules-validate-once-per-build-session -Wnon-modular-include-in-framework-module -Werror\=non-modular-include-in-framework-module -Wno-trigraphs -Wno-missing-field-initializers -Wno-missing-prototypes -Wno-return-type -Wno-non-virtual-dtor -Wno-overloaded-virtual -Wno-exit-time-destructors -Wno-missing-braces -Wparentheses -Wswitch -Wno-unused-function -Wno-unused-label -Wno-unused-parameter -Wno-unused-variable -Wunused-value -Wno-empty-body -Wno-uninitialized -Wno-unknown-pragmas -w -Wno-shadow -Wno-four-char-constants -Wno-conversion -Wno-constant-conversion -Wno-int-conversion -Wno-bool-conversion -Wno-enum-conversion -Wno-float-conversion -Wno-non-literal-null-conversion -Wno-objc-literal-conversion -Wshorten-64-to-32 -Wno-newline-eof -Wno-c++11-extensions -Wno-implicit-fallthrough -fstrict-aliasing -Wdeprecated-declarations -Winvalid-offsetof -Wno-sign-conversion -Wno-infinite-recursion -Wno-move -Wno-comma -Wno-block-capture-autoreleasing -Wno-strict-prototypes -Wno-range-loop-analysis -Wno-semicolon-before-method-body -index-store-path /Users/runner/Library/Developer/Xcode/DerivedData/ChessScanner-euukheddappmemcngwqshzhuduna/Index.noindex/DataStore @/Users/runner/Library/Developer/Xcode/DerivedData/ChessScanner-euukheddappmemcngwqshzhuduna/Build/Intermediates.noindex/ChessKitEngine.build/Debug-iphonesimulator/ChessKitEngineCore.build/Objects-normal/arm64/82b82416624d2658e5098eb0a28c15c5-common-args.resp -MMD -MT dependencies -MF /Users/runner/Library/Developer/Xcode/DerivedData/ChessScanner-euukheddappmemcngwqshzhuduna/Build/Intermediates.noindex/ChessKitEngine.build/Debug-iphonesimulator/ChessKitEngineCore.build/Objects-normal/arm64/legacy.d --serialize-diagnostics /Users/runner/Library/Developer/Xcode/DerivedData/ChessScanner-euukheddappmemcngwqshzhuduna/Build/Intermediates.noindex/ChessKitEngine.build/Debug-iphonesimulator/ChessKitEngineCore.build/Objects-normal/arm64/legacy.dia -c /Users/runner/Library/Developer/Xcode/DerivedData/ChessScanner-euukheddappmemcngwqshzhuduna/SourcePackages/checkouts/chesskit-engine/Sources/ChessKitEngineCore/Engines/lc0/src/mcts/stoppers/legacy.cc -o /Users/runner/Library/Developer/Xcode/DerivedData/ChessScanner-euukheddappmemcngwqshzhuduna/Build/Intermediates.noindex/ChessKitEngine.build/Debug-iphonesimulator/ChessKitEngineCore.build/Objects-normal/arm64/legacy.o -index-unit-output-path /ChessKitEngine.build/Debug-iphonesimulator/ChessKitEngineCore.build/Objects-normal/arm64/legacy.o

CompileC /Users/runner/Library/Developer/Xcode/DerivedData/ChessScanner-euukheddappmemcngwqshzhuduna/Build/Intermediates.noindex/ChessKitEngine.build/Debug-iphonesimulator/ChessKitEngineCore.build/Objects-normal/arm64/lc0+engine.o /Users/runner/Library/Developer/Xcode/DerivedData/ChessScanner-euukheddappmemcngwqshzhuduna/SourcePackages/checkouts/chesskit-engine/Sources/ChessKitEngineCore/Engines/Extensions/lc0+engine.cpp normal arm64 c++ com.apple.compilers.llvm.clang.1_0.compiler (in target 'ChessKitEngineCore' from project 'ChessKitEngine')
    cd /Users/runner/work/chess-scanner-app/chess-scanner-app/ChessScanner.xcodeproj
    
    Using response file: /Users/runner/Library/Developer/Xcode/DerivedData/ChessScanner-euukheddappmemcngwqshzhuduna/Build/Intermediates.noindex/ChessKitEngine.build/Debug-iphonesimulator/ChessKitEngineCore.build/Objects-normal/arm64/82b82416624d2658e5098eb0a28c15c5-common-args.resp
    
    /Applications/Xcode_26.3.app/Contents/Developer/Toolchains/XcodeDefault.xctoolchain/usr/bin/clang -x c++ -ivfsstatcache /Users/runner/Library/Developer/Xcode/DerivedData/SDKStatCaches.noindex/iphonesimulator26.2-23C57-dc75598d0054f22ec865fa860f139d72e244bd9a5feaf902f95f61bf06266e52.sdkstatcache -fmessage-length\=0 -fdiagnostics-show-note-include-stack -fmacro-backtrace-limit\=0 -fno-color-diagnostics -fmodules-prune-interval\=86400 -fmodules-prune-after\=345600 -fbuild-session-file\=/Users/runner/Library/Developer/Xcode/DerivedData/ModuleCache.noindex/Session.modulevalidation -fmodules-validate-once-per-build-session -Wnon-modular-include-in-framework-module -Werror\=non-modular-include-in-framework-module -Wno-trigraphs -Wno-missing-field-initializers -Wno-missing-prototypes -Wno-return-type -Wno-non-virtual-dtor -Wno-overloaded-virtual -Wno-exit-time-destructors -Wno-missing-braces -Wparentheses -Wswitch -Wno-unused-function -Wno-unused-label -Wno-unused-parameter -Wno-unused-variable -Wunused-value -Wno-empty-body -Wno-uninitialized -Wno-unknown-pragmas -w -Wno-shadow -Wno-four-char-constants -Wno-conversion -Wno-constant-conversion -Wno-int-conversion -Wno-bool-conversion -Wno-enum-conversion -Wno-float-conversion -Wno-non-literal-null-conversion -Wno-objc-literal-conversion -Wshorten-64-to-32 -Wno-newline-eof -Wno-c++11-extensions -Wno-implicit-fallthrough -fstrict-aliasing -Wdeprecated-declarations -Winvalid-offsetof -Wno-sign-conversion -Wno-infinite-recursion -Wno-move -Wno-comma -Wno-block-capture-autoreleasing -Wno-strict-prototypes -Wno-range-loop-analysis -Wno-semicolon-before-method-body -index-store-path /Users/runner/Library/Developer/Xcode/DerivedData/ChessScanner-euukheddappmemcngwqshzhuduna/Index.noindex/DataStore @/Users/runner/Library/Developer/Xcode/DerivedData/ChessScanner-euukheddappmemcngwqshzhuduna/Build/Intermediates.noindex/ChessKitEngine.build/Debug-iphonesimulator/ChessKitEngineCore.build/Objects-normal/arm64/82b82416624d2658e5098eb0a28c15c5-common-args.resp -MMD -MT dependencies -MF /Users/runner/Library/Developer/Xcode/DerivedData/ChessScanner-euukheddappmemcngwqshzhuduna/Build/Intermediates.noindex/ChessKitEngine.build/Debug-iphonesimulator/ChessKitEngineCore.build/Objects-normal/arm64/lc0+engine.d --serialize-diagnostics /Users/runner/Library/Developer/Xcode/DerivedData/ChessScanner-euukheddappmemcngwqshzhuduna/Build/Intermediates.noindex/ChessKitEngine.build/Debug-iphonesimulator/ChessKitEngineCore.build/Objects-normal/arm64/lc0+engine.dia -c /Users/runner/Library/Developer/Xcode/DerivedData/ChessScanner-euukheddappmemcngwqshzhuduna/SourcePackages/checkouts/chesskit-engine/Sources/ChessKitEngineCore/Engines/Extensions/lc0+engine.cpp -o /Users/runner/Library/Developer/Xcode/DerivedData/ChessScanner-euukheddappmemcngwqshzhuduna/Build/Intermediates.noindex/ChessKitEngine.build/Debug-iphonesimulator/ChessKitEngineCore.build/Objects-normal/arm64/lc0+engine.o -index-unit-output-path /ChessKitEngine.build/Debug-iphonesimulator/ChessKitEngineCore.build/Objects-normal/arm64/lc0+engine.o

CompileC /Users/runner/Library/Developer/Xcode/DerivedData/ChessScanner-euukheddappmemcngwqshzhuduna/Build/Intermediates.noindex/ChessKitEngine.build/Debug-iphonesimulator/ChessKitEngineCore.build/Objects-normal/arm64/histogram.o /Users/runner/Library/Developer/Xcode/DerivedData/ChessScanner-euukheddappmemcngwqshzhuduna/SourcePackages/checkouts/chesskit-engine/Sources/ChessKitEngineCore/Engines/lc0/src/utils/histogram.cc normal arm64 c++ com.apple.compilers.llvm.clang.1_0.compiler (in target 'ChessKitEngineCore' from project 'ChessKitEngine')
    cd /Users/runner/work/chess-scanner-app/chess-scanner-app/ChessScanner.xcodeproj
    
    Using response file: /Users/runner/Library/Developer/Xcode/DerivedData/ChessScanner-euukheddappmemcngwqshzhuduna/Build/Intermediates.noindex/ChessKitEngine.build/Debug-iphonesimulator/ChessKitEngineCore.build/Objects-normal/arm64/82b82416624d2658e5098eb0a28c15c5-common-args.resp
    
    /Applications/Xcode_26.3.app/Contents/Developer/Toolchains/XcodeDefault.xctoolchain/usr/bin/clang -x c++ -ivfsstatcache /Users/runner/Library/Developer/Xcode/DerivedData/SDKStatCaches.noindex/iphonesimulator26.2-23C57-dc75598d0054f22ec865fa860f139d72e244bd9a5feaf902f95f61bf06266e52.sdkstatcache -fmessage-length\=0 -fdiagnostics-show-note-include-stack -fmacro-backtrace-limit\=0 -fno-color-diagnostics -fmodules-prune-interval\=86400 -fmodules-prune-after\=345600 -fbuild-session-file\=/Users/runner/Library/Developer/Xcode/DerivedData/ModuleCache.noindex/Session.modulevalidation -fmodules-validate-once-per-build-session -Wnon-modular-include-in-framework-module -Werror\=non-modular-include-in-framework-module -Wno-trigraphs -Wno-missing-field-initializers -Wno-missing-prototypes -Wno-return-type -Wno-non-virtual-dtor -Wno-overloaded-virtual -Wno-exit-time-destructors -Wno-missing-braces -Wparentheses -Wswitch -Wno-unused-function -Wno-unused-label -Wno-unused-parameter -Wno-unused-variable -Wunused-value -Wno-empty-body -Wno-uninitialized -Wno-unknown-pragmas -w -Wno-shadow -Wno-four-char-constants -Wno-conversion -Wno-constant-conversion -Wno-int-conversion -Wno-bool-conversion -Wno-enum-conversion -Wno-float-conversion -Wno-non-literal-null-conversion -Wno-objc-literal-conversion -Wshorten-64-to-32 -Wno-newline-eof -Wno-c++11-extensions -Wno-implicit-fallthrough -fstrict-aliasing -Wdeprecated-declarations -Winvalid-offsetof -Wno-sign-conversion -Wno-infinite-recursion -Wno-move -Wno-comma -Wno-block-capture-autoreleasing -Wno-strict-prototypes -Wno-range-loop-analysis -Wno-semicolon-before-method-body -index-store-path /Users/runner/Library/Developer/Xcode/DerivedData/ChessScanner-euukheddappmemcngwqshzhuduna/Index.noindex/DataStore @/Users/runner/Library/Developer/Xcode/DerivedData/ChessScanner-euukheddappmemcngwqshzhuduna/Build/Intermediates.noindex/ChessKitEngine.build/Debug-iphonesimulator/ChessKitEngineCore.build/Objects-normal/arm64/82b82416624d2658e5098eb0a28c15c5-common-args.resp -MMD -MT dependencies -MF /Users/runner/Library/Developer/Xcode/DerivedData/ChessScanner-euukheddappmemcngwqshzhuduna/Build/Intermediates.noindex/ChessKitEngine.build/Debug-iphonesimulator/ChessKitEngineCore.build/Objects-normal/arm64/histogram.d --serialize-diagnostics /Users/runner/Library/Developer/Xcode/DerivedData/ChessScanner-euukheddappmemcngwqshzhuduna/Build/Intermediates.noindex/ChessKitEngine.build/Debug-iphonesimulator/ChessKitEngineCore.build/Objects-normal/arm64/histogram.dia -c /Users/runner/Library/Developer/Xcode/DerivedData/ChessScanner-euukheddappmemcngwqshzhuduna/SourcePackages/checkouts/chesskit-engine/Sources/ChessKitEngineCore/Engines/lc0/src/utils/histogram.cc -o /Users/runner/Library/Developer/Xcode/DerivedData/ChessScanner-euukheddappmemcngwqshzhuduna/Build/Intermediates.noindex/ChessKitEngine.build/Debug-iphonesimulator/ChessKitEngineCore.build/Objects-normal/arm64/histogram.o -index-unit-output-path /ChessKitEngine.build/Debug-iphonesimulator/ChessKitEngineCore.build/Objects-normal/arm64/histogram.o

CompileC /Users/runner/Library/Developer/Xcode/DerivedData/ChessScanner-euukheddappmemcngwqshzhuduna/Build/Intermediates.noindex/ChessKitEngine.build/Debug-iphonesimulator/ChessKitEngineCore.build/Objects-normal/arm64/half_ka_v2_hm.o /Users/runner/Library/Developer/Xcode/DerivedData/ChessScanner-euukheddappmemcngwqshzhuduna/SourcePackages/checkouts/chesskit-engine/Sources/ChessKitEngineCore/Engines/Stockfish/src/nnue/features/half_ka_v2_hm.cpp normal arm64 c++ com.apple.compilers.llvm.clang.1_0.compiler (in target 'ChessKitEngineCore' from project 'ChessKitEngine')
    cd /Users/runner/work/chess-scanner-app/chess-scanner-app/ChessScanner.xcodeproj
    
    Using response file: /Users/runner/Library/Developer/Xcode/DerivedData/ChessScanner-euukheddappmemcngwqshzhuduna/Build/Intermediates.noindex/ChessKitEngine.build/Debug-iphonesimulator/ChessKitEngineCore.build/Objects-normal/arm64/82b82416624d2658e5098eb0a28c15c5-common-args.resp
    
    /Applications/Xcode_26.3.app/Contents/Developer/Toolchains/XcodeDefault.xctoolchain/usr/bin/clang -x c++ -ivfsstatcache /Users/runner/Library/Developer/Xcode/DerivedData/SDKStatCaches.noindex/iphonesimulator26.2-23C57-dc75598d0054f22ec865fa860f139d72e244bd9a5feaf902f95f61bf06266e52.sdkstatcache -fmessage-length\=0 -fdiagnostics-show-note-include-stack -fmacro-backtrace-limit\=0 -fno-color-diagnostics -fmodules-prune-interval\=86400 -fmodules-prune-after\=345600 -fbuild-session-file\=/Users/runner/Library/Developer/Xcode/DerivedData/ModuleCache.noindex/Session.modulevalidation -fmodules-validate-once-per-build-session -Wnon-modular-include-in-framework-module -Werror\=non-modular-include-in-framework-module -Wno-trigraphs -Wno-missing-field-initializers -Wno-missing-prototypes -Wno-return-type -Wno-non-virtual-dtor -Wno-overloaded-virtual -Wno-exit-time-destructors -Wno-missing-braces -Wparentheses -Wswitch -Wno-unused-function -Wno-unused-label -Wno-unused-parameter -Wno-unused-variable -Wunused-value -Wno-empty-body -Wno-uninitialized -Wno-unknown-pragmas -w -Wno-shadow -Wno-four-char-constants -Wno-conversion -Wno-constant-conversion -Wno-int-conversion -Wno-bool-conversion -Wno-enum-conversion -Wno-float-conversion -Wno-non-literal-null-conversion -Wno-objc-literal-conversion -Wshorten-64-to-32 -Wno-newline-eof -Wno-c++11-extensions -Wno-implicit-fallthrough -fstrict-aliasing -Wdeprecated-declarations -Winvalid-offsetof -Wno-sign-conversion -Wno-infinite-recursion -Wno-move -Wno-comma -Wno-block-capture-autoreleasing -Wno-strict-prototypes -Wno-range-loop-analysis -Wno-semicolon-before-method-body -index-store-path /Users/runner/Library/Developer/Xcode/DerivedData/ChessScanner-euukheddappmemcngwqshzhuduna/Index.noindex/DataStore @/Users/runner/Library/Developer/Xcode/DerivedData/ChessScanner-euukheddappmemcngwqshzhuduna/Build/Intermediates.noindex/ChessKitEngine.build/Debug-iphonesimulator/ChessKitEngineCore.build/Objects-normal/arm64/82b82416624d2658e5098eb0a28c15c5-common-args.resp -MMD -MT dependencies -MF /Users/runner/Library/Developer/Xcode/DerivedData/ChessScanner-euukheddappmemcngwqshzhuduna/Build/Intermediates.noindex/ChessKitEngine.build/Debug-iphonesimulator/ChessKitEngineCore.build/Objects-normal/arm64/half_ka_v2_hm.d --serialize-diagnostics /Users/runner/Library/Developer/Xcode/DerivedData/ChessScanner-euukheddappmemcngwqshzhuduna/Build/Intermediates.noindex/ChessKitEngine.build/Debug-iphonesimulator/ChessKitEngineCore.build/Objects-normal/arm64/half_ka_v2_hm.dia -c /Users/runner/Library/Developer/Xcode/DerivedData/ChessScanner-euukheddappmemcngwqshzhuduna/SourcePackages/checkouts/chesskit-engine/Sources/ChessKitEngineCore/Engines/Stockfish/src/nnue/features/half_ka_v2_hm.cpp -o /Users/runner/Library/Developer/Xcode/DerivedData/ChessScanner-euukheddappmemcngwqshzhuduna/Build/Intermediates.noindex/ChessKitEngine.build/Debug-iphonesimulator/ChessKitEngineCore.build/Objects-normal/arm64/half_ka_v2_hm.o -index-unit-output-path /ChessKitEngine.build/Debug-iphonesimulator/ChessKitEngineCore.build/Objects-normal/arm64/half_ka_v2_hm.o

CompileC /Users/runner/Library/Developer/Xcode/DerivedData/ChessScanner-euukheddappmemcngwqshzhuduna/Build/Intermediates.noindex/ChessKitEngine.build/Debug-iphonesimulator/ChessKitEngineCore.build/Objects-normal/arm64/fully_connected_layer.o /Users/runner/Library/Developer/Xcode/DerivedData/ChessScanner-euukheddappmemcngwqshzhuduna/SourcePackages/checkouts/chesskit-engine/Sources/ChessKitEngineCore/Engines/lc0/src/neural/blas/fully_connected_layer.cc normal arm64 c++ com.apple.compilers.llvm.clang.1_0.compiler (in target 'ChessKitEngineCore' from project 'ChessKitEngine')
    cd /Users/runner/work/chess-scanner-app/chess-scanner-app/ChessScanner.xcodeproj
    
    Using response file: /Users/runner/Library/Developer/Xcode/DerivedData/ChessScanner-euukheddappmemcngwqshzhuduna/Build/Intermediates.noindex/ChessKitEngine.build/Debug-iphonesimulator/ChessKitEngineCore.build/Objects-normal/arm64/82b82416624d2658e5098eb0a28c15c5-common-args.resp
    
    /Applications/Xcode_26.3.app/Contents/Developer/Toolchains/XcodeDefault.xctoolchain/usr/bin/clang -x c++ -ivfsstatcache /Users/runner/Library/Developer/Xcode/DerivedData/SDKStatCaches.noindex/iphonesimulator26.2-23C57-dc75598d0054f22ec865fa860f139d72e244bd9a5feaf902f95f61bf06266e52.sdkstatcache -fmessage-length\=0 -fdiagnostics-show-note-include-stack -fmacro-backtrace-limit\=0 -fno-color-diagnostics -fmodules-prune-interval\=86400 -fmodules-prune-after\=345600 -fbuild-session-file\=/Users/runner/Library/Developer/Xcode/DerivedData/ModuleCache.noindex/Session.modulevalidation -fmodules-validate-once-per-build-session -Wnon-modular-include-in-framework-module -Werror\=non-modular-include-in-framework-module -Wno-trigraphs -Wno-missing-field-initializers -Wno-missing-prototypes -Wno-return-type -Wno-non-virtual-dtor -Wno-overloaded-virtual -Wno-exit-time-destructors -Wno-missing-braces -Wparentheses -Wswitch -Wno-unused-function -Wno-unused-label -Wno-unused-parameter -Wno-unused-variable -Wunused-value -Wno-empty-body -Wno-uninitialized -Wno-unknown-pragmas -w -Wno-shadow -Wno-four-char-constants -Wno-conversion -Wno-constant-conversion -Wno-int-conversion -Wno-bool-conversion -Wno-enum-conversion -Wno-float-conversion -Wno-non-literal-null-conversion -Wno-objc-literal-conversion -Wshorten-64-to-32 -Wno-newline-eof -Wno-c++11-extensions -Wno-implicit-fallthrough -fstrict-aliasing -Wdeprecated-declarations -Winvalid-offsetof -Wno-sign-conversion -Wno-infinite-recursion -Wno-move -Wno-comma -Wno-block-capture-autoreleasing -Wno-strict-prototypes -Wno-range-loop-analysis -Wno-semicolon-before-method-body -index-store-path /Users/runner/Library/Developer/Xcode/DerivedData/ChessScanner-euukheddappmemcngwqshzhuduna/Index.noindex/DataStore @/Users/runner/Library/Developer/Xcode/DerivedData/ChessScanner-euukheddappmemcngwqshzhuduna/Build/Intermediates.noindex/ChessKitEngine.build/Debug-iphonesimulator/ChessKitEngineCore.build/Objects-normal/arm64/82b82416624d2658e5098eb0a28c15c5-common-args.resp -MMD -MT dependencies -MF /Users/runner/Library/Developer/Xcode/DerivedData/ChessScanner-euukheddappmemcngwqshzhuduna/Build/Intermediates.noindex/ChessKitEngine.build/Debug-iphonesimulator/ChessKitEngineCore.build/Objects-normal/arm64/fully_connected_layer.d --serialize-diagnostics /Users/runner/Library/Developer/Xcode/DerivedData/ChessScanner-euukheddappmemcngwqshzhuduna/Build/Intermediates.noindex/ChessKitEngine.build/Debug-iphonesimulator/ChessKitEngineCore.build/Objects-normal/arm64/fully_connected_layer.dia -c /Users/runner/Library/Developer/Xcode/DerivedData/ChessScanner-euukheddappmemcngwqshzhuduna/SourcePackages/checkouts/chesskit-engine/Sources/ChessKitEngineCore/Engines/lc0/src/neural/blas/fully_connected_layer.cc -o /Users/runner/Library/Developer/Xcode/DerivedData/ChessScanner-euukheddappmemcngwqshzhuduna/Build/Intermediates.noindex/ChessKitEngine.build/Debug-iphonesimulator/ChessKitEngineCore.build/Objects-normal/arm64/fully_connected_layer.o -index-unit-output-path /ChessKitEngine.build/Debug-iphonesimulator/ChessKitEngineCore.build/Objects-normal/arm64/fully_connected_layer.o

CompileC /Users/runner/Library/Developer/Xcode/DerivedData/ChessScanner-euukheddappmemcngwqshzhuduna/Build/Intermediates.noindex/ChessKitEngine.build/Debug-iphonesimulator/ChessKitEngineCore.build/Objects-normal/arm64/filesystem.posix.o /Users/runner/Library/Developer/Xcode/DerivedData/ChessScanner-euukheddappmemcngwqshzhuduna/SourcePackages/checkouts/chesskit-engine/Sources/ChessKitEngineCore/Engines/lc0/src/utils/filesystem.posix.cc normal arm64 c++ com.apple.compilers.llvm.clang.1_0.compiler (in target 'ChessKitEngineCore' from project 'ChessKitEngine')
    cd /Users/runner/work/chess-scanner-app/chess-scanner-app/ChessScanner.xcodeproj
    
    Using response file: /Users/runner/Library/Developer/Xcode/DerivedData/ChessScanner-euukheddappmemcngwqshzhuduna/Build/Intermediates.noindex/ChessKitEngine.build/Debug-iphonesimulator/ChessKitEngineCore.build/Objects-normal/arm64/82b82416624d2658e5098eb0a28c15c5-common-args.resp
    
    /Applications/Xcode_26.3.app/Contents/Developer/Toolchains/XcodeDefault.xctoolchain/usr/bin/clang -x c++ -ivfsstatcache /Users/runner/Library/Developer/Xcode/DerivedData/SDKStatCaches.noindex/iphonesimulator26.2-23C57-dc75598d0054f22ec865fa860f139d72e244bd9a5feaf902f95f61bf06266e52.sdkstatcache -fmessage-length\=0 -fdiagnostics-show-note-include-stack -fmacro-backtrace-limit\=0 -fno-color-diagnostics -fmodules-prune-interval\=86400 -fmodules-prune-after\=345600 -fbuild-session-file\=/Users/runner/Library/Developer/Xcode/DerivedData/ModuleCache.noindex/Session.modulevalidation -fmodules-validate-once-per-build-session -Wnon-modular-include-in-framework-module -Werror\=non-modular-include-in-framework-module -Wno-trigraphs -Wno-missing-field-initializers -Wno-missing-prototypes -Wno-return-type -Wno-non-virtual-dtor -Wno-overloaded-virtual -Wno-exit-time-destructors -Wno-missing-braces -Wparentheses -Wswitch -Wno-unused-function -Wno-unused-label -Wno-unused-parameter -Wno-unused-variable -Wunused-value -Wno-empty-body -Wno-uninitialized -Wno-unknown-pragmas -w -Wno-shadow -Wno-four-char-constants -Wno-conversion -Wno-constant-conversion -Wno-int-conversion -Wno-bool-conversion -Wno-enum-conversion -Wno-float-conversion -Wno-non-literal-null-conversion -Wno-objc-literal-conversion -Wshorten-64-to-32 -Wno-newline-eof -Wno-c++11-extensions -Wno-implicit-fallthrough -fstrict-aliasing -Wdeprecated-declarations -Winvalid-offsetof -Wno-sign-conversion -Wno-infinite-recursion -Wno-move -Wno-comma -Wno-block-capture-autoreleasing -Wno-strict-prototypes -Wno-range-loop-analysis -Wno-semicolon-before-method-body -index-store-path /Users/runner/Library/Developer/Xcode/DerivedData/ChessScanner-euukheddappmemcngwqshzhuduna/Index.noindex/DataStore @/Users/runner/Library/Developer/Xcode/DerivedData/ChessScanner-euukheddappmemcngwqshzhuduna/Build/Intermediates.noindex/ChessKitEngine.build/Debug-iphonesimulator/ChessKitEngineCore.build/Objects-normal/arm64/82b82416624d2658e5098eb0a28c15c5-common-args.resp -MMD -MT dependencies -MF /Users/runner/Library/Developer/Xcode/DerivedData/ChessScanner-euukheddappmemcngwqshzhuduna/Build/Intermediates.noindex/ChessKitEngine.build/Debug-iphonesimulator/ChessKitEngineCore.build/Objects-normal/arm64/filesystem.posix.d --serialize-diagnostics /Users/runner/Library/Developer/Xcode/DerivedData/ChessScanner-euukheddappmemcngwqshzhuduna/Build/Intermediates.noindex/ChessKitEngine.build/Debug-iphonesimulator/ChessKitEngineCore.build/Objects-normal/arm64/filesystem.posix.dia -c /Users/runner/Library/Developer/Xcode/DerivedData/ChessScanner-euukheddappmemcngwqshzhuduna/SourcePackages/checkouts/chesskit-engine/Sources/ChessKitEngineCore/Engines/lc0/src/utils/filesystem.posix.cc -o /Users/runner/Library/Developer/Xcode/DerivedData/ChessScanner-euukheddappmemcngwqshzhuduna/Build/Intermediates.noindex/ChessKitEngine.build/Debug-iphonesimulator/ChessKitEngineCore.build/Objects-normal/arm64/filesystem.posix.o -index-unit-output-path /ChessKitEngine.build/Debug-iphonesimulator/ChessKitEngineCore.build/Objects-normal/arm64/filesystem.posix.o

CompileC /Users/runner/Library/Developer/Xcode/DerivedData/ChessScanner-euukheddappmemcngwqshzhuduna/Build/Intermediates.noindex/ChessKitEngine.build/Debug-iphonesimulator/ChessKitEngineCore.build/Objects-normal/arm64/files.o /Users/runner/Library/Developer/Xcode/DerivedData/ChessScanner-euukheddappmemcngwqshzhuduna/SourcePackages/checkouts/chesskit-engine/Sources/ChessKitEngineCore/Engines/lc0/src/utils/files.cc normal arm64 c++ com.apple.compilers.llvm.clang.1_0.compiler (in target 'ChessKitEngineCore' from project 'ChessKitEngine')
    cd /Users/runner/work/chess-scanner-app/chess-scanner-app/ChessScanner.xcodeproj
    
    Using response file: /Users/runner/Library/Developer/Xcode/DerivedData/ChessScanner-euukheddappmemcngwqshzhuduna/Build/Intermediates.noindex/ChessKitEngine.build/Debug-iphonesimulator/ChessKitEngineCore.build/Objects-normal/arm64/82b82416624d2658e5098eb0a28c15c5-common-args.resp
    
    /Applications/Xcode_26.3.app/Contents/Developer/Toolchains/XcodeDefault.xctoolchain/usr/bin/clang -x c++ -ivfsstatcache /Users/runner/Library/Developer/Xcode/DerivedData/SDKStatCaches.noindex/iphonesimulator26.2-23C57-dc75598d0054f22ec865fa860f139d72e244bd9a5feaf902f95f61bf06266e52.sdkstatcache -fmessage-length\=0 -fdiagnostics-show-note-include-stack -fmacro-backtrace-limit\=0 -fno-color-diagnostics -fmodules-prune-interval\=86400 -fmodules-prune-after\=345600 -fbuild-session-file\=/Users/runner/Library/Developer/Xcode/DerivedData/ModuleCache.noindex/Session.modulevalidation -fmodules-validate-once-per-build-session -Wnon-modular-include-in-framework-module -Werror\=non-modular-include-in-framework-module -Wno-trigraphs -Wno-missing-field-initializers -Wno-missing-prototypes -Wno-return-type -Wno-non-virtual-dtor -Wno-overloaded-virtual -Wno-exit-time-destructors -Wno-missing-braces -Wparentheses -Wswitch -Wno-unused-function -Wno-unused-label -Wno-unused-parameter -Wno-unused-variable -Wunused-value -Wno-empty-body -Wno-uninitialized -Wno-unknown-pragmas -w -Wno-shadow -Wno-four-char-constants -Wno-conversion -Wno-constant-conversion -Wno-int-conversion -Wno-bool-conversion -Wno-enum-conversion -Wno-float-conversion -Wno-non-literal-null-conversion -Wno-objc-literal-conversion -Wshorten-64-to-32 -Wno-newline-eof -Wno-c++11-extensions -Wno-implicit-fallthrough -fstrict-aliasing -Wdeprecated-declarations -Winvalid-offsetof -Wno-sign-conversion -Wno-infinite-recursion -Wno-move -Wno-comma -Wno-block-capture-autoreleasing -Wno-strict-prototypes -Wno-range-loop-analysis -Wno-semicolon-before-method-body -index-store-path /Users/runner/Library/Developer/Xcode/DerivedData/ChessScanner-euukheddappmemcngwqshzhuduna/Index.noindex/DataStore @/Users/runner/Library/Developer/Xcode/DerivedData/ChessScanner-euukheddappmemcngwqshzhuduna/Build/Intermediates.noindex/ChessKitEngine.build/Debug-iphonesimulator/ChessKitEngineCore.build/Objects-normal/arm64/82b82416624d2658e5098eb0a28c15c5-common-args.resp -MMD -MT dependencies -MF /Users/runner/Library/Developer/Xcode/DerivedData/ChessScanner-euukheddappmemcngwqshzhuduna/Build/Intermediates.noindex/ChessKitEngine.build/Debug-iphonesimulator/ChessKitEngineCore.build/Objects-normal/arm64/files.d --serialize-diagnostics /Users/runner/Library/Developer/Xcode/DerivedData/ChessScanner-euukheddappmemcngwqshzhuduna/Build/Intermediates.noindex/ChessKitEngine.build/Debug-iphonesimulator/ChessKitEngineCore.build/Objects-normal/arm64/files.dia -c /Users/runner/Library/Developer/Xcode/DerivedData/ChessScanner-euukheddappmemcngwqshzhuduna/SourcePackages/checkouts/chesskit-engine/Sources/ChessKitEngineCore/Engines/lc0/src/utils/files.cc -o /Users/runner/Library/Developer/Xcode/DerivedData/ChessScanner-euukheddappmemcngwqshzhuduna/Build/Intermediates.noindex/ChessKitEngine.build/Debug-iphonesimulator/ChessKitEngineCore.build/Objects-normal/arm64/files.o -index-unit-output-path /ChessKitEngine.build/Debug-iphonesimulator/ChessKitEngineCore.build/Objects-normal/arm64/files.o

CompileC /Users/runner/Library/Developer/Xcode/DerivedData/ChessScanner-euukheddappmemcngwqshzhuduna/Build/Intermediates.noindex/ChessKitEngine.build/Debug-iphonesimulator/ChessKitEngineCore.build/Objects-normal/arm64/factory-f29f83b999bf680190e906dbf2306fe5.o /Users/runner/Library/Developer/Xcode/DerivedData/ChessScanner-euukheddappmemcngwqshzhuduna/SourcePackages/checkouts/chesskit-engine/Sources/ChessKitEngineCore/Engines/lc0/src/neural/factory.cc normal arm64 c++ com.apple.compilers.llvm.clang.1_0.compiler (in target 'ChessKitEngineCore' from project 'ChessKitEngine')
    cd /Users/runner/work/chess-scanner-app/chess-scanner-app/ChessScanner.xcodeproj
    
    Using response file: /Users/runner/Library/Developer/Xcode/DerivedData/ChessScanner-euukheddappmemcngwqshzhuduna/Build/Intermediates.noindex/ChessKitEngine.build/Debug-iphonesimulator/ChessKitEngineCore.build/Objects-normal/arm64/82b82416624d2658e5098eb0a28c15c5-common-args.resp
    
    /Applications/Xcode_26.3.app/Contents/Developer/Toolchains/XcodeDefault.xctoolchain/usr/bin/clang -x c++ -ivfsstatcache /Users/runner/Library/Developer/Xcode/DerivedData/SDKStatCaches.noindex/iphonesimulator26.2-23C57-dc75598d0054f22ec865fa860f139d72e244bd9a5feaf902f95f61bf06266e52.sdkstatcache -fmessage-length\=0 -fdiagnostics-show-note-include-stack -fmacro-backtrace-limit\=0 -fno-color-diagnostics -fmodules-prune-interval\=86400 -fmodules-prune-after\=345600 -fbuild-session-file\=/Users/runner/Library/Developer/Xcode/DerivedData/ModuleCache.noindex/Session.modulevalidation -fmodules-validate-once-per-build-session -Wnon-modular-include-in-framework-module -Werror\=non-modular-include-in-framework-module -Wno-trigraphs -Wno-missing-field-initializers -Wno-missing-prototypes -Wno-return-type -Wno-non-virtual-dtor -Wno-overloaded-virtual -Wno-exit-time-destructors -Wno-missing-braces -Wparentheses -Wswitch -Wno-unused-function -Wno-unused-label -Wno-unused-parameter -Wno-unused-variable -Wunused-value -Wno-empty-body -Wno-uninitialized -Wno-unknown-pragmas -w -Wno-shadow -Wno-four-char-constants -Wno-conversion -Wno-constant-conversion -Wno-int-conversion -Wno-bool-conversion -Wno-enum-conversion -Wno-float-conversion -Wno-non-literal-null-conversion -Wno-objc-literal-conversion -Wshorten-64-to-32 -Wno-newline-eof -Wno-c++11-extensions -Wno-implicit-fallthrough -fstrict-aliasing -Wdeprecated-declarations -Winvalid-offsetof -Wno-sign-conversion -Wno-infinite-recursion -Wno-move -Wno-comma -Wno-block-capture-autoreleasing -Wno-strict-prototypes -Wno-range-loop-analysis -Wno-semicolon-before-method-body -index-store-path /Users/runner/Library/Developer/Xcode/DerivedData/ChessScanner-euukheddappmemcngwqshzhuduna/Index.noindex/DataStore @/Users/runner/Library/Developer/Xcode/DerivedData/ChessScanner-euukheddappmemcngwqshzhuduna/Build/Intermediates.noindex/ChessKitEngine.build/Debug-iphonesimulator/ChessKitEngineCore.build/Objects-normal/arm64/82b82416624d2658e5098eb0a28c15c5-common-args.resp -MMD -MT dependencies -MF /Users/runner/Library/Developer/Xcode/DerivedData/ChessScanner-euukheddappmemcngwqshzhuduna/Build/Intermediates.noindex/ChessKitEngine.build/Debug-iphonesimulator/ChessKitEngineCore.build/Objects-normal/arm64/factory-f29f83b999bf680190e906dbf2306fe5.d --serialize-diagnostics /Users/runner/Library/Developer/Xcode/DerivedData/ChessScanner-euukheddappmemcngwqshzhuduna/Build/Intermediates.noindex/ChessKitEngine.build/Debug-iphonesimulator/ChessKitEngineCore.build/Objects-normal/arm64/factory-f29f83b999bf680190e906dbf2306fe5.dia -c /Users/runner/Library/Developer/Xcode/DerivedData/ChessScanner-euukheddappmemcngwqshzhuduna/SourcePackages/checkouts/chesskit-engine/Sources/ChessKitEngineCore/Engines/lc0/src/neural/factory.cc -o /Users/runner/Library/Developer/Xcode/DerivedData/ChessScanner-euukheddappmemcngwqshzhuduna/Build/Intermediates.noindex/ChessKitEngine.build/Debug-iphonesimulator/ChessKitEngineCore.build/Objects-normal/arm64/factory-f29f83b999bf680190e906dbf2306fe5.o -index-unit-output-path /ChessKitEngine.build/Debug-iphonesimulator/ChessKitEngineCore.build/Objects-normal/arm64/factory-f29f83b999bf680190e906dbf2306fe5.o

CompileC /Users/runner/Library/Developer/Xcode/DerivedData/ChessScanner-euukheddappmemcngwqshzhuduna/Build/Intermediates.noindex/ChessKitEngine.build/Debug-iphonesimulator/ChessKitEngineCore.build/Objects-normal/arm64/factory-698003aed46f1c3e7c843be88080aa34.o /Users/runner/Library/Developer/Xcode/DerivedData/ChessScanner-euukheddappmemcngwqshzhuduna/SourcePackages/checkouts/chesskit-engine/Sources/ChessKitEngineCore/Engines/lc0/src/mcts/stoppers/factory.cc normal arm64 c++ com.apple.compilers.llvm.clang.1_0.compiler (in target 'ChessKitEngineCore' from project 'ChessKitEngine')
    cd /Users/runner/work/chess-scanner-app/chess-scanner-app/ChessScanner.xcodeproj
    
    Using response file: /Users/runner/Library/Developer/Xcode/DerivedData/ChessScanner-euukheddappmemcngwqshzhuduna/Build/Intermediates.noindex/ChessKitEngine.build/Debug-iphonesimulator/ChessKitEngineCore.build/Objects-normal/arm64/82b82416624d2658e5098eb0a28c15c5-common-args.resp
    
    /Applications/Xcode_26.3.app/Contents/Developer/Toolchains/XcodeDefault.xctoolchain/usr/bin/clang -x c++ -ivfsstatcache /Users/runner/Library/Developer/Xcode/DerivedData/SDKStatCaches.noindex/iphonesimulator26.2-23C57-dc75598d0054f22ec865fa860f139d72e244bd9a5feaf902f95f61bf06266e52.sdkstatcache -fmessage-length\=0 -fdiagnostics-show-note-include-stack -fmacro-backtrace-limit\=0 -fno-color-diagnostics -fmodules-prune-interval\=86400 -fmodules-prune-after\=345600 -fbuild-session-file\=/Users/runner/Library/Developer/Xcode/DerivedData/ModuleCache.noindex/Session.modulevalidation -fmodules-validate-once-per-build-session -Wnon-modular-include-in-framework-module -Werror\=non-modular-include-in-framework-module -Wno-trigraphs -Wno-missing-field-initializers -Wno-missing-prototypes -Wno-return-type -Wno-non-virtual-dtor -Wno-overloaded-virtual -Wno-exit-time-destructors -Wno-missing-braces -Wparentheses -Wswitch -Wno-unused-function -Wno-unused-label -Wno-unused-parameter -Wno-unused-variable -Wunused-value -Wno-empty-body -Wno-uninitialized -Wno-unknown-pragmas -w -Wno-shadow -Wno-four-char-constants -Wno-conversion -Wno-constant-conversion -Wno-int-conversion -Wno-bool-conversion -Wno-enum-conversion -Wno-float-conversion -Wno-non-literal-null-conversion -Wno-objc-literal-conversion -Wshorten-64-to-32 -Wno-newline-eof -Wno-c++11-extensions -Wno-implicit-fallthrough -fstrict-aliasing -Wdeprecated-declarations -Winvalid-offsetof -Wno-sign-conversion -Wno-infinite-recursion -Wno-move -Wno-comma -Wno-block-capture-autoreleasing -Wno-strict-prototypes -Wno-range-loop-analysis -Wno-semicolon-before-method-body -index-store-path /Users/runner/Library/Developer/Xcode/DerivedData/ChessScanner-euukheddappmemcngwqshzhuduna/Index.noindex/DataStore @/Users/runner/Library/Developer/Xcode/DerivedData/ChessScanner-euukheddappmemcngwqshzhuduna/Build/Intermediates.noindex/ChessKitEngine.build/Debug-iphonesimulator/ChessKitEngineCore.build/Objects-normal/arm64/82b82416624d2658e5098eb0a28c15c5-common-args.resp -MMD -MT dependencies -MF /Users/runner/Library/Developer/Xcode/DerivedData/ChessScanner-euukheddappmemcngwqshzhuduna/Build/Intermediates.noindex/ChessKitEngine.build/Debug-iphonesimulator/ChessKitEngineCore.build/Objects-normal/arm64/factory-698003aed46f1c3e7c843be88080aa34.d --serialize-diagnostics /Users/runner/Library/Developer/Xcode/DerivedData/ChessScanner-euukheddappmemcngwqshzhuduna/Build/Intermediates.noindex/ChessKitEngine.build/Debug-iphonesimulator/ChessKitEngineCore.build/Objects-normal/arm64/factory-698003aed46f1c3e7c843be88080aa34.dia -c /Users/runner/Library/Developer/Xcode/DerivedData/ChessScanner-euukheddappmemcngwqshzhuduna/SourcePackages/checkouts/chesskit-engine/Sources/ChessKitEngineCore/Engines/lc0/src/mcts/stoppers/factory.cc -o /Users/runner/Library/Developer/Xcode/DerivedData/ChessScanner-euukheddappmemcngwqshzhuduna/Build/Intermediates.noindex/ChessKitEngine.build/Debug-iphonesimulator/ChessKitEngineCore.build/Objects-normal/arm64/factory-698003aed46f1c3e7c843be88080aa34.o -index-unit-output-path /ChessKitEngine.build/Debug-iphonesimulator/ChessKitEngineCore.build/Objects-normal/arm64/factory-698003aed46f1c3e7c843be88080aa34.o

CompileC /Users/runner/Library/Developer/Xcode/DerivedData/ChessScanner-euukheddappmemcngwqshzhuduna/Build/Intermediates.noindex/ChessKitEngine.build/Debug-iphonesimulator/ChessKitEngineCore.build/Objects-normal/arm64/evaluate.o /Users/runner/Library/Developer/Xcode/DerivedData/ChessScanner-euukheddappmemcngwqshzhuduna/SourcePackages/checkouts/chesskit-engine/Sources/ChessKitEngineCore/Engines/Stockfish/src/evaluate.cpp normal arm64 c++ com.apple.compilers.llvm.clang.1_0.compiler (in target 'ChessKitEngineCore' from project 'ChessKitEngine')
    cd /Users/runner/work/chess-scanner-app/chess-scanner-app/ChessScanner.xcodeproj
    
    Using response file: /Users/runner/Library/Developer/Xcode/DerivedData/ChessScanner-euukheddappmemcngwqshzhuduna/Build/Intermediates.noindex/ChessKitEngine.build/Debug-iphonesimulator/ChessKitEngineCore.build/Objects-normal/arm64/82b82416624d2658e5098eb0a28c15c5-common-args.resp
    
    /Applications/Xcode_26.3.app/Contents/Developer/Toolchains/XcodeDefault.xctoolchain/usr/bin/clang -x c++ -ivfsstatcache /Users/runner/Library/Developer/Xcode/DerivedData/SDKStatCaches.noindex/iphonesimulator26.2-23C57-dc75598d0054f22ec865fa860f139d72e244bd9a5feaf902f95f61bf06266e52.sdkstatcache -fmessage-length\=0 -fdiagnostics-show-note-include-stack -fmacro-backtrace-limit\=0 -fno-color-diagnostics -fmodules-prune-interval\=86400 -fmodules-prune-after\=345600 -fbuild-session-file\=/Users/runner/Library/Developer/Xcode/DerivedData/ModuleCache.noindex/Session.modulevalidation -fmodules-validate-once-per-build-session -Wnon-modular-include-in-framework-module -Werror\=non-modular-include-in-framework-module -Wno-trigraphs -Wno-missing-field-initializers -Wno-missing-prototypes -Wno-return-type -Wno-non-virtual-dtor -Wno-overloaded-virtual -Wno-exit-time-destructors -Wno-missing-braces -Wparentheses -Wswitch -Wno-unused-function -Wno-unused-label -Wno-unused-parameter -Wno-unused-variable -Wunused-value -Wno-empty-body -Wno-uninitialized -Wno-unknown-pragmas -w -Wno-shadow -Wno-four-char-constants -Wno-conversion -Wno-constant-conversion -Wno-int-conversion -Wno-bool-conversion -Wno-enum-conversion -Wno-float-conversion -Wno-non-literal-null-conversion -Wno-objc-literal-conversion -Wshorten-64-to-32 -Wno-newline-eof -Wno-c++11-extensions -Wno-implicit-fallthrough -fstrict-aliasing -Wdeprecated-declarations -Winvalid-offsetof -Wno-sign-conversion -Wno-infinite-recursion -Wno-move -Wno-comma -Wno-block-capture-autoreleasing -Wno-strict-prototypes -Wno-range-loop-analysis -Wno-semicolon-before-method-body -index-store-path /Users/runner/Library/Developer/Xcode/DerivedData/ChessScanner-euukheddappmemcngwqshzhuduna/Index.noindex/DataStore @/Users/runner/Library/Developer/Xcode/DerivedData/ChessScanner-euukheddappmemcngwqshzhuduna/Build/Intermediates.noindex/ChessKitEngine.build/Debug-iphonesimulator/ChessKitEngineCore.build/Objects-normal/arm64/82b82416624d2658e5098eb0a28c15c5-common-args.resp -MMD -MT dependencies -MF /Users/runner/Library/Developer/Xcode/DerivedData/ChessScanner-euukheddappmemcngwqshzhuduna/Build/Intermediates.noindex/ChessKitEngine.build/Debug-iphonesimulator/ChessKitEngineCore.build/Objects-normal/arm64/evaluate.d --serialize-diagnostics /Users/runner/Library/Developer/Xcode/DerivedData/ChessScanner-euukheddappmemcngwqshzhuduna/Build/Intermediates.noindex/ChessKitEngine.build/Debug-iphonesimulator/ChessKitEngineCore.build/Objects-normal/arm64/evaluate.dia -c /Users/runner/Library/Developer/Xcode/DerivedData/ChessScanner-euukheddappmemcngwqshzhuduna/SourcePackages/checkouts/chesskit-engine/Sources/ChessKitEngineCore/Engines/Stockfish/src/evaluate.cpp -o /Users/runner/Library/Developer/Xcode/DerivedData/ChessScanner-euukheddappmemcngwqshzhuduna/Build/Intermediates.noindex/ChessKitEngine.build/Debug-iphonesimulator/ChessKitEngineCore.build/Objects-normal/arm64/evaluate.o -index-unit-output-path /ChessKitEngine.build/Debug-iphonesimulator/ChessKitEngineCore.build/Objects-normal/arm64/evaluate.o

CompileC /Users/runner/Library/Developer/Xcode/DerivedData/ChessScanner-euukheddappmemcngwqshzhuduna/Build/Intermediates.noindex/ChessKitEngine.build/Debug-iphonesimulator/ChessKitEngineCore.build/Objects-normal/arm64/esc_codes.o /Users/runner/Library/Developer/Xcode/DerivedData/ChessScanner-euukheddappmemcngwqshzhuduna/SourcePackages/checkouts/chesskit-engine/Sources/ChessKitEngineCore/Engines/lc0/src/utils/esc_codes.cc normal arm64 c++ com.apple.compilers.llvm.clang.1_0.compiler (in target 'ChessKitEngineCore' from project 'ChessKitEngine')
    cd /Users/runner/work/chess-scanner-app/chess-scanner-app/ChessScanner.xcodeproj
    
    Using response file: /Users/runner/Library/Developer/Xcode/DerivedData/ChessScanner-euukheddappmemcngwqshzhuduna/Build/Intermediates.noindex/ChessKitEngine.build/Debug-iphonesimulator/ChessKitEngineCore.build/Objects-normal/arm64/82b82416624d2658e5098eb0a28c15c5-common-args.resp
    
    /Applications/Xcode_26.3.app/Contents/Developer/Toolchains/XcodeDefault.xctoolchain/usr/bin/clang -x c++ -ivfsstatcache /Users/runner/Library/Developer/Xcode/DerivedData/SDKStatCaches.noindex/iphonesimulator26.2-23C57-dc75598d0054f22ec865fa860f139d72e244bd9a5feaf902f95f61bf06266e52.sdkstatcache -fmessage-length\=0 -fdiagnostics-show-note-include-stack -fmacro-backtrace-limit\=0 -fno-color-diagnostics -fmodules-prune-interval\=86400 -fmodules-prune-after\=345600 -fbuild-session-file\=/Users/runner/Library/Developer/Xcode/DerivedData/ModuleCache.noindex/Session.modulevalidation -fmodules-validate-once-per-build-session -Wnon-modular-include-in-framework-module -Werror\=non-modular-include-in-framework-module -Wno-trigraphs -Wno-missing-field-initializers -Wno-missing-prototypes -Wno-return-type -Wno-non-virtual-dtor -Wno-overloaded-virtual -Wno-exit-time-destructors -Wno-missing-braces -Wparentheses -Wswitch -Wno-unused-function -Wno-unused-label -Wno-unused-parameter -Wno-unused-variable -Wunused-value -Wno-empty-body -Wno-uninitialized -Wno-unknown-pragmas -w -Wno-shadow -Wno-four-char-constants -Wno-conversion -Wno-constant-conversion -Wno-int-conversion -Wno-bool-conversion -Wno-enum-conversion -Wno-float-conversion -Wno-non-literal-null-conversion -Wno-objc-literal-conversion -Wshorten-64-to-32 -Wno-newline-eof -Wno-c++11-extensions -Wno-implicit-fallthrough -fstrict-aliasing -Wdeprecated-declarations -Winvalid-offsetof -Wno-sign-conversion -Wno-infinite-recursion -Wno-move -Wno-comma -Wno-block-capture-autoreleasing -Wno-strict-prototypes -Wno-range-loop-analysis -Wno-semicolon-before-method-body -index-store-path /Users/runner/Library/Developer/Xcode/DerivedData/ChessScanner-euukheddappmemcngwqshzhuduna/Index.noindex/DataStore @/Users/runner/Library/Developer/Xcode/DerivedData/ChessScanner-euukheddappmemcngwqshzhuduna/Build/Intermediates.noindex/ChessKitEngine.build/Debug-iphonesimulator/ChessKitEngineCore.build/Objects-normal/arm64/82b82416624d2658e5098eb0a28c15c5-common-args.resp -MMD -MT dependencies -MF /Users/runner/Library/Developer/Xcode/DerivedData/ChessScanner-euukheddappmemcngwqshzhuduna/Build/Intermediates.noindex/ChessKitEngine.build/Debug-iphonesimulator/ChessKitEngineCore.build/Objects-normal/arm64/esc_codes.d --serialize-diagnostics /Users/runner/Library/Developer/Xcode/DerivedData/ChessScanner-euukheddappmemcngwqshzhuduna/Build/Intermediates.noindex/ChessKitEngine.build/Debug-iphonesimulator/ChessKitEngineCore.build/Objects-normal/arm64/esc_codes.dia -c /Users/runner/Library/Developer/Xcode/DerivedData/ChessScanner-euukheddappmemcngwqshzhuduna/SourcePackages/checkouts/chesskit-engine/Sources/ChessKitEngineCore/Engines/lc0/src/utils/esc_codes.cc -o /Users/runner/Library/Developer/Xcode/DerivedData/ChessScanner-euukheddappmemcngwqshzhuduna/Build/Intermediates.noindex/ChessKitEngine.build/Debug-iphonesimulator/ChessKitEngineCore.build/Objects-normal/arm64/esc_codes.o -index-unit-output-path /ChessKitEngine.build/Debug-iphonesimulator/ChessKitEngineCore.build/Objects-normal/arm64/esc_codes.o

CompileC /Users/runner/Library/Developer/Xcode/DerivedData/ChessScanner-euukheddappmemcngwqshzhuduna/Build/Intermediates.noindex/ChessKitEngine.build/Debug-iphonesimulator/ChessKitEngineCore.build/Objects-normal/arm64/engine-c4ca408d820cc7f09947ec88ebae0612.o /Users/runner/Library/Developer/Xcode/DerivedData/ChessScanner-euukheddappmemcngwqshzhuduna/SourcePackages/checkouts/chesskit-engine/Sources/ChessKitEngineCore/Engines/Stockfish/src/engine.cpp normal arm64 c++ com.apple.compilers.llvm.clang.1_0.compiler (in target 'ChessKitEngineCore' from project 'ChessKitEngine')
    cd /Users/runner/work/chess-scanner-app/chess-scanner-app/ChessScanner.xcodeproj
    
    Using response file: /Users/runner/Library/Developer/Xcode/DerivedData/ChessScanner-euukheddappmemcngwqshzhuduna/Build/Intermediates.noindex/ChessKitEngine.build/Debug-iphonesimulator/ChessKitEngineCore.build/Objects-normal/arm64/82b82416624d2658e5098eb0a28c15c5-common-args.resp
    
    /Applications/Xcode_26.3.app/Contents/Developer/Toolchains/XcodeDefault.xctoolchain/usr/bin/clang -x c++ -ivfsstatcache /Users/runner/Library/Developer/Xcode/DerivedData/SDKStatCaches.noindex/iphonesimulator26.2-23C57-dc75598d0054f22ec865fa860f139d72e244bd9a5feaf902f95f61bf06266e52.sdkstatcache -fmessage-length\=0 -fdiagnostics-show-note-include-stack -fmacro-backtrace-limit\=0 -fno-color-diagnostics -fmodules-prune-interval\=86400 -fmodules-prune-after\=345600 -fbuild-session-file\=/Users/runner/Library/Developer/Xcode/DerivedData/ModuleCache.noindex/Session.modulevalidation -fmodules-validate-once-per-build-session -Wnon-modular-include-in-framework-module -Werror\=non-modular-include-in-framework-module -Wno-trigraphs -Wno-missing-field-initializers -Wno-missing-prototypes -Wno-return-type -Wno-non-virtual-dtor -Wno-overloaded-virtual -Wno-exit-time-destructors -Wno-missing-braces -Wparentheses -Wswitch -Wno-unused-function -Wno-unused-label -Wno-unused-parameter -Wno-unused-variable -Wunused-value -Wno-empty-body -Wno-uninitialized -Wno-unknown-pragmas -w -Wno-shadow -Wno-four-char-constants -Wno-conversion -Wno-constant-conversion -Wno-int-conversion -Wno-bool-conversion -Wno-enum-conversion -Wno-float-conversion -Wno-non-literal-null-conversion -Wno-objc-literal-conversion -Wshorten-64-to-32 -Wno-newline-eof -Wno-c++11-extensions -Wno-implicit-fallthrough -fstrict-aliasing -Wdeprecated-declarations -Winvalid-offsetof -Wno-sign-conversion -Wno-infinite-recursion -Wno-move -Wno-comma -Wno-block-capture-autoreleasing -Wno-strict-prototypes -Wno-range-loop-analysis -Wno-semicolon-before-method-body -index-store-path /Users/runner/Library/Developer/Xcode/DerivedData/ChessScanner-euukheddappmemcngwqshzhuduna/Index.noindex/DataStore @/Users/runner/Library/Developer/Xcode/DerivedData/ChessScanner-euukheddappmemcngwqshzhuduna/Build/Intermediates.noindex/ChessKitEngine.build/Debug-iphonesimulator/ChessKitEngineCore.build/Objects-normal/arm64/82b82416624d2658e5098eb0a28c15c5-common-args.resp -MMD -MT dependencies -MF /Users/runner/Library/Developer/Xcode/DerivedData/ChessScanner-euukheddappmemcngwqshzhuduna/Build/Intermediates.noindex/ChessKitEngine.build/Debug-iphonesimulator/ChessKitEngineCore.build/Objects-normal/arm64/engine-c4ca408d820cc7f09947ec88ebae0612.d --serialize-diagnostics /Users/runner/Library/Developer/Xcode/DerivedData/ChessScanner-euukheddappmemcngwqshzhuduna/Build/Intermediates.noindex/ChessKitEngine.build/Debug-iphonesimulator/ChessKitEngineCore.build/Objects-normal/arm64/engine-c4ca408d820cc7f09947ec88ebae0612.dia -c /Users/runner/Library/Developer/Xcode/DerivedData/ChessScanner-euukheddappmemcngwqshzhuduna/SourcePackages/checkouts/chesskit-engine/Sources/ChessKitEngineCore/Engines/Stockfish/src/engine.cpp -o /Users/runner/Library/Developer/Xcode/DerivedData/ChessScanner-euukheddappmemcngwqshzhuduna/Build/Intermediates.noindex/ChessKitEngine.build/Debug-iphonesimulator/ChessKitEngineCore.build/Objects-normal/arm64/engine-c4ca408d820cc7f09947ec88ebae0612.o -index-unit-output-path /ChessKitEngine.build/Debug-iphonesimulator/ChessKitEngineCore.build/Objects-normal/arm64/engine-c4ca408d820cc7f09947ec88ebae0612.o

CompileC /Users/runner/Library/Developer/Xcode/DerivedData/ChessScanner-euukheddappmemcngwqshzhuduna/Build/Intermediates.noindex/ChessKitEngine.build/Debug-iphonesimulator/ChessKitEngineCore.build/Objects-normal/arm64/engine-50933f5c1a94286e98edf47577beb9d0.o /Users/runner/Library/Developer/Xcode/DerivedData/ChessScanner-euukheddappmemcngwqshzhuduna/SourcePackages/checkouts/chesskit-engine/Sources/ChessKitEngineCore/Engines/lc0/src/engine.cc normal arm64 c++ com.apple.compilers.llvm.clang.1_0.compiler (in target 'ChessKitEngineCore' from project 'ChessKitEngine')
    cd /Users/runner/work/chess-scanner-app/chess-scanner-app/ChessScanner.xcodeproj
    
    Using response file: /Users/runner/Library/Developer/Xcode/DerivedData/ChessScanner-euukheddappmemcngwqshzhuduna/Build/Intermediates.noindex/ChessKitEngine.build/Debug-iphonesimulator/ChessKitEngineCore.build/Objects-normal/arm64/82b82416624d2658e5098eb0a28c15c5-common-args.resp
    
    /Applications/Xcode_26.3.app/Contents/Developer/Toolchains/XcodeDefault.xctoolchain/usr/bin/clang -x c++ -ivfsstatcache /Users/runner/Library/Developer/Xcode/DerivedData/SDKStatCaches.noindex/iphonesimulator26.2-23C57-dc75598d0054f22ec865fa860f139d72e244bd9a5feaf902f95f61bf06266e52.sdkstatcache -fmessage-length\=0 -fdiagnostics-show-note-include-stack -fmacro-backtrace-limit\=0 -fno-color-diagnostics -fmodules-prune-interval\=86400 -fmodules-prune-after\=345600 -fbuild-session-file\=/Users/runner/Library/Developer/Xcode/DerivedData/ModuleCache.noindex/Session.modulevalidation -fmodules-validate-once-per-build-session -Wnon-modular-include-in-framework-module -Werror\=non-modular-include-in-framework-module -Wno-trigraphs -Wno-missing-field-initializers -Wno-missing-prototypes -Wno-return-type -Wno-non-virtual-dtor -Wno-overloaded-virtual -Wno-exit-time-destructors -Wno-missing-braces -Wparentheses -Wswitch -Wno-unused-function -Wno-unused-label -Wno-unused-parameter -Wno-unused-variable -Wunused-value -Wno-empty-body -Wno-uninitialized -Wno-unknown-pragmas -w -Wno-shadow -Wno-four-char-constants -Wno-conversion -Wno-constant-conversion -Wno-int-conversion -Wno-bool-conversion -Wno-enum-conversion -Wno-float-conversion -Wno-non-literal-null-conversion -Wno-objc-literal-conversion -Wshorten-64-to-32 -Wno-newline-eof -Wno-c++11-extensions -Wno-implicit-fallthrough -fstrict-aliasing -Wdeprecated-declarations -Winvalid-offsetof -Wno-sign-conversion -Wno-infinite-recursion -Wno-move -Wno-comma -Wno-block-capture-autoreleasing -Wno-strict-prototypes -Wno-range-loop-analysis -Wno-semicolon-before-method-body -index-store-path /Users/runner/Library/Developer/Xcode/DerivedData/ChessScanner-euukheddappmemcngwqshzhuduna/Index.noindex/DataStore @/Users/runner/Library/Developer/Xcode/DerivedData/ChessScanner-euukheddappmemcngwqshzhuduna/Build/Intermediates.noindex/ChessKitEngine.build/Debug-iphonesimulator/ChessKitEngineCore.build/Objects-normal/arm64/82b82416624d2658e5098eb0a28c15c5-common-args.resp -MMD -MT dependencies -MF /Users/runner/Library/Developer/Xcode/DerivedData/ChessScanner-euukheddappmemcngwqshzhuduna/Build/Intermediates.noindex/ChessKitEngine.build/Debug-iphonesimulator/ChessKitEngineCore.build/Objects-normal/arm64/engine-50933f5c1a94286e98edf47577beb9d0.d --serialize-diagnostics /Users/runner/Library/Developer/Xcode/DerivedData/ChessScanner-euukheddappmemcngwqshzhuduna/Build/Intermediates.noindex/ChessKitEngine.build/Debug-iphonesimulator/ChessKitEngineCore.build/Objects-normal/arm64/engine-50933f5c1a94286e98edf47577beb9d0.dia -c /Users/runner/Library/Developer/Xcode/DerivedData/ChessScanner-euukheddappmemcngwqshzhuduna/SourcePackages/checkouts/chesskit-engine/Sources/ChessKitEngineCore/Engines/lc0/src/engine.cc -o /Users/runner/Library/Developer/Xcode/DerivedData/ChessScanner-euukheddappmemcngwqshzhuduna/Build/Intermediates.noindex/ChessKitEngine.build/Debug-iphonesimulator/ChessKitEngineCore.build/Objects-normal/arm64/engine-50933f5c1a94286e98edf47577beb9d0.o -index-unit-output-path /ChessKitEngine.build/Debug-iphonesimulator/ChessKitEngineCore.build/Objects-normal/arm64/engine-50933f5c1a94286e98edf47577beb9d0.o

CompileC /Users/runner/Library/Developer/Xcode/DerivedData/ChessScanner-euukheddappmemcngwqshzhuduna/Build/Intermediates.noindex/ChessKitEngine.build/Debug-iphonesimulator/ChessKitEngineCore.build/Objects-normal/arm64/encoder.o /Users/runner/Library/Developer/Xcode/DerivedData/ChessScanner-euukheddappmemcngwqshzhuduna/SourcePackages/checkouts/chesskit-engine/Sources/ChessKitEngineCore/Engines/lc0/src/neural/encoder.cc normal arm64 c++ com.apple.compilers.llvm.clang.1_0.compiler (in target 'ChessKitEngineCore' from project 'ChessKitEngine')
    cd /Users/runner/work/chess-scanner-app/chess-scanner-app/ChessScanner.xcodeproj
    
    Using response file: /Users/runner/Library/Developer/Xcode/DerivedData/ChessScanner-euukheddappmemcngwqshzhuduna/Build/Intermediates.noindex/ChessKitEngine.build/Debug-iphonesimulator/ChessKitEngineCore.build/Objects-normal/arm64/82b82416624d2658e5098eb0a28c15c5-common-args.resp
    
    /Applications/Xcode_26.3.app/Contents/Developer/Toolchains/XcodeDefault.xctoolchain/usr/bin/clang -x c++ -ivfsstatcache /Users/runner/Library/Developer/Xcode/DerivedData/SDKStatCaches.noindex/iphonesimulator26.2-23C57-dc75598d0054f22ec865fa860f139d72e244bd9a5feaf902f95f61bf06266e52.sdkstatcache -fmessage-length\=0 -fdiagnostics-show-note-include-stack -fmacro-backtrace-limit\=0 -fno-color-diagnostics -fmodules-prune-interval\=86400 -fmodules-prune-after\=345600 -fbuild-session-file\=/Users/runner/Library/Developer/Xcode/DerivedData/ModuleCache.noindex/Session.modulevalidation -fmodules-validate-once-per-build-session -Wnon-modular-include-in-framework-module -Werror\=non-modular-include-in-framework-module -Wno-trigraphs -Wno-missing-field-initializers -Wno-missing-prototypes -Wno-return-type -Wno-non-virtual-dtor -Wno-overloaded-virtual -Wno-exit-time-destructors -Wno-missing-braces -Wparentheses -Wswitch -Wno-unused-function -Wno-unused-label -Wno-unused-parameter -Wno-unused-variable -Wunused-value -Wno-empty-body -Wno-uninitialized -Wno-unknown-pragmas -w -Wno-shadow -Wno-four-char-constants -Wno-conversion -Wno-constant-conversion -Wno-int-conversion -Wno-bool-conversion -Wno-enum-conversion -Wno-float-conversion -Wno-non-literal-null-conversion -Wno-objc-literal-conversion -Wshorten-64-to-32 -Wno-newline-eof -Wno-c++11-extensions -Wno-implicit-fallthrough -fstrict-aliasing -Wdeprecated-declarations -Winvalid-offsetof -Wno-sign-conversion -Wno-infinite-recursion -Wno-move -Wno-comma -Wno-block-capture-autoreleasing -Wno-strict-prototypes -Wno-range-loop-analysis -Wno-semicolon-before-method-body -index-store-path /Users/runner/Library/Developer/Xcode/DerivedData/ChessScanner-euukheddappmemcngwqshzhuduna/Index.noindex/DataStore @/Users/runner/Library/Developer/Xcode/DerivedData/ChessScanner-euukheddappmemcngwqshzhuduna/Build/Intermediates.noindex/ChessKitEngine.build/Debug-iphonesimulator/ChessKitEngineCore.build/Objects-normal/arm64/82b82416624d2658e5098eb0a28c15c5-common-args.resp -MMD -MT dependencies -MF /Users/runner/Library/Developer/Xcode/DerivedData/ChessScanner-euukheddappmemcngwqshzhuduna/Build/Intermediates.noindex/ChessKitEngine.build/Debug-iphonesimulator/ChessKitEngineCore.build/Objects-normal/arm64/encoder.d --serialize-diagnostics /Users/runner/Library/Developer/Xcode/DerivedData/ChessScanner-euukheddappmemcngwqshzhuduna/Build/Intermediates.noindex/ChessKitEngine.build/Debug-iphonesimulator/ChessKitEngineCore.build/Objects-normal/arm64/encoder.dia -c /Users/runner/Library/Developer/Xcode/DerivedData/ChessScanner-euukheddappmemcngwqshzhuduna/SourcePackages/checkouts/chesskit-engine/Sources/ChessKitEngineCore/Engines/lc0/src/neural/encoder.cc -o /Users/runner/Library/Developer/Xcode/DerivedData/ChessScanner-euukheddappmemcngwqshzhuduna/Build/Intermediates.noindex/ChessKitEngine.build/Debug-iphonesimulator/ChessKitEngineCore.build/Objects-normal/arm64/encoder.o -index-unit-output-path /ChessKitEngine.build/Debug-iphonesimulator/ChessKitEngineCore.build/Objects-normal/arm64/encoder.o

CompileC /Users/runner/Library/Developer/Xcode/DerivedData/ChessScanner-euukheddappmemcngwqshzhuduna/Build/Intermediates.noindex/ChessKitEngine.build/Debug-iphonesimulator/ChessKitEngineCore.build/Objects-normal/arm64/decoder.o /Users/runner/Library/Developer/Xcode/DerivedData/ChessScanner-euukheddappmemcngwqshzhuduna/SourcePackages/checkouts/chesskit-engine/Sources/ChessKitEngineCore/Engines/lc0/src/neural/decoder.cc normal arm64 c++ com.apple.compilers.llvm.clang.1_0.compiler (in target 'ChessKitEngineCore' from project 'ChessKitEngine')
    cd /Users/runner/work/chess-scanner-app/chess-scanner-app/ChessScanner.xcodeproj
    
    Using response file: /Users/runner/Library/Developer/Xcode/DerivedData/ChessScanner-euukheddappmemcngwqshzhuduna/Build/Intermediates.noindex/ChessKitEngine.build/Debug-iphonesimulator/ChessKitEngineCore.build/Objects-normal/arm64/82b82416624d2658e5098eb0a28c15c5-common-args.resp
    
    /Applications/Xcode_26.3.app/Contents/Developer/Toolchains/XcodeDefault.xctoolchain/usr/bin/clang -x c++ -ivfsstatcache /Users/runner/Library/Developer/Xcode/DerivedData/SDKStatCaches.noindex/iphonesimulator26.2-23C57-dc75598d0054f22ec865fa860f139d72e244bd9a5feaf902f95f61bf06266e52.sdkstatcache -fmessage-length\=0 -fdiagnostics-show-note-include-stack -fmacro-backtrace-limit\=0 -fno-color-diagnostics -fmodules-prune-interval\=86400 -fmodules-prune-after\=345600 -fbuild-session-file\=/Users/runner/Library/Developer/Xcode/DerivedData/ModuleCache.noindex/Session.modulevalidation -fmodules-validate-once-per-build-session -Wnon-modular-include-in-framework-module -Werror\=non-modular-include-in-framework-module -Wno-trigraphs -Wno-missing-field-initializers -Wno-missing-prototypes -Wno-return-type -Wno-non-virtual-dtor -Wno-overloaded-virtual -Wno-exit-time-destructors -Wno-missing-braces -Wparentheses -Wswitch -Wno-unused-function -Wno-unused-label -Wno-unused-parameter -Wno-unused-variable -Wunused-value -Wno-empty-body -Wno-uninitialized -Wno-unknown-pragmas -w -Wno-shadow -Wno-four-char-constants -Wno-conversion -Wno-constant-conversion -Wno-int-conversion -Wno-bool-conversion -Wno-enum-conversion -Wno-float-conversion -Wno-non-literal-null-conversion -Wno-objc-literal-conversion -Wshorten-64-to-32 -Wno-newline-eof -Wno-c++11-extensions -Wno-implicit-fallthrough -fstrict-aliasing -Wdeprecated-declarations -Winvalid-offsetof -Wno-sign-conversion -Wno-infinite-recursion -Wno-move -Wno-comma -Wno-block-capture-autoreleasing -Wno-strict-prototypes -Wno-range-loop-analysis -Wno-semicolon-before-method-body -index-store-path /Users/runner/Library/Developer/Xcode/DerivedData/ChessScanner-euukheddappmemcngwqshzhuduna/Index.noindex/DataStore @/Users/runner/Library/Developer/Xcode/DerivedData/ChessScanner-euukheddappmemcngwqshzhuduna/Build/Intermediates.noindex/ChessKitEngine.build/Debug-iphonesimulator/ChessKitEngineCore.build/Objects-normal/arm64/82b82416624d2658e5098eb0a28c15c5-common-args.resp -MMD -MT dependencies -MF /Users/runner/Library/Developer/Xcode/DerivedData/ChessScanner-euukheddappmemcngwqshzhuduna/Build/Intermediates.noindex/ChessKitEngine.build/Debug-iphonesimulator/ChessKitEngineCore.build/Objects-normal/arm64/decoder.d --serialize-diagnostics /Users/runner/Library/Developer/Xcode/DerivedData/ChessScanner-euukheddappmemcngwqshzhuduna/Build/Intermediates.noindex/ChessKitEngine.build/Debug-iphonesimulator/ChessKitEngineCore.build/Objects-normal/arm64/decoder.dia -c /Users/runner/Library/Developer/Xcode/DerivedData/ChessScanner-euukheddappmemcngwqshzhuduna/SourcePackages/checkouts/chesskit-engine/Sources/ChessKitEngineCore/Engines/lc0/src/neural/decoder.cc -o /Users/runner/Library/Developer/Xcode/DerivedData/ChessScanner-euukheddappmemcngwqshzhuduna/Build/Intermediates.noindex/ChessKitEngine.build/Debug-iphonesimulator/ChessKitEngineCore.build/Objects-normal/arm64/decoder.o -index-unit-output-path /ChessKitEngine.build/Debug-iphonesimulator/ChessKitEngineCore.build/Objects-normal/arm64/decoder.o

CompileC /Users/runner/Library/Developer/Xcode/DerivedData/ChessScanner-euukheddappmemcngwqshzhuduna/Build/Intermediates.noindex/ChessKitEngine.build/Debug-iphonesimulator/ChessKitEngineCore.build/Objects-normal/arm64/convolution1.o /Users/runner/Library/Developer/Xcode/DerivedData/ChessScanner-euukheddappmemcngwqshzhuduna/SourcePackages/checkouts/chesskit-engine/Sources/ChessKitEngineCore/Engines/lc0/src/neural/blas/convolution1.cc normal arm64 c++ com.apple.compilers.llvm.clang.1_0.compiler (in target 'ChessKitEngineCore' from project 'ChessKitEngine')
    cd /Users/runner/work/chess-scanner-app/chess-scanner-app/ChessScanner.xcodeproj
    
    Using response file: /Users/runner/Library/Developer/Xcode/DerivedData/ChessScanner-euukheddappmemcngwqshzhuduna/Build/Intermediates.noindex/ChessKitEngine.build/Debug-iphonesimulator/ChessKitEngineCore.build/Objects-normal/arm64/82b82416624d2658e5098eb0a28c15c5-common-args.resp
    
    /Applications/Xcode_26.3.app/Contents/Developer/Toolchains/XcodeDefault.xctoolchain/usr/bin/clang -x c++ -ivfsstatcache /Users/runner/Library/Developer/Xcode/DerivedData/SDKStatCaches.noindex/iphonesimulator26.2-23C57-dc75598d0054f22ec865fa860f139d72e244bd9a5feaf902f95f61bf06266e52.sdkstatcache -fmessage-length\=0 -fdiagnostics-show-note-include-stack -fmacro-backtrace-limit\=0 -fno-color-diagnostics -fmodules-prune-interval\=86400 -fmodules-prune-after\=345600 -fbuild-session-file\=/Users/runner/Library/Developer/Xcode/DerivedData/ModuleCache.noindex/Session.modulevalidation -fmodules-validate-once-per-build-session -Wnon-modular-include-in-framework-module -Werror\=non-modular-include-in-framework-module -Wno-trigraphs -Wno-missing-field-initializers -Wno-missing-prototypes -Wno-return-type -Wno-non-virtual-dtor -Wno-overloaded-virtual -Wno-exit-time-destructors -Wno-missing-braces -Wparentheses -Wswitch -Wno-unused-function -Wno-unused-label -Wno-unused-parameter -Wno-unused-variable -Wunused-value -Wno-empty-body -Wno-uninitialized -Wno-unknown-pragmas -w -Wno-shadow -Wno-four-char-constants -Wno-conversion -Wno-constant-conversion -Wno-int-conversion -Wno-bool-conversion -Wno-enum-conversion -Wno-float-conversion -Wno-non-literal-null-conversion -Wno-objc-literal-conversion -Wshorten-64-to-32 -Wno-newline-eof -Wno-c++11-extensions -Wno-implicit-fallthrough -fstrict-aliasing -Wdeprecated-declarations -Winvalid-offsetof -Wno-sign-conversion -Wno-infinite-recursion -Wno-move -Wno-comma -Wno-block-capture-autoreleasing -Wno-strict-prototypes -Wno-range-loop-analysis -Wno-semicolon-before-method-body -index-store-path /Users/runner/Library/Developer/Xcode/DerivedData/ChessScanner-euukheddappmemcngwqshzhuduna/Index.noindex/DataStore @/Users/runner/Library/Developer/Xcode/DerivedData/ChessScanner-euukheddappmemcngwqshzhuduna/Build/Intermediates.noindex/ChessKitEngine.build/Debug-iphonesimulator/ChessKitEngineCore.build/Objects-normal/arm64/82b82416624d2658e5098eb0a28c15c5-common-args.resp -MMD -MT dependencies -MF /Users/runner/Library/Developer/Xcode/DerivedData/ChessScanner-euukheddappmemcngwqshzhuduna/Build/Intermediates.noindex/ChessKitEngine.build/Debug-iphonesimulator/ChessKitEngineCore.build/Objects-normal/arm64/convolution1.d --serialize-diagnostics /Users/runner/Library/Developer/Xcode/DerivedData/ChessScanner-euukheddappmemcngwqshzhuduna/Build/Intermediates.noindex/ChessKitEngine.build/Debug-iphonesimulator/ChessKitEngineCore.build/Objects-normal/arm64/convolution1.dia -c /Users/runner/Library/Developer/Xcode/DerivedData/ChessScanner-euukheddappmemcngwqshzhuduna/SourcePackages/checkouts/chesskit-engine/Sources/ChessKitEngineCore/Engines/lc0/src/neural/blas/convolution1.cc -o /Users/runner/Library/Developer/Xcode/DerivedData/ChessScanner-euukheddappmemcngwqshzhuduna/Build/Intermediates.noindex/ChessKitEngine.build/Debug-iphonesimulator/ChessKitEngineCore.build/Objects-normal/arm64/convolution1.o -index-unit-output-path /ChessKitEngine.build/Debug-iphonesimulator/ChessKitEngineCore.build/Objects-normal/arm64/convolution1.o

CompileC /Users/runner/Library/Developer/Xcode/DerivedData/ChessScanner-euukheddappmemcngwqshzhuduna/Build/Intermediates.noindex/ChessKitEngine.build/Debug-iphonesimulator/ChessKitEngineCore.build/Objects-normal/arm64/configfile.o /Users/runner/Library/Developer/Xcode/DerivedData/ChessScanner-euukheddappmemcngwqshzhuduna/SourcePackages/checkouts/chesskit-engine/Sources/ChessKitEngineCore/Engines/lc0/src/utils/configfile.cc normal arm64 c++ com.apple.compilers.llvm.clang.1_0.compiler (in target 'ChessKitEngineCore' from project 'ChessKitEngine')
    cd /Users/runner/work/chess-scanner-app/chess-scanner-app/ChessScanner.xcodeproj
    
    Using response file: /Users/runner/Library/Developer/Xcode/DerivedData/ChessScanner-euukheddappmemcngwqshzhuduna/Build/Intermediates.noindex/ChessKitEngine.build/Debug-iphonesimulator/ChessKitEngineCore.build/Objects-normal/arm64/82b82416624d2658e5098eb0a28c15c5-common-args.resp
    
    /Applications/Xcode_26.3.app/Contents/Developer/Toolchains/XcodeDefault.xctoolchain/usr/bin/clang -x c++ -ivfsstatcache /Users/runner/Library/Developer/Xcode/DerivedData/SDKStatCaches.noindex/iphonesimulator26.2-23C57-dc75598d0054f22ec865fa860f139d72e244bd9a5feaf902f95f61bf06266e52.sdkstatcache -fmessage-length\=0 -fdiagnostics-show-note-include-stack -fmacro-backtrace-limit\=0 -fno-color-diagnostics -fmodules-prune-interval\=86400 -fmodules-prune-after\=345600 -fbuild-session-file\=/Users/runner/Library/Developer/Xcode/DerivedData/ModuleCache.noindex/Session.modulevalidation -fmodules-validate-once-per-build-session -Wnon-modular-include-in-framework-module -Werror\=non-modular-include-in-framework-module -Wno-trigraphs -Wno-missing-field-initializers -Wno-missing-prototypes -Wno-return-type -Wno-non-virtual-dtor -Wno-overloaded-virtual -Wno-exit-time-destructors -Wno-missing-braces -Wparentheses -Wswitch -Wno-unused-function -Wno-unused-label -Wno-unused-parameter -Wno-unused-variable -Wunused-value -Wno-empty-body -Wno-uninitialized -Wno-unknown-pragmas -w -Wno-shadow -Wno-four-char-constants -Wno-conversion -Wno-constant-conversion -Wno-int-conversion -Wno-bool-conversion -Wno-enum-conversion -Wno-float-conversion -Wno-non-literal-null-conversion -Wno-objc-literal-conversion -Wshorten-64-to-32 -Wno-newline-eof -Wno-c++11-extensions -Wno-implicit-fallthrough -fstrict-aliasing -Wdeprecated-declarations -Winvalid-offsetof -Wno-sign-conversion -Wno-infinite-recursion -Wno-move -Wno-comma -Wno-block-capture-autoreleasing -Wno-strict-prototypes -Wno-range-loop-analysis -Wno-semicolon-before-method-body -index-store-path /Users/runner/Library/Developer/Xcode/DerivedData/ChessScanner-euukheddappmemcngwqshzhuduna/Index.noindex/DataStore @/Users/runner/Library/Developer/Xcode/DerivedData/ChessScanner-euukheddappmemcngwqshzhuduna/Build/Intermediates.noindex/ChessKitEngine.build/Debug-iphonesimulator/ChessKitEngineCore.build/Objects-normal/arm64/82b82416624d2658e5098eb0a28c15c5-common-args.resp -MMD -MT dependencies -MF /Users/runner/Library/Developer/Xcode/DerivedData/ChessScanner-euukheddappmemcngwqshzhuduna/Build/Intermediates.noindex/ChessKitEngine.build/Debug-iphonesimulator/ChessKitEngineCore.build/Objects-normal/arm64/configfile.d --serialize-diagnostics /Users/runner/Library/Developer/Xcode/DerivedData/ChessScanner-euukheddappmemcngwqshzhuduna/Build/Intermediates.noindex/ChessKitEngine.build/Debug-iphonesimulator/ChessKitEngineCore.build/Objects-normal/arm64/configfile.dia -c /Users/runner/Library/Developer/Xcode/DerivedData/ChessScanner-euukheddappmemcngwqshzhuduna/SourcePackages/checkouts/chesskit-engine/Sources/ChessKitEngineCore/Engines/lc0/src/utils/configfile.cc -o /Users/runner/Library/Developer/Xcode/DerivedData/ChessScanner-euukheddappmemcngwqshzhuduna/Build/Intermediates.noindex/ChessKitEngine.build/Debug-iphonesimulator/ChessKitEngineCore.build/Objects-normal/arm64/configfile.o -index-unit-output-path /ChessKitEngine.build/Debug-iphonesimulator/ChessKitEngineCore.build/Objects-normal/arm64/configfile.o

CompileC /Users/runner/Library/Developer/Xcode/DerivedData/ChessScanner-euukheddappmemcngwqshzhuduna/Build/Intermediates.noindex/ChessKitEngine.build/Debug-iphonesimulator/ChessKitEngineCore.build/Objects-normal/arm64/common.o /Users/runner/Library/Developer/Xcode/DerivedData/ChessScanner-euukheddappmemcngwqshzhuduna/SourcePackages/checkouts/chesskit-engine/Sources/ChessKitEngineCore/Engines/lc0/src/mcts/stoppers/common.cc normal arm64 c++ com.apple.compilers.llvm.clang.1_0.compiler (in target 'ChessKitEngineCore' from project 'ChessKitEngine')
    cd /Users/runner/work/chess-scanner-app/chess-scanner-app/ChessScanner.xcodeproj
    
    Using response file: /Users/runner/Library/Developer/Xcode/DerivedData/ChessScanner-euukheddappmemcngwqshzhuduna/Build/Intermediates.noindex/ChessKitEngine.build/Debug-iphonesimulator/ChessKitEngineCore.build/Objects-normal/arm64/82b82416624d2658e5098eb0a28c15c5-common-args.resp
    
    /Applications/Xcode_26.3.app/Contents/Developer/Toolchains/XcodeDefault.xctoolchain/usr/bin/clang -x c++ -ivfsstatcache /Users/runner/Library/Developer/Xcode/DerivedData/SDKStatCaches.noindex/iphonesimulator26.2-23C57-dc75598d0054f22ec865fa860f139d72e244bd9a5feaf902f95f61bf06266e52.sdkstatcache -fmessage-length\=0 -fdiagnostics-show-note-include-stack -fmacro-backtrace-limit\=0 -fno-color-diagnostics -fmodules-prune-interval\=86400 -fmodules-prune-after\=345600 -fbuild-session-file\=/Users/runner/Library/Developer/Xcode/DerivedData/ModuleCache.noindex/Session.modulevalidation -fmodules-validate-once-per-build-session -Wnon-modular-include-in-framework-module -Werror\=non-modular-include-in-framework-module -Wno-trigraphs -Wno-missing-field-initializers -Wno-missing-prototypes -Wno-return-type -Wno-non-virtual-dtor -Wno-overloaded-virtual -Wno-exit-time-destructors -Wno-missing-braces -Wparentheses -Wswitch -Wno-unused-function -Wno-unused-label -Wno-unused-parameter -Wno-unused-variable -Wunused-value -Wno-empty-body -Wno-uninitialized -Wno-unknown-pragmas -w -Wno-shadow -Wno-four-char-constants -Wno-conversion -Wno-constant-conversion -Wno-int-conversion -Wno-bool-conversion -Wno-enum-conversion -Wno-float-conversion -Wno-non-literal-null-conversion -Wno-objc-literal-conversion -Wshorten-64-to-32 -Wno-newline-eof -Wno-c++11-extensions -Wno-implicit-fallthrough -fstrict-aliasing -Wdeprecated-declarations -Winvalid-offsetof -Wno-sign-conversion -Wno-infinite-recursion -Wno-move -Wno-comma -Wno-block-capture-autoreleasing -Wno-strict-prototypes -Wno-range-loop-analysis -Wno-semicolon-before-method-body -index-store-path /Users/runner/Library/Developer/Xcode/DerivedData/ChessScanner-euukheddappmemcngwqshzhuduna/Index.noindex/DataStore @/Users/runner/Library/Developer/Xcode/DerivedData/ChessScanner-euukheddappmemcngwqshzhuduna/Build/Intermediates.noindex/ChessKitEngine.build/Debug-iphonesimulator/ChessKitEngineCore.build/Objects-normal/arm64/82b82416624d2658e5098eb0a28c15c5-common-args.resp -MMD -MT dependencies -MF /Users/runner/Library/Developer/Xcode/DerivedData/ChessScanner-euukheddappmemcngwqshzhuduna/Build/Intermediates.noindex/ChessKitEngine.build/Debug-iphonesimulator/ChessKitEngineCore.build/Objects-normal/arm64/common.d --serialize-diagnostics /Users/runner/Library/Developer/Xcode/DerivedData/ChessScanner-euukheddappmemcngwqshzhuduna/Build/Intermediates.noindex/ChessKitEngine.build/Debug-iphonesimulator/ChessKitEngineCore.build/Objects-normal/arm64/common.dia -c /Users/runner/Library/Developer/Xcode/DerivedData/ChessScanner-euukheddappmemcngwqshzhuduna/SourcePackages/checkouts/chesskit-engine/Sources/ChessKitEngineCore/Engines/lc0/src/mcts/stoppers/common.cc -o /Users/runner/Library/Developer/Xcode/DerivedData/ChessScanner-euukheddappmemcngwqshzhuduna/Build/Intermediates.noindex/ChessKitEngine.build/Debug-iphonesimulator/ChessKitEngineCore.build/Objects-normal/arm64/common.o -index-unit-output-path /ChessKitEngine.build/Debug-iphonesimulator/ChessKitEngineCore.build/Objects-normal/arm64/common.o

CompileC /Users/runner/Library/Developer/Xcode/DerivedData/ChessScanner-euukheddappmemcngwqshzhuduna/Build/Intermediates.noindex/ChessKitEngine.build/Debug-iphonesimulator/ChessKitEngineCore.build/Objects-normal/arm64/commandline.o /Users/runner/Library/Developer/Xcode/DerivedData/ChessScanner-euukheddappmemcngwqshzhuduna/SourcePackages/checkouts/chesskit-engine/Sources/ChessKitEngineCore/Engines/lc0/src/utils/commandline.cc normal arm64 c++ com.apple.compilers.llvm.clang.1_0.compiler (in target 'ChessKitEngineCore' from project 'ChessKitEngine')
    cd /Users/runner/work/chess-scanner-app/chess-scanner-app/ChessScanner.xcodeproj
    
    Using response file: /Users/runner/Library/Developer/Xcode/DerivedData/ChessScanner-euukheddappmemcngwqshzhuduna/Build/Intermediates.noindex/ChessKitEngine.build/Debug-iphonesimulator/ChessKitEngineCore.build/Objects-normal/arm64/82b82416624d2658e5098eb0a28c15c5-common-args.resp
    
    /Applications/Xcode_26.3.app/Contents/Developer/Toolchains/XcodeDefault.xctoolchain/usr/bin/clang -x c++ -ivfsstatcache /Users/runner/Library/Developer/Xcode/DerivedData/SDKStatCaches.noindex/iphonesimulator26.2-23C57-dc75598d0054f22ec865fa860f139d72e244bd9a5feaf902f95f61bf06266e52.sdkstatcache -fmessage-length\=0 -fdiagnostics-show-note-include-stack -fmacro-backtrace-limit\=0 -fno-color-diagnostics -fmodules-prune-interval\=86400 -fmodules-prune-after\=345600 -fbuild-session-file\=/Users/runner/Library/Developer/Xcode/DerivedData/ModuleCache.noindex/Session.modulevalidation -fmodules-validate-once-per-build-session -Wnon-modular-include-in-framework-module -Werror\=non-modular-include-in-framework-module -Wno-trigraphs -Wno-missing-field-initializers -Wno-missing-prototypes -Wno-return-type -Wno-non-virtual-dtor -Wno-overloaded-virtual -Wno-exit-time-destructors -Wno-missing-braces -Wparentheses -Wswitch -Wno-unused-function -Wno-unused-label -Wno-unused-parameter -Wno-unused-variable -Wunused-value -Wno-empty-body -Wno-uninitialized -Wno-unknown-pragmas -w -Wno-shadow -Wno-four-char-constants -Wno-conversion -Wno-constant-conversion -Wno-int-conversion -Wno-bool-conversion -Wno-enum-conversion -Wno-float-conversion -Wno-non-literal-null-conversion -Wno-objc-literal-conversion -Wshorten-64-to-32 -Wno-newline-eof -Wno-c++11-extensions -Wno-implicit-fallthrough -fstrict-aliasing -Wdeprecated-declarations -Winvalid-offsetof -Wno-sign-conversion -Wno-infinite-recursion -Wno-move -Wno-comma -Wno-block-capture-autoreleasing -Wno-strict-prototypes -Wno-range-loop-analysis -Wno-semicolon-before-method-body -index-store-path /Users/runner/Library/Developer/Xcode/DerivedData/ChessScanner-euukheddappmemcngwqshzhuduna/Index.noindex/DataStore @/Users/runner/Library/Developer/Xcode/DerivedData/ChessScanner-euukheddappmemcngwqshzhuduna/Build/Intermediates.noindex/ChessKitEngine.build/Debug-iphonesimulator/ChessKitEngineCore.build/Objects-normal/arm64/82b82416624d2658e5098eb0a28c15c5-common-args.resp -MMD -MT dependencies -MF /Users/runner/Library/Developer/Xcode/DerivedData/ChessScanner-euukheddappmemcngwqshzhuduna/Build/Intermediates.noindex/ChessKitEngine.build/Debug-iphonesimulator/ChessKitEngineCore.build/Objects-normal/arm64/commandline.d --serialize-diagnostics /Users/runner/Library/Developer/Xcode/DerivedData/ChessScanner-euukheddappmemcngwqshzhuduna/Build/Intermediates.noindex/ChessKitEngine.build/Debug-iphonesimulator/ChessKitEngineCore.build/Objects-normal/arm64/commandline.dia -c /Users/runner/Library/Developer/Xcode/DerivedData/ChessScanner-euukheddappmemcngwqshzhuduna/SourcePackages/checkouts/chesskit-engine/Sources/ChessKitEngineCore/Engines/lc0/src/utils/commandline.cc -o /Users/runner/Library/Developer/Xcode/DerivedData/ChessScanner-euukheddappmemcngwqshzhuduna/Build/Intermediates.noindex/ChessKitEngine.build/Debug-iphonesimulator/ChessKitEngineCore.build/Objects-normal/arm64/commandline.o -index-unit-output-path /ChessKitEngine.build/Debug-iphonesimulator/ChessKitEngineCore.build/Objects-normal/arm64/commandline.o

CompileC /Users/runner/Library/Developer/Xcode/DerivedData/ChessScanner-euukheddappmemcngwqshzhuduna/Build/Intermediates.noindex/ChessKitEngine.build/Debug-iphonesimulator/ChessKitEngineCore.build/Objects-normal/arm64/cache.o /Users/runner/Library/Developer/Xcode/DerivedData/ChessScanner-euukheddappmemcngwqshzhuduna/SourcePackages/checkouts/chesskit-engine/Sources/ChessKitEngineCore/Engines/lc0/src/neural/cache.cc normal arm64 c++ com.apple.compilers.llvm.clang.1_0.compiler (in target 'ChessKitEngineCore' from project 'ChessKitEngine')
    cd /Users/runner/work/chess-scanner-app/chess-scanner-app/ChessScanner.xcodeproj
    
    Using response file: /Users/runner/Library/Developer/Xcode/DerivedData/ChessScanner-euukheddappmemcngwqshzhuduna/Build/Intermediates.noindex/ChessKitEngine.build/Debug-iphonesimulator/ChessKitEngineCore.build/Objects-normal/arm64/82b82416624d2658e5098eb0a28c15c5-common-args.resp
    
    /Applications/Xcode_26.3.app/Contents/Developer/Toolchains/XcodeDefault.xctoolchain/usr/bin/clang -x c++ -ivfsstatcache /Users/runner/Library/Developer/Xcode/DerivedData/SDKStatCaches.noindex/iphonesimulator26.2-23C57-dc75598d0054f22ec865fa860f139d72e244bd9a5feaf902f95f61bf06266e52.sdkstatcache -fmessage-length\=0 -fdiagnostics-show-note-include-stack -fmacro-backtrace-limit\=0 -fno-color-diagnostics -fmodules-prune-interval\=86400 -fmodules-prune-after\=345600 -fbuild-session-file\=/Users/runner/Library/Developer/Xcode/DerivedData/ModuleCache.noindex/Session.modulevalidation -fmodules-validate-once-per-build-session -Wnon-modular-include-in-framework-module -Werror\=non-modular-include-in-framework-module -Wno-trigraphs -Wno-missing-field-initializers -Wno-missing-prototypes -Wno-return-type -Wno-non-virtual-dtor -Wno-overloaded-virtual -Wno-exit-time-destructors -Wno-missing-braces -Wparentheses -Wswitch -Wno-unused-function -Wno-unused-label -Wno-unused-parameter -Wno-unused-variable -Wunused-value -Wno-empty-body -Wno-uninitialized -Wno-unknown-pragmas -w -Wno-shadow -Wno-four-char-constants -Wno-conversion -Wno-constant-conversion -Wno-int-conversion -Wno-bool-conversion -Wno-enum-conversion -Wno-float-conversion -Wno-non-literal-null-conversion -Wno-objc-literal-conversion -Wshorten-64-to-32 -Wno-newline-eof -Wno-c++11-extensions -Wno-implicit-fallthrough -fstrict-aliasing -Wdeprecated-declarations -Winvalid-offsetof -Wno-sign-conversion -Wno-infinite-recursion -Wno-move -Wno-comma -Wno-block-capture-autoreleasing -Wno-strict-prototypes -Wno-range-loop-analysis -Wno-semicolon-before-method-body -index-store-path /Users/runner/Library/Developer/Xcode/DerivedData/ChessScanner-euukheddappmemcngwqshzhuduna/Index.noindex/DataStore @/Users/runner/Library/Developer/Xcode/DerivedData/ChessScanner-euukheddappmemcngwqshzhuduna/Build/Intermediates.noindex/ChessKitEngine.build/Debug-iphonesimulator/ChessKitEngineCore.build/Objects-normal/arm64/82b82416624d2658e5098eb0a28c15c5-common-args.resp -MMD -MT dependencies -MF /Users/runner/Library/Developer/Xcode/DerivedData/ChessScanner-euukheddappmemcngwqshzhuduna/Build/Intermediates.noindex/ChessKitEngine.build/Debug-iphonesimulator/ChessKitEngineCore.build/Objects-normal/arm64/cache.d --serialize-diagnostics /Users/runner/Library/Developer/Xcode/DerivedData/ChessScanner-euukheddappmemcngwqshzhuduna/Build/Intermediates.noindex/ChessKitEngine.build/Debug-iphonesimulator/ChessKitEngineCore.build/Objects-normal/arm64/cache.dia -c /Users/runner/Library/Developer/Xcode/DerivedData/ChessScanner-euukheddappmemcngwqshzhuduna/SourcePackages/checkouts/chesskit-engine/Sources/ChessKitEngineCore/Engines/lc0/src/neural/cache.cc -o /Users/runner/Library/Developer/Xcode/DerivedData/ChessScanner-euukheddappmemcngwqshzhuduna/Build/Intermediates.noindex/ChessKitEngine.build/Debug-iphonesimulator/ChessKitEngineCore.build/Objects-normal/arm64/cache.o -index-unit-output-path /ChessKitEngine.build/Debug-iphonesimulator/ChessKitEngineCore.build/Objects-normal/arm64/cache.o

CompileC /Users/runner/Library/Developer/Xcode/DerivedData/ChessScanner-euukheddappmemcngwqshzhuduna/Build/Intermediates.noindex/ChessKitEngine.build/Debug-iphonesimulator/ChessKitEngineCore.build/Objects-normal/arm64/board.o /Users/runner/Library/Developer/Xcode/DerivedData/ChessScanner-euukheddappmemcngwqshzhuduna/SourcePackages/checkouts/chesskit-engine/Sources/ChessKitEngineCore/Engines/lc0/src/chess/board.cc normal arm64 c++ com.apple.compilers.llvm.clang.1_0.compiler (in target 'ChessKitEngineCore' from project 'ChessKitEngine')
    cd /Users/runner/work/chess-scanner-app/chess-scanner-app/ChessScanner.xcodeproj
    
    Using response file: /Users/runner/Library/Developer/Xcode/DerivedData/ChessScanner-euukheddappmemcngwqshzhuduna/Build/Intermediates.noindex/ChessKitEngine.build/Debug-iphonesimulator/ChessKitEngineCore.build/Objects-normal/arm64/82b82416624d2658e5098eb0a28c15c5-common-args.resp
    
    /Applications/Xcode_26.3.app/Contents/Developer/Toolchains/XcodeDefault.xctoolchain/usr/bin/clang -x c++ -ivfsstatcache /Users/runner/Library/Developer/Xcode/DerivedData/SDKStatCaches.noindex/iphonesimulator26.2-23C57-dc75598d0054f22ec865fa860f139d72e244bd9a5feaf902f95f61bf06266e52.sdkstatcache -fmessage-length\=0 -fdiagnostics-show-note-include-stack -fmacro-backtrace-limit\=0 -fno-color-diagnostics -fmodules-prune-interval\=86400 -fmodules-prune-after\=345600 -fbuild-session-file\=/Users/runner/Library/Developer/Xcode/DerivedData/ModuleCache.noindex/Session.modulevalidation -fmodules-validate-once-per-build-session -Wnon-modular-include-in-framework-module -Werror\=non-modular-include-in-framework-module -Wno-trigraphs -Wno-missing-field-initializers -Wno-missing-prototypes -Wno-return-type -Wno-non-virtual-dtor -Wno-overloaded-virtual -Wno-exit-time-destructors -Wno-missing-braces -Wparentheses -Wswitch -Wno-unused-function -Wno-unused-label -Wno-unused-parameter -Wno-unused-variable -Wunused-value -Wno-empty-body -Wno-uninitialized -Wno-unknown-pragmas -w -Wno-shadow -Wno-four-char-constants -Wno-conversion -Wno-constant-conversion -Wno-int-conversion -Wno-bool-conversion -Wno-enum-conversion -Wno-float-conversion -Wno-non-literal-null-conversion -Wno-objc-literal-conversion -Wshorten-64-to-32 -Wno-newline-eof -Wno-c++11-extensions -Wno-implicit-fallthrough -fstrict-aliasing -Wdeprecated-declarations -Winvalid-offsetof -Wno-sign-conversion -Wno-infinite-recursion -Wno-move -Wno-comma -Wno-block-capture-autoreleasing -Wno-strict-prototypes -Wno-range-loop-analysis -Wno-semicolon-before-method-body -index-store-path /Users/runner/Library/Developer/Xcode/DerivedData/ChessScanner-euukheddappmemcngwqshzhuduna/Index.noindex/DataStore @/Users/runner/Library/Developer/Xcode/DerivedData/ChessScanner-euukheddappmemcngwqshzhuduna/Build/Intermediates.noindex/ChessKitEngine.build/Debug-iphonesimulator/ChessKitEngineCore.build/Objects-normal/arm64/82b82416624d2658e5098eb0a28c15c5-common-args.resp -MMD -MT dependencies -MF /Users/runner/Library/Developer/Xcode/DerivedData/ChessScanner-euukheddappmemcngwqshzhuduna/Build/Intermediates.noindex/ChessKitEngine.build/Debug-iphonesimulator/ChessKitEngineCore.build/Objects-normal/arm64/board.d --serialize-diagnostics /Users/runner/Library/Developer/Xcode/DerivedData/ChessScanner-euukheddappmemcngwqshzhuduna/Build/Intermediates.noindex/ChessKitEngine.build/Debug-iphonesimulator/ChessKitEngineCore.build/Objects-normal/arm64/board.dia -c /Users/runner/Library/Developer/Xcode/DerivedData/ChessScanner-euukheddappmemcngwqshzhuduna/SourcePackages/checkouts/chesskit-engine/Sources/ChessKitEngineCore/Engines/lc0/src/chess/board.cc -o /Users/runner/Library/Developer/Xcode/DerivedData/ChessScanner-euukheddappmemcngwqshzhuduna/Build/Intermediates.noindex/ChessKitEngine.build/Debug-iphonesimulator/ChessKitEngineCore.build/Objects-normal/arm64/board.o -index-unit-output-path /ChessKitEngine.build/Debug-iphonesimulator/ChessKitEngineCore.build/Objects-normal/arm64/board.o

CompileC /Users/runner/Library/Developer/Xcode/DerivedData/ChessScanner-euukheddappmemcngwqshzhuduna/Build/Intermediates.noindex/ChessKitEngine.build/Debug-iphonesimulator/ChessKitEngineCore.build/Objects-normal/arm64/bitboard-da77fd79f0224fcb816531c5f56d6f07.o /Users/runner/Library/Developer/Xcode/DerivedData/ChessScanner-euukheddappmemcngwqshzhuduna/SourcePackages/checkouts/chesskit-engine/Sources/ChessKitEngineCore/Engines/Stockfish/src/bitboard.cpp normal arm64 c++ com.apple.compilers.llvm.clang.1_0.compiler (in target 'ChessKitEngineCore' from project 'ChessKitEngine')
    cd /Users/runner/work/chess-scanner-app/chess-scanner-app/ChessScanner.xcodeproj
    
    Using response file: /Users/runner/Library/Developer/Xcode/DerivedData/ChessScanner-euukheddappmemcngwqshzhuduna/Build/Intermediates.noindex/ChessKitEngine.build/Debug-iphonesimulator/ChessKitEngineCore.build/Objects-normal/arm64/82b82416624d2658e5098eb0a28c15c5-common-args.resp
    
    /Applications/Xcode_26.3.app/Contents/Developer/Toolchains/XcodeDefault.xctoolchain/usr/bin/clang -x c++ -ivfsstatcache /Users/runner/Library/Developer/Xcode/DerivedData/SDKStatCaches.noindex/iphonesimulator26.2-23C57-dc75598d0054f22ec865fa860f139d72e244bd9a5feaf902f95f61bf06266e52.sdkstatcache -fmessage-length\=0 -fdiagnostics-show-note-include-stack -fmacro-backtrace-limit\=0 -fno-color-diagnostics -fmodules-prune-interval\=86400 -fmodules-prune-after\=345600 -fbuild-session-file\=/Users/runner/Library/Developer/Xcode/DerivedData/ModuleCache.noindex/Session.modulevalidation -fmodules-validate-once-per-build-session -Wnon-modular-include-in-framework-module -Werror\=non-modular-include-in-framework-module -Wno-trigraphs -Wno-missing-field-initializers -Wno-missing-prototypes -Wno-return-type -Wno-non-virtual-dtor -Wno-overloaded-virtual -Wno-exit-time-destructors -Wno-missing-braces -Wparentheses -Wswitch -Wno-unused-function -Wno-unused-label -Wno-unused-parameter -Wno-unused-variable -Wunused-value -Wno-empty-body -Wno-uninitialized -Wno-unknown-pragmas -w -Wno-shadow -Wno-four-char-constants -Wno-conversion -Wno-constant-conversion -Wno-int-conversion -Wno-bool-conversion -Wno-enum-conversion -Wno-float-conversion -Wno-non-literal-null-conversion -Wno-objc-literal-conversion -Wshorten-64-to-32 -Wno-newline-eof -Wno-c++11-extensions -Wno-implicit-fallthrough -fstrict-aliasing -Wdeprecated-declarations -Winvalid-offsetof -Wno-sign-conversion -Wno-infinite-recursion -Wno-move -Wno-comma -Wno-block-capture-autoreleasing -Wno-strict-prototypes -Wno-range-loop-analysis -Wno-semicolon-before-method-body -index-store-path /Users/runner/Library/Developer/Xcode/DerivedData/ChessScanner-euukheddappmemcngwqshzhuduna/Index.noindex/DataStore @/Users/runner/Library/Developer/Xcode/DerivedData/ChessScanner-euukheddappmemcngwqshzhuduna/Build/Intermediates.noindex/ChessKitEngine.build/Debug-iphonesimulator/ChessKitEngineCore.build/Objects-normal/arm64/82b82416624d2658e5098eb0a28c15c5-common-args.resp -MMD -MT dependencies -MF /Users/runner/Library/Developer/Xcode/DerivedData/ChessScanner-euukheddappmemcngwqshzhuduna/Build/Intermediates.noindex/ChessKitEngine.build/Debug-iphonesimulator/ChessKitEngineCore.build/Objects-normal/arm64/bitboard-da77fd79f0224fcb816531c5f56d6f07.d --serialize-diagnostics /Users/runner/Library/Developer/Xcode/DerivedData/ChessScanner-euukheddappmemcngwqshzhuduna/Build/Intermediates.noindex/ChessKitEngine.build/Debug-iphonesimulator/ChessKitEngineCore.build/Objects-normal/arm64/bitboard-da77fd79f0224fcb816531c5f56d6f07.dia -c /Users/runner/Library/Developer/Xcode/DerivedData/ChessScanner-euukheddappmemcngwqshzhuduna/SourcePackages/checkouts/chesskit-engine/Sources/ChessKitEngineCore/Engines/Stockfish/src/bitboard.cpp -o /Users/runner/Library/Developer/Xcode/DerivedData/ChessScanner-euukheddappmemcngwqshzhuduna/Build/Intermediates.noindex/ChessKitEngine.build/Debug-iphonesimulator/ChessKitEngineCore.build/Objects-normal/arm64/bitboard-da77fd79f0224fcb816531c5f56d6f07.o -index-unit-output-path /ChessKitEngine.build/Debug-iphonesimulator/ChessKitEngineCore.build/Objects-normal/arm64/bitboard-da77fd79f0224fcb816531c5f56d6f07.o

CompileC /Users/runner/Library/Developer/Xcode/DerivedData/ChessScanner-euukheddappmemcngwqshzhuduna/Build/Intermediates.noindex/ChessKitEngine.build/Debug-iphonesimulator/ChessKitEngineCore.build/Objects-normal/arm64/bitboard-92e91572b66cd931761a9f619ef01ac5.o /Users/runner/Library/Developer/Xcode/DerivedData/ChessScanner-euukheddappmemcngwqshzhuduna/SourcePackages/checkouts/chesskit-engine/Sources/ChessKitEngineCore/Engines/lc0/src/chess/bitboard.cc normal arm64 c++ com.apple.compilers.llvm.clang.1_0.compiler (in target 'ChessKitEngineCore' from project 'ChessKitEngine')
    cd /Users/runner/work/chess-scanner-app/chess-scanner-app/ChessScanner.xcodeproj
    
    Using response file: /Users/runner/Library/Developer/Xcode/DerivedData/ChessScanner-euukheddappmemcngwqshzhuduna/Build/Intermediates.noindex/ChessKitEngine.build/Debug-iphonesimulator/ChessKitEngineCore.build/Objects-normal/arm64/82b82416624d2658e5098eb0a28c15c5-common-args.resp
    
    /Applications/Xcode_26.3.app/Contents/Developer/Toolchains/XcodeDefault.xctoolchain/usr/bin/clang -x c++ -ivfsstatcache /Users/runner/Library/Developer/Xcode/DerivedData/SDKStatCaches.noindex/iphonesimulator26.2-23C57-dc75598d0054f22ec865fa860f139d72e244bd9a5feaf902f95f61bf06266e52.sdkstatcache -fmessage-length\=0 -fdiagnostics-show-note-include-stack -fmacro-backtrace-limit\=0 -fno-color-diagnostics -fmodules-prune-interval\=86400 -fmodules-prune-after\=345600 -fbuild-session-file\=/Users/runner/Library/Developer/Xcode/DerivedData/ModuleCache.noindex/Session.modulevalidation -fmodules-validate-once-per-build-session -Wnon-modular-include-in-framework-module -Werror\=non-modular-include-in-framework-module -Wno-trigraphs -Wno-missing-field-initializers -Wno-missing-prototypes -Wno-return-type -Wno-non-virtual-dtor -Wno-overloaded-virtual -Wno-exit-time-destructors -Wno-missing-braces -Wparentheses -Wswitch -Wno-unused-function -Wno-unused-label -Wno-unused-parameter -Wno-unused-variable -Wunused-value -Wno-empty-body -Wno-uninitialized -Wno-unknown-pragmas -w -Wno-shadow -Wno-four-char-constants -Wno-conversion -Wno-constant-conversion -Wno-int-conversion -Wno-bool-conversion -Wno-enum-conversion -Wno-float-conversion -Wno-non-literal-null-conversion -Wno-objc-literal-conversion -Wshorten-64-to-32 -Wno-newline-eof -Wno-c++11-extensions -Wno-implicit-fallthrough -fstrict-aliasing -Wdeprecated-declarations -Winvalid-offsetof -Wno-sign-conversion -Wno-infinite-recursion -Wno-move -Wno-comma -Wno-block-capture-autoreleasing -Wno-strict-prototypes -Wno-range-loop-analysis -Wno-semicolon-before-method-body -index-store-path /Users/runner/Library/Developer/Xcode/DerivedData/ChessScanner-euukheddappmemcngwqshzhuduna/Index.noindex/DataStore @/Users/runner/Library/Developer/Xcode/DerivedData/ChessScanner-euukheddappmemcngwqshzhuduna/Build/Intermediates.noindex/ChessKitEngine.build/Debug-iphonesimulator/ChessKitEngineCore.build/Objects-normal/arm64/82b82416624d2658e5098eb0a28c15c5-common-args.resp -MMD -MT dependencies -MF /Users/runner/Library/Developer/Xcode/DerivedData/ChessScanner-euukheddappmemcngwqshzhuduna/Build/Intermediates.noindex/ChessKitEngine.build/Debug-iphonesimulator/ChessKitEngineCore.build/Objects-normal/arm64/bitboard-92e91572b66cd931761a9f619ef01ac5.d --serialize-diagnostics /Users/runner/Library/Developer/Xcode/DerivedData/ChessScanner-euukheddappmemcngwqshzhuduna/Build/Intermediates.noindex/ChessKitEngine.build/Debug-iphonesimulator/ChessKitEngineCore.build/Objects-normal/arm64/bitboard-92e91572b66cd931761a9f619ef01ac5.dia -c /Users/runner/Library/Developer/Xcode/DerivedData/ChessScanner-euukheddappmemcngwqshzhuduna/SourcePackages/checkouts/chesskit-engine/Sources/ChessKitEngineCore/Engines/lc0/src/chess/bitboard.cc -o /Users/runner/Library/Developer/Xcode/DerivedData/ChessScanner-euukheddappmemcngwqshzhuduna/Build/Intermediates.noindex/ChessKitEngine.build/Debug-iphonesimulator/ChessKitEngineCore.build/Objects-normal/arm64/bitboard-92e91572b66cd931761a9f619ef01ac5.o -index-unit-output-path /ChessKitEngine.build/Debug-iphonesimulator/ChessKitEngineCore.build/Objects-normal/arm64/bitboard-92e91572b66cd931761a9f619ef01ac5.o

CompileC /Users/runner/Library/Developer/Xcode/DerivedData/ChessScanner-euukheddappmemcngwqshzhuduna/Build/Intermediates.noindex/ChessKitEngine.build/Debug-iphonesimulator/ChessKitEngineCore.build/Objects-normal/arm64/benchmark.o /Users/runner/Library/Developer/Xcode/DerivedData/ChessScanner-euukheddappmemcngwqshzhuduna/SourcePackages/checkouts/chesskit-engine/Sources/ChessKitEngineCore/Engines/Stockfish/src/benchmark.cpp normal arm64 c++ com.apple.compilers.llvm.clang.1_0.compiler (in target 'ChessKitEngineCore' from project 'ChessKitEngine')
    cd /Users/runner/work/chess-scanner-app/chess-scanner-app/ChessScanner.xcodeproj
    
    Using response file: /Users/runner/Library/Developer/Xcode/DerivedData/ChessScanner-euukheddappmemcngwqshzhuduna/Build/Intermediates.noindex/ChessKitEngine.build/Debug-iphonesimulator/ChessKitEngineCore.build/Objects-normal/arm64/82b82416624d2658e5098eb0a28c15c5-common-args.resp
    
    /Applications/Xcode_26.3.app/Contents/Developer/Toolchains/XcodeDefault.xctoolchain/usr/bin/clang -x c++ -ivfsstatcache /Users/runner/Library/Developer/Xcode/DerivedData/SDKStatCaches.noindex/iphonesimulator26.2-23C57-dc75598d0054f22ec865fa860f139d72e244bd9a5feaf902f95f61bf06266e52.sdkstatcache -fmessage-length\=0 -fdiagnostics-show-note-include-stack -fmacro-backtrace-limit\=0 -fno-color-diagnostics -fmodules-prune-interval\=86400 -fmodules-prune-after\=345600 -fbuild-session-file\=/Users/runner/Library/Developer/Xcode/DerivedData/ModuleCache.noindex/Session.modulevalidation -fmodules-validate-once-per-build-session -Wnon-modular-include-in-framework-module -Werror\=non-modular-include-in-framework-module -Wno-trigraphs -Wno-missing-field-initializers -Wno-missing-prototypes -Wno-return-type -Wno-non-virtual-dtor -Wno-overloaded-virtual -Wno-exit-time-destructors -Wno-missing-braces -Wparentheses -Wswitch -Wno-unused-function -Wno-unused-label -Wno-unused-parameter -Wno-unused-variable -Wunused-value -Wno-empty-body -Wno-uninitialized -Wno-unknown-pragmas -w -Wno-shadow -Wno-four-char-constants -Wno-conversion -Wno-constant-conversion -Wno-int-conversion -Wno-bool-conversion -Wno-enum-conversion -Wno-float-conversion -Wno-non-literal-null-conversion -Wno-objc-literal-conversion -Wshorten-64-to-32 -Wno-newline-eof -Wno-c++11-extensions -Wno-implicit-fallthrough -fstrict-aliasing -Wdeprecated-declarations -Winvalid-offsetof -Wno-sign-conversion -Wno-infinite-recursion -Wno-move -Wno-comma -Wno-block-capture-autoreleasing -Wno-strict-prototypes -Wno-range-loop-analysis -Wno-semicolon-before-method-body -index-store-path /Users/runner/Library/Developer/Xcode/DerivedData/ChessScanner-euukheddappmemcngwqshzhuduna/Index.noindex/DataStore @/Users/runner/Library/Developer/Xcode/DerivedData/ChessScanner-euukheddappmemcngwqshzhuduna/Build/Intermediates.noindex/ChessKitEngine.build/Debug-iphonesimulator/ChessKitEngineCore.build/Objects-normal/arm64/82b82416624d2658e5098eb0a28c15c5-common-args.resp -MMD -MT dependencies -MF /Users/runner/Library/Developer/Xcode/DerivedData/ChessScanner-euukheddappmemcngwqshzhuduna/Build/Intermediates.noindex/ChessKitEngine.build/Debug-iphonesimulator/ChessKitEngineCore.build/Objects-normal/arm64/benchmark.d --serialize-diagnostics /Users/runner/Library/Developer/Xcode/DerivedData/ChessScanner-euukheddappmemcngwqshzhuduna/Build/Intermediates.noindex/ChessKitEngine.build/Debug-iphonesimulator/ChessKitEngineCore.build/Objects-normal/arm64/benchmark.dia -c /Users/runner/Library/Developer/Xcode/DerivedData/ChessScanner-euukheddappmemcngwqshzhuduna/SourcePackages/checkouts/chesskit-engine/Sources/ChessKitEngineCore/Engines/Stockfish/src/benchmark.cpp -o /Users/runner/Library/Developer/Xcode/DerivedData/ChessScanner-euukheddappmemcngwqshzhuduna/Build/Intermediates.noindex/ChessKitEngine.build/Debug-iphonesimulator/ChessKitEngineCore.build/Objects-normal/arm64/benchmark.o -index-unit-output-path /ChessKitEngine.build/Debug-iphonesimulator/ChessKitEngineCore.build/Objects-normal/arm64/benchmark.o

CompileC /Users/runner/Library/Developer/Xcode/DerivedData/ChessScanner-euukheddappmemcngwqshzhuduna/Build/Intermediates.noindex/ChessKitEngine.build/Debug-iphonesimulator/ChessKitEngineCore.build/Objects-normal/arm64/alphazero.o /Users/runner/Library/Developer/Xcode/DerivedData/ChessScanner-euukheddappmemcngwqshzhuduna/SourcePackages/checkouts/chesskit-engine/Sources/ChessKitEngineCore/Engines/lc0/src/mcts/stoppers/alphazero.cc normal arm64 c++ com.apple.compilers.llvm.clang.1_0.compiler (in target 'ChessKitEngineCore' from project 'ChessKitEngine')
    cd /Users/runner/work/chess-scanner-app/chess-scanner-app/ChessScanner.xcodeproj
    
    Using response file: /Users/runner/Library/Developer/Xcode/DerivedData/ChessScanner-euukheddappmemcngwqshzhuduna/Build/Intermediates.noindex/ChessKitEngine.build/Debug-iphonesimulator/ChessKitEngineCore.build/Objects-normal/arm64/82b82416624d2658e5098eb0a28c15c5-common-args.resp
    
    /Applications/Xcode_26.3.app/Contents/Developer/Toolchains/XcodeDefault.xctoolchain/usr/bin/clang -x c++ -ivfsstatcache /Users/runner/Library/Developer/Xcode/DerivedData/SDKStatCaches.noindex/iphonesimulator26.2-23C57-dc75598d0054f22ec865fa860f139d72e244bd9a5feaf902f95f61bf06266e52.sdkstatcache -fmessage-length\=0 -fdiagnostics-show-note-include-stack -fmacro-backtrace-limit\=0 -fno-color-diagnostics -fmodules-prune-interval\=86400 -fmodules-prune-after\=345600 -fbuild-session-file\=/Users/runner/Library/Developer/Xcode/DerivedData/ModuleCache.noindex/Session.modulevalidation -fmodules-validate-once-per-build-session -Wnon-modular-include-in-framework-module -Werror\=non-modular-include-in-framework-module -Wno-trigraphs -Wno-missing-field-initializers -Wno-missing-prototypes -Wno-return-type -Wno-non-virtual-dtor -Wno-overloaded-virtual -Wno-exit-time-destructors -Wno-missing-braces -Wparentheses -Wswitch -Wno-unused-function -Wno-unused-label -Wno-unused-parameter -Wno-unused-variable -Wunused-value -Wno-empty-body -Wno-uninitialized -Wno-unknown-pragmas -w -Wno-shadow -Wno-four-char-constants -Wno-conversion -Wno-constant-conversion -Wno-int-conversion -Wno-bool-conversion -Wno-enum-conversion -Wno-float-conversion -Wno-non-literal-null-conversion -Wno-objc-literal-conversion -Wshorten-64-to-32 -Wno-newline-eof -Wno-c++11-extensions -Wno-implicit-fallthrough -fstrict-aliasing -Wdeprecated-declarations -Winvalid-offsetof -Wno-sign-conversion -Wno-infinite-recursion -Wno-move -Wno-comma -Wno-block-capture-autoreleasing -Wno-strict-prototypes -Wno-range-loop-analysis -Wno-semicolon-before-method-body -index-store-path /Users/runner/Library/Developer/Xcode/DerivedData/ChessScanner-euukheddappmemcngwqshzhuduna/Index.noindex/DataStore @/Users/runner/Library/Developer/Xcode/DerivedData/ChessScanner-euukheddappmemcngwqshzhuduna/Build/Intermediates.noindex/ChessKitEngine.build/Debug-iphonesimulator/ChessKitEngineCore.build/Objects-normal/arm64/82b82416624d2658e5098eb0a28c15c5-common-args.resp -MMD -MT dependencies -MF /Users/runner/Library/Developer/Xcode/DerivedData/ChessScanner-euukheddappmemcngwqshzhuduna/Build/Intermediates.noindex/ChessKitEngine.build/Debug-iphonesimulator/ChessKitEngineCore.build/Objects-normal/arm64/alphazero.d --serialize-diagnostics /Users/runner/Library/Developer/Xcode/DerivedData/ChessScanner-euukheddappmemcngwqshzhuduna/Build/Intermediates.noindex/ChessKitEngine.build/Debug-iphonesimulator/ChessKitEngineCore.build/Objects-normal/arm64/alphazero.dia -c /Users/runner/Library/Developer/Xcode/DerivedData/ChessScanner-euukheddappmemcngwqshzhuduna/SourcePackages/checkouts/chesskit-engine/Sources/ChessKitEngineCore/Engines/lc0/src/mcts/stoppers/alphazero.cc -o /Users/runner/Library/Developer/Xcode/DerivedData/ChessScanner-euukheddappmemcngwqshzhuduna/Build/Intermediates.noindex/ChessKitEngine.build/Debug-iphonesimulator/ChessKitEngineCore.build/Objects-normal/arm64/alphazero.o -index-unit-output-path /ChessKitEngine.build/Debug-iphonesimulator/ChessKitEngineCore.build/Objects-normal/arm64/alphazero.o

CompileC /Users/runner/Library/Developer/Xcode/DerivedData/ChessScanner-euukheddappmemcngwqshzhuduna/Build/Intermediates.noindex/ChessKitEngine.build/Debug-iphonesimulator/ChessKitEngineCore.build/Objects-normal/arm64/activation.o /Users/runner/Library/Developer/Xcode/DerivedData/ChessScanner-euukheddappmemcngwqshzhuduna/SourcePackages/checkouts/chesskit-engine/Sources/ChessKitEngineCore/Engines/lc0/src/neural/shared/activation.cc normal arm64 c++ com.apple.compilers.llvm.clang.1_0.compiler (in target 'ChessKitEngineCore' from project 'ChessKitEngine')
    cd /Users/runner/work/chess-scanner-app/chess-scanner-app/ChessScanner.xcodeproj
    
    Using response file: /Users/runner/Library/Developer/Xcode/DerivedData/ChessScanner-euukheddappmemcngwqshzhuduna/Build/Intermediates.noindex/ChessKitEngine.build/Debug-iphonesimulator/ChessKitEngineCore.build/Objects-normal/arm64/82b82416624d2658e5098eb0a28c15c5-common-args.resp
    
    /Applications/Xcode_26.3.app/Contents/Developer/Toolchains/XcodeDefault.xctoolchain/usr/bin/clang -x c++ -ivfsstatcache /Users/runner/Library/Developer/Xcode/DerivedData/SDKStatCaches.noindex/iphonesimulator26.2-23C57-dc75598d0054f22ec865fa860f139d72e244bd9a5feaf902f95f61bf06266e52.sdkstatcache -fmessage-length\=0 -fdiagnostics-show-note-include-stack -fmacro-backtrace-limit\=0 -fno-color-diagnostics -fmodules-prune-interval\=86400 -fmodules-prune-after\=345600 -fbuild-session-file\=/Users/runner/Library/Developer/Xcode/DerivedData/ModuleCache.noindex/Session.modulevalidation -fmodules-validate-once-per-build-session -Wnon-modular-include-in-framework-module -Werror\=non-modular-include-in-framework-module -Wno-trigraphs -Wno-missing-field-initializers -Wno-missing-prototypes -Wno-return-type -Wno-non-virtual-dtor -Wno-overloaded-virtual -Wno-exit-time-destructors -Wno-missing-braces -Wparentheses -Wswitch -Wno-unused-function -Wno-unused-label -Wno-unused-parameter -Wno-unused-variable -Wunused-value -Wno-empty-body -Wno-uninitialized -Wno-unknown-pragmas -w -Wno-shadow -Wno-four-char-constants -Wno-conversion -Wno-constant-conversion -Wno-int-conversion -Wno-bool-conversion -Wno-enum-conversion -Wno-float-conversion -Wno-non-literal-null-conversion -Wno-objc-literal-conversion -Wshorten-64-to-32 -Wno-newline-eof -Wno-c++11-extensions -Wno-implicit-fallthrough -fstrict-aliasing -Wdeprecated-declarations -Winvalid-offsetof -Wno-sign-conversion -Wno-infinite-recursion -Wno-move -Wno-comma -Wno-block-capture-autoreleasing -Wno-strict-prototypes -Wno-range-loop-analysis -Wno-semicolon-before-method-body -index-store-path /Users/runner/Library/Developer/Xcode/DerivedData/ChessScanner-euukheddappmemcngwqshzhuduna/Index.noindex/DataStore @/Users/runner/Library/Developer/Xcode/DerivedData/ChessScanner-euukheddappmemcngwqshzhuduna/Build/Intermediates.noindex/ChessKitEngine.build/Debug-iphonesimulator/ChessKitEngineCore.build/Objects-normal/arm64/82b82416624d2658e5098eb0a28c15c5-common-args.resp -MMD -MT dependencies -MF /Users/runner/Library/Developer/Xcode/DerivedData/ChessScanner-euukheddappmemcngwqshzhuduna/Build/Intermediates.noindex/ChessKitEngine.build/Debug-iphonesimulator/ChessKitEngineCore.build/Objects-normal/arm64/activation.d --serialize-diagnostics /Users/runner/Library/Developer/Xcode/DerivedData/ChessScanner-euukheddappmemcngwqshzhuduna/Build/Intermediates.noindex/ChessKitEngine.build/Debug-iphonesimulator/ChessKitEngineCore.build/Objects-normal/arm64/activation.dia -c /Users/runner/Library/Developer/Xcode/DerivedData/ChessScanner-euukheddappmemcngwqshzhuduna/SourcePackages/checkouts/chesskit-engine/Sources/ChessKitEngineCore/Engines/lc0/src/neural/shared/activation.cc -o /Users/runner/Library/Developer/Xcode/DerivedData/ChessScanner-euukheddappmemcngwqshzhuduna/Build/Intermediates.noindex/ChessKitEngine.build/Debug-iphonesimulator/ChessKitEngineCore.build/Objects-normal/arm64/activation.o -index-unit-output-path /ChessKitEngine.build/Debug-iphonesimulator/ChessKitEngineCore.build/Objects-normal/arm64/activation.o

CompileC /Users/runner/Library/Developer/Xcode/DerivedData/ChessScanner-euukheddappmemcngwqshzhuduna/Build/Intermediates.noindex/ChessKitEngine.build/Debug-iphonesimulator/ChessKitEngineCore.build/Objects-normal/arm64/_main-d9ec77aaf40e08337c92114575b060e7.o /Users/runner/Library/Developer/Xcode/DerivedData/ChessScanner-euukheddappmemcngwqshzhuduna/SourcePackages/checkouts/chesskit-engine/Sources/ChessKitEngineCore/Engines/lc0/src/_main.cc normal arm64 c++ com.apple.compilers.llvm.clang.1_0.compiler (in target 'ChessKitEngineCore' from project 'ChessKitEngine')
    cd /Users/runner/work/chess-scanner-app/chess-scanner-app/ChessScanner.xcodeproj
    
    Using response file: /Users/runner/Library/Developer/Xcode/DerivedData/ChessScanner-euukheddappmemcngwqshzhuduna/Build/Intermediates.noindex/ChessKitEngine.build/Debug-iphonesimulator/ChessKitEngineCore.build/Objects-normal/arm64/82b82416624d2658e5098eb0a28c15c5-common-args.resp
    
    /Applications/Xcode_26.3.app/Contents/Developer/Toolchains/XcodeDefault.xctoolchain/usr/bin/clang -x c++ -ivfsstatcache /Users/runner/Library/Developer/Xcode/DerivedData/SDKStatCaches.noindex/iphonesimulator26.2-23C57-dc75598d0054f22ec865fa860f139d72e244bd9a5feaf902f95f61bf06266e52.sdkstatcache -fmessage-length\=0 -fdiagnostics-show-note-include-stack -fmacro-backtrace-limit\=0 -fno-color-diagnostics -fmodules-prune-interval\=86400 -fmodules-prune-after\=345600 -fbuild-session-file\=/Users/runner/Library/Developer/Xcode/DerivedData/ModuleCache.noindex/Session.modulevalidation -fmodules-validate-once-per-build-session -Wnon-modular-include-in-framework-module -Werror\=non-modular-include-in-framework-module -Wno-trigraphs -Wno-missing-field-initializers -Wno-missing-prototypes -Wno-return-type -Wno-non-virtual-dtor -Wno-overloaded-virtual -Wno-exit-time-destructors -Wno-missing-braces -Wparentheses -Wswitch -Wno-unused-function -Wno-unused-label -Wno-unused-parameter -Wno-unused-variable -Wunused-value -Wno-empty-body -Wno-uninitialized -Wno-unknown-pragmas -w -Wno-shadow -Wno-four-char-constants -Wno-conversion -Wno-constant-conversion -Wno-int-conversion -Wno-bool-conversion -Wno-enum-conversion -Wno-float-conversion -Wno-non-literal-null-conversion -Wno-objc-literal-conversion -Wshorten-64-to-32 -Wno-newline-eof -Wno-c++11-extensions -Wno-implicit-fallthrough -fstrict-aliasing -Wdeprecated-declarations -Winvalid-offsetof -Wno-sign-conversion -Wno-infinite-recursion -Wno-move -Wno-comma -Wno-block-capture-autoreleasing -Wno-strict-prototypes -Wno-range-loop-analysis -Wno-semicolon-before-method-body -index-store-path /Users/runner/Library/Developer/Xcode/DerivedData/ChessScanner-euukheddappmemcngwqshzhuduna/Index.noindex/DataStore @/Users/runner/Library/Developer/Xcode/DerivedData/ChessScanner-euukheddappmemcngwqshzhuduna/Build/Intermediates.noindex/ChessKitEngine.build/Debug-iphonesimulator/ChessKitEngineCore.build/Objects-normal/arm64/82b82416624d2658e5098eb0a28c15c5-common-args.resp -MMD -MT dependencies -MF /Users/runner/Library/Developer/Xcode/DerivedData/ChessScanner-euukheddappmemcngwqshzhuduna/Build/Intermediates.noindex/ChessKitEngine.build/Debug-iphonesimulator/ChessKitEngineCore.build/Objects-normal/arm64/_main-d9ec77aaf40e08337c92114575b060e7.d --serialize-diagnostics /Users/runner/Library/Developer/Xcode/DerivedData/ChessScanner-euukheddappmemcngwqshzhuduna/Build/Intermediates.noindex/ChessKitEngine.build/Debug-iphonesimulator/ChessKitEngineCore.build/Objects-normal/arm64/_main-d9ec77aaf40e08337c92114575b060e7.dia -c /Users/runner/Library/Developer/Xcode/DerivedData/ChessScanner-euukheddappmemcngwqshzhuduna/SourcePackages/checkouts/chesskit-engine/Sources/ChessKitEngineCore/Engines/lc0/src/_main.cc -o /Users/runner/Library/Developer/Xcode/DerivedData/ChessScanner-euukheddappmemcngwqshzhuduna/Build/Intermediates.noindex/ChessKitEngine.build/Debug-iphonesimulator/ChessKitEngineCore.build/Objects-normal/arm64/_main-d9ec77aaf40e08337c92114575b060e7.o -index-unit-output-path /ChessKitEngine.build/Debug-iphonesimulator/ChessKitEngineCore.build/Objects-normal/arm64/_main-d9ec77aaf40e08337c92114575b060e7.o

CompileC /Users/runner/Library/Developer/Xcode/DerivedData/ChessScanner-euukheddappmemcngwqshzhuduna/Build/Intermediates.noindex/ChessKitEngine.build/Debug-iphonesimulator/ChessKitEngineCore.build/Objects-normal/arm64/_main-5e4bc320b8963de687f203e0dd3ef946.o /Users/runner/Library/Developer/Xcode/DerivedData/ChessScanner-euukheddappmemcngwqshzhuduna/SourcePackages/checkouts/chesskit-engine/Sources/ChessKitEngineCore/Engines/Stockfish/src/_main.cpp normal arm64 c++ com.apple.compilers.llvm.clang.1_0.compiler (in target 'ChessKitEngineCore' from project 'ChessKitEngine')
    cd /Users/runner/work/chess-scanner-app/chess-scanner-app/ChessScanner.xcodeproj
    
    Using response file: /Users/runner/Library/Developer/Xcode/DerivedData/ChessScanner-euukheddappmemcngwqshzhuduna/Build/Intermediates.noindex/ChessKitEngine.build/Debug-iphonesimulator/ChessKitEngineCore.build/Objects-normal/arm64/82b82416624d2658e5098eb0a28c15c5-common-args.resp
    
    /Applications/Xcode_26.3.app/Contents/Developer/Toolchains/XcodeDefault.xctoolchain/usr/bin/clang -x c++ -ivfsstatcache /Users/runner/Library/Developer/Xcode/DerivedData/SDKStatCaches.noindex/iphonesimulator26.2-23C57-dc75598d0054f22ec865fa860f139d72e244bd9a5feaf902f95f61bf06266e52.sdkstatcache -fmessage-length\=0 -fdiagnostics-show-note-include-stack -fmacro-backtrace-limit\=0 -fno-color-diagnostics -fmodules-prune-interval\=86400 -fmodules-prune-after\=345600 -fbuild-session-file\=/Users/runner/Library/Developer/Xcode/DerivedData/ModuleCache.noindex/Session.modulevalidation -fmodules-validate-once-per-build-session -Wnon-modular-include-in-framework-module -Werror\=non-modular-include-in-framework-module -Wno-trigraphs -Wno-missing-field-initializers -Wno-missing-prototypes -Wno-return-type -Wno-non-virtual-dtor -Wno-overloaded-virtual -Wno-exit-time-destructors -Wno-missing-braces -Wparentheses -Wswitch -Wno-unused-function -Wno-unused-label -Wno-unused-parameter -Wno-unused-variable -Wunused-value -Wno-empty-body -Wno-uninitialized -Wno-unknown-pragmas -w -Wno-shadow -Wno-four-char-constants -Wno-conversion -Wno-constant-conversion -Wno-int-conversion -Wno-bool-conversion -Wno-enum-conversion -Wno-float-conversion -Wno-non-literal-null-conversion -Wno-objc-literal-conversion -Wshorten-64-to-32 -Wno-newline-eof -Wno-c++11-extensions -Wno-implicit-fallthrough -fstrict-aliasing -Wdeprecated-declarations -Winvalid-offsetof -Wno-sign-conversion -Wno-infinite-recursion -Wno-move -Wno-comma -Wno-block-capture-autoreleasing -Wno-strict-prototypes -Wno-range-loop-analysis -Wno-semicolon-before-method-body -index-store-path /Users/runner/Library/Developer/Xcode/DerivedData/ChessScanner-euukheddappmemcngwqshzhuduna/Index.noindex/DataStore @/Users/runner/Library/Developer/Xcode/DerivedData/ChessScanner-euukheddappmemcngwqshzhuduna/Build/Intermediates.noindex/ChessKitEngine.build/Debug-iphonesimulator/ChessKitEngineCore.build/Objects-normal/arm64/82b82416624d2658e5098eb0a28c15c5-common-args.resp -MMD -MT dependencies -MF /Users/runner/Library/Developer/Xcode/DerivedData/ChessScanner-euukheddappmemcngwqshzhuduna/Build/Intermediates.noindex/ChessKitEngine.build/Debug-iphonesimulator/ChessKitEngineCore.build/Objects-normal/arm64/_main-5e4bc320b8963de687f203e0dd3ef946.d --serialize-diagnostics /Users/runner/Library/Developer/Xcode/DerivedData/ChessScanner-euukheddappmemcngwqshzhuduna/Build/Intermediates.noindex/ChessKitEngine.build/Debug-iphonesimulator/ChessKitEngineCore.build/Objects-normal/arm64/_main-5e4bc320b8963de687f203e0dd3ef946.dia -c /Users/runner/Library/Developer/Xcode/DerivedData/ChessScanner-euukheddappmemcngwqshzhuduna/SourcePackages/checkouts/chesskit-engine/Sources/ChessKitEngineCore/Engines/Stockfish/src/_main.cpp -o /Users/runner/Library/Developer/Xcode/DerivedData/ChessScanner-euukheddappmemcngwqshzhuduna/Build/Intermediates.noindex/ChessKitEngine.build/Debug-iphonesimulator/ChessKitEngineCore.build/Objects-normal/arm64/_main-5e4bc320b8963de687f203e0dd3ef946.o -index-unit-output-path /ChessKitEngine.build/Debug-iphonesimulator/ChessKitEngineCore.build/Objects-normal/arm64/_main-5e4bc320b8963de687f203e0dd3ef946.o

CompileC /Users/runner/Library/Developer/Xcode/DerivedData/ChessScanner-euukheddappmemcngwqshzhuduna/Build/Intermediates.noindex/ChessKitEngine.build/Debug-iphonesimulator/ChessKitEngineCore.build/Objects-normal/arm64/EngineMessenger.o /Users/runner/Library/Developer/Xcode/DerivedData/ChessScanner-euukheddappmemcngwqshzhuduna/SourcePackages/checkouts/chesskit-engine/Sources/ChessKitEngineCore/EngineMessenger/EngineMessenger.mm normal arm64 objective-c++ com.apple.compilers.llvm.clang.1_0.compiler (in target 'ChessKitEngineCore' from project 'ChessKitEngine')
    cd /Users/runner/work/chess-scanner-app/chess-scanner-app/ChessScanner.xcodeproj
    
    Using response file: /Users/runner/Library/Developer/Xcode/DerivedData/ChessScanner-euukheddappmemcngwqshzhuduna/Build/Intermediates.noindex/ChessKitEngine.build/Debug-iphonesimulator/ChessKitEngineCore.build/Objects-normal/arm64/af3fcb34312c57c0f52879cdce924b91-common-args.resp
    
    /Applications/Xcode_26.3.app/Contents/Developer/Toolchains/XcodeDefault.xctoolchain/usr/bin/clang -x objective-c++ -ivfsstatcache /Users/runner/Library/Developer/Xcode/DerivedData/SDKStatCaches.noindex/iphonesimulator26.2-23C57-dc75598d0054f22ec865fa860f139d72e244bd9a5feaf902f95f61bf06266e52.sdkstatcache -fmessage-length\=0 -fdiagnostics-show-note-include-stack -fmacro-backtrace-limit\=0 -fno-color-diagnostics -fmodules-prune-interval\=86400 -fmodules-prune-after\=345600 -fbuild-session-file\=/Users/runner/Library/Developer/Xcode/DerivedData/ModuleCache.noindex/Session.modulevalidation -fmodules-validate-once-per-build-session -Wnon-modular-include-in-framework-module -Werror\=non-modular-include-in-framework-module -Wno-trigraphs -Wno-missing-field-initializers -Wno-missing-prototypes -Wno-return-type -Wno-implicit-atomic-properties -Wno-objc-interface-ivars -Wno-arc-repeated-use-of-weak -Wno-non-virtual-dtor -Wno-overloaded-virtual -Wno-exit-time-destructors -Wno-missing-braces -Wparentheses -Wswitch -Wno-unused-function -Wno-unused-label -Wno-unused-parameter -Wno-unused-variable -Wunused-value -Wno-empty-body -Wno-uninitialized -Wno-unknown-pragmas -w -Wno-shadow -Wno-four-char-constants -Wno-conversion -Wno-constant-conversion -Wno-int-conversion -Wno-bool-conversion -Wno-enum-conversion -Wno-float-conversion -Wno-non-literal-null-conversion -Wno-objc-literal-conversion -Wshorten-64-to-32 -Wno-newline-eof -Wno-selector -Wno-strict-selector-match -Wno-undeclared-selector -Wno-deprecated-implementations -Wno-c++11-extensions -Wno-implicit-fallthrough -fstrict-aliasing -Wprotocol -Wdeprecated-declarations -Winvalid-offsetof -Wno-sign-conversion -Wno-infinite-recursion -Wno-move -Wno-comma -Wno-block-capture-autoreleasing -Wno-strict-prototypes -Wno-range-loop-analysis -Wno-semicolon-before-method-body -index-store-path /Users/runner/Library/Developer/Xcode/DerivedData/ChessScanner-euukheddappmemcngwqshzhuduna/Index.noindex/DataStore @/Users/runner/Library/Developer/Xcode/DerivedData/ChessScanner-euukheddappmemcngwqshzhuduna/Build/Intermediates.noindex/ChessKitEngine.build/Debug-iphonesimulator/ChessKitEngineCore.build/Objects-normal/arm64/af3fcb34312c57c0f52879cdce924b91-common-args.resp -MMD -MT dependencies -MF /Users/runner/Library/Developer/Xcode/DerivedData/ChessScanner-euukheddappmemcngwqshzhuduna/Build/Intermediates.noindex/ChessKitEngine.build/Debug-iphonesimulator/ChessKitEngineCore.build/Objects-normal/arm64/EngineMessenger.d --serialize-diagnostics /Users/runner/Library/Developer/Xcode/DerivedData/ChessScanner-euukheddappmemcngwqshzhuduna/Build/Intermediates.noindex/ChessKitEngine.build/Debug-iphonesimulator/ChessKitEngineCore.build/Objects-normal/arm64/EngineMessenger.dia -c /Users/runner/Library/Developer/Xcode/DerivedData/ChessScanner-euukheddappmemcngwqshzhuduna/SourcePackages/checkouts/chesskit-engine/Sources/ChessKitEngineCore/EngineMessenger/EngineMessenger.mm -o /Users/runner/Library/Developer/Xcode/DerivedData/ChessScanner-euukheddappmemcngwqshzhuduna/Build/Intermediates.noindex/ChessKitEngine.build/Debug-iphonesimulator/ChessKitEngineCore.build/Objects-normal/arm64/EngineMessenger.o -index-unit-output-path /ChessKitEngine.build/Debug-iphonesimulator/ChessKitEngineCore.build/Objects-normal/arm64/EngineMessenger.o

ScanDependencies /Users/runner/Library/Developer/Xcode/DerivedData/ChessScanner-euukheddappmemcngwqshzhuduna/Build/Intermediates.noindex/ChessKitEngine.build/Debug-iphonesimulator/ChessKitEngineCore.build/Objects-normal/arm64/Logging-924ba7ebab02c01f13b8853fee7643a3.o /Users/runner/Library/Developer/Xcode/DerivedData/ChessScanner-euukheddappmemcngwqshzhuduna/SourcePackages/checkouts/chesskit-engine/Sources/ChessKitEngineCore/Logging/Logging.m normal arm64 objective-c com.apple.compilers.llvm.clang.1_0.compiler (in target 'ChessKitEngineCore' from project 'ChessKitEngine')
    cd /Users/runner/work/chess-scanner-app/chess-scanner-app/ChessScanner.xcodeproj
    
    Using response file: /Users/runner/Library/Developer/Xcode/DerivedData/ChessScanner-euukheddappmemcngwqshzhuduna/Build/Intermediates.noindex/ChessKitEngine.build/Debug-iphonesimulator/ChessKitEngineCore.build/Objects-normal/arm64/e6072d4f65d7061329687fe24e3d63a7-common-args.resp
    
    builtin-ScanDependencies -o /Users/runner/Library/Developer/Xcode/DerivedData/ChessScanner-euukheddappmemcngwqshzhuduna/Build/Intermediates.noindex/ChessKitEngine.build/Debug-iphonesimulator/ChessKitEngineCore.build/Objects-normal/arm64/Logging-924ba7ebab02c01f13b8853fee7643a3.o.scan -- /Applications/Xcode_26.3.app/Contents/Developer/Toolchains/XcodeDefault.xctoolchain/usr/bin/clang -x objective-c -ivfsstatcache /Users/runner/Library/Developer/Xcode/DerivedData/SDKStatCaches.noindex/iphonesimulator26.2-23C57-dc75598d0054f22ec865fa860f139d72e244bd9a5feaf902f95f61bf06266e52.sdkstatcache -fmessage-length\=0 -fdiagnostics-show-note-include-stack -fmacro-backtrace-limit\=0 -fno-color-diagnostics -fmodules-prune-interval\=86400 -fmodules-prune-after\=345600 -fbuild-session-file\=/Users/runner/Library/Developer/Xcode/DerivedData/ModuleCache.noindex/Session.modulevalidation -fmodules-validate-once-per-build-session -Wnon-modular-include-in-framework-module -Werror\=non-modular-include-in-framework-module -Wno-trigraphs -Wno-missing-field-initializers -Wno-missing-prototypes -Wno-return-type -Wno-implicit-atomic-properties -Wno-objc-interface-ivars -Wno-arc-repeated-use-of-weak -Wno-missing-braces -Wparentheses -Wswitch -Wno-unused-function -Wno-unused-label -Wno-unused-parameter -Wno-unused-variable -Wunused-value -Wno-empty-body -Wno-uninitialized -Wno-unknown-pragmas -w -Wno-shadow -Wno-four-char-constants -Wno-conversion -Wno-constant-conversion -Wno-int-conversion -Wno-bool-conversion -Wno-enum-conversion -Wno-float-conversion -Wno-non-literal-null-conversion -Wno-objc-literal-conversion -Wshorten-64-to-32 -Wpointer-sign -Wno-newline-eof -Wno-selector -Wno-strict-selector-match -Wno-undeclared-selector -Wno-deprecated-implementations -Wno-implicit-fallthrough -fstrict-aliasing -Wprotocol -Wdeprecated-declarations -Wno-sign-conversion -Wno-infinite-recursion -Wno-comma -Wno-block-capture-autoreleasing -Wno-strict-prototypes -Wno-semicolon-before-method-body -index-store-path /Users/runner/Library/Developer/Xcode/DerivedData/ChessScanner-euukheddappmemcngwqshzhuduna/Index.noindex/DataStore @/Users/runner/Library/Developer/Xcode/DerivedData/ChessScanner-euukheddappmemcngwqshzhuduna/Build/Intermediates.noindex/ChessKitEngine.build/Debug-iphonesimulator/ChessKitEngineCore.build/Objects-normal/arm64/e6072d4f65d7061329687fe24e3d63a7-common-args.resp -MMD -MT dependencies -MF /Users/runner/Library/Developer/Xcode/DerivedData/ChessScanner-euukheddappmemcngwqshzhuduna/Build/Intermediates.noindex/ChessKitEngine.build/Debug-iphonesimulator/ChessKitEngineCore.build/Objects-normal/arm64/Logging-924ba7ebab02c01f13b8853fee7643a3.d --serialize-diagnostics /Users/runner/Library/Developer/Xcode/DerivedData/ChessScanner-euukheddappmemcngwqshzhuduna/Build/Intermediates.noindex/ChessKitEngine.build/Debug-iphonesimulator/ChessKitEngineCore.build/Objects-normal/arm64/Logging-924ba7ebab02c01f13b8853fee7643a3.dia -c /Users/runner/Library/Developer/Xcode/DerivedData/ChessScanner-euukheddappmemcngwqshzhuduna/SourcePackages/checkouts/chesskit-engine/Sources/ChessKitEngineCore/Logging/Logging.m -o /Users/runner/Library/Developer/Xcode/DerivedData/ChessScanner-euukheddappmemcngwqshzhuduna/Build/Intermediates.noindex/ChessKitEngine.build/Debug-iphonesimulator/ChessKitEngineCore.build/Objects-normal/arm64/Logging-924ba7ebab02c01f13b8853fee7643a3.o -index-unit-output-path /ChessKitEngine.build/Debug-iphonesimulator/ChessKitEngineCore.build/Objects-normal/arm64/Logging-924ba7ebab02c01f13b8853fee7643a3.o

SwiftCompile normal arm64 Compiling\ EngineResponseParser.swift,\ EngineType.swift /Users/runner/Library/Developer/Xcode/DerivedData/ChessScanner-euukheddappmemcngwqshzhuduna/SourcePackages/checkouts/chesskit-engine/Sources/ChessKitEngine/EngineResponse/EngineResponseParser.swift /Users/runner/Library/Developer/Xcode/DerivedData/ChessScanner-euukheddappmemcngwqshzhuduna/SourcePackages/checkouts/chesskit-engine/Sources/ChessKitEngine/EngineType.swift (in target 'ChessKitEngine' from project 'ChessKitEngine')
SwiftCompile normal arm64 /Users/runner/Library/Developer/Xcode/DerivedData/ChessScanner-euukheddappmemcngwqshzhuduna/SourcePackages/checkouts/chesskit-engine/Sources/ChessKitEngine/EngineResponse/EngineResponseParser.swift (in target 'ChessKitEngine' from project 'ChessKitEngine')
    cd /Users/runner/work/chess-scanner-app/chess-scanner-app/ChessScanner.xcodeproj
    

SwiftCompile normal arm64 /Users/runner/Library/Developer/Xcode/DerivedData/ChessScanner-euukheddappmemcngwqshzhuduna/SourcePackages/checkouts/chesskit-engine/Sources/ChessKitEngine/EngineType.swift (in target 'ChessKitEngine' from project 'ChessKitEngine')
    cd /Users/runner/work/chess-scanner-app/chess-scanner-app/ChessScanner.xcodeproj
    

SwiftCompile normal arm64 Compiling\ EngineResponse.swift,\ EngineResponseID.swift,\ EngineResponseInfo.swift /Users/runner/Library/Developer/Xcode/DerivedData/ChessScanner-euukheddappmemcngwqshzhuduna/SourcePackages/checkouts/chesskit-engine/Sources/ChessKitEngine/EngineResponse/EngineResponse.swift /Users/runner/Library/Developer/Xcode/DerivedData/ChessScanner-euukheddappmemcngwqshzhuduna/SourcePackages/checkouts/chesskit-engine/Sources/ChessKitEngine/EngineResponse/EngineResponseID.swift /Users/runner/Library/Developer/Xcode/DerivedData/ChessScanner-euukheddappmemcngwqshzhuduna/SourcePackages/checkouts/chesskit-engine/Sources/ChessKitEngine/EngineResponse/EngineResponseInfo.swift (in target 'ChessKitEngine' from project 'ChessKitEngine')

SwiftCompile normal arm64 /Users/runner/Library/Developer/Xcode/DerivedData/ChessScanner-euukheddappmemcngwqshzhuduna/SourcePackages/checkouts/chesskit-engine/Sources/ChessKitEngine/EngineResponse/EngineResponse.swift (in target 'ChessKitEngine' from project 'ChessKitEngine')
    cd /Users/runner/work/chess-scanner-app/chess-scanner-app/ChessScanner.xcodeproj
    

SwiftCompile normal arm64 /Users/runner/Library/Developer/Xcode/DerivedData/ChessScanner-euukheddappmemcngwqshzhuduna/SourcePackages/checkouts/chesskit-engine/Sources/ChessKitEngine/EngineResponse/EngineResponseID.swift (in target 'ChessKitEngine' from project 'ChessKitEngine')
    cd /Users/runner/work/chess-scanner-app/chess-scanner-app/ChessScanner.xcodeproj
    

SwiftCompile normal arm64 /Users/runner/Library/Developer/Xcode/DerivedData/ChessScanner-euukheddappmemcngwqshzhuduna/SourcePackages/checkouts/chesskit-engine/Sources/ChessKitEngine/EngineResponse/EngineResponseInfo.swift (in target 'ChessKitEngine' from project 'ChessKitEngine')
    cd /Users/runner/work/chess-scanner-app/chess-scanner-app/ChessScanner.xcodeproj
    

SwiftCompile normal arm64 Compiling\ Engine.swift,\ EngineCommand.swift,\ EngineCommandPosition.swift /Users/runner/Library/Developer/Xcode/DerivedData/ChessScanner-euukheddappmemcngwqshzhuduna/SourcePackages/checkouts/chesskit-engine/Sources/ChessKitEngine/Engine.swift /Users/runner/Library/Developer/Xcode/DerivedData/ChessScanner-euukheddappmemcngwqshzhuduna/SourcePackages/checkouts/chesskit-engine/Sources/ChessKitEngine/EngineCommand/EngineCommand.swift /Users/runner/Library/Developer/Xcode/DerivedData/ChessScanner-euukheddappmemcngwqshzhuduna/SourcePackages/checkouts/chesskit-engine/Sources/ChessKitEngine/EngineCommand/EngineCommandPosition.swift (in target 'ChessKitEngine' from project 'ChessKitEngine')
SwiftCompile normal arm64 /Users/runner/Library/Developer/Xcode/DerivedData/ChessScanner-euukheddappmemcngwqshzhuduna/SourcePackages/checkouts/chesskit-engine/Sources/ChessKitEngine/Engine.swift (in target 'ChessKitEngine' from project 'ChessKitEngine')
    cd /Users/runner/work/chess-scanner-app/chess-scanner-app/ChessScanner.xcodeproj
    

SwiftCompile normal arm64 /Users/runner/Library/Developer/Xcode/DerivedData/ChessScanner-euukheddappmemcngwqshzhuduna/SourcePackages/checkouts/chesskit-engine/Sources/ChessKitEngine/EngineCommand/EngineCommand.swift (in target 'ChessKitEngine' from project 'ChessKitEngine')
    cd /Users/runner/work/chess-scanner-app/chess-scanner-app/ChessScanner.xcodeproj
    

SwiftCompile normal arm64 /Users/runner/Library/Developer/Xcode/DerivedData/ChessScanner-euukheddappmemcngwqshzhuduna/SourcePackages/checkouts/chesskit-engine/Sources/ChessKitEngine/EngineCommand/EngineCommandPosition.swift (in target 'ChessKitEngine' from project 'ChessKitEngine')
    cd /Users/runner/work/chess-scanner-app/chess-scanner-app/ChessScanner.xcodeproj
    

PrecompileModule /Users/runner/Library/Developer/Xcode/DerivedData/ChessScanner-euukheddappmemcngwqshzhuduna/Build/Intermediates.noindex/ExplicitPrecompiledModules/_Builtin_stdarg-A9VGN3RIFBPQ2JBVLB4GZHPWQ.scan
    cd /
    builtin-precompileModule /Users/runner/Library/Developer/Xcode/DerivedData/ChessScanner-euukheddappmemcngwqshzhuduna/Build/Intermediates.noindex/ExplicitPrecompiledModules/_Builtin_stdarg-A9VGN3RIFBPQ2JBVLB4GZHPWQ.scan

SwiftDriverJobDiscovery normal arm64 Compiling EngineResponse.swift, EngineResponseID.swift, EngineResponseInfo.swift (in target 'ChessKitEngine' from project 'ChessKitEngine')

PrecompileModule /Users/runner/Library/Developer/Xcode/DerivedData/ChessScanner-euukheddappmemcngwqshzhuduna/Build/Intermediates.noindex/ExplicitPrecompiledModules/ptrcheck-F4OL4G7YH5G7AYZ7QOPEP4ZNW.scan
    cd /
    builtin-precompileModule /Users/runner/Library/Developer/Xcode/DerivedData/ChessScanner-euukheddappmemcngwqshzhuduna/Build/Intermediates.noindex/ExplicitPrecompiledModules/ptrcheck-F4OL4G7YH5G7AYZ7QOPEP4ZNW.scan

PrecompileModule /Users/runner/Library/Developer/Xcode/DerivedData/ChessScanner-euukheddappmemcngwqshzhuduna/Build/Intermediates.noindex/ExplicitPrecompiledModules/_Builtin_stddef-6AKXTXNPTPRX8XB69E8UXNQEA.scan
    cd /
    builtin-precompileModule /Users/runner/Library/Developer/Xcode/DerivedData/ChessScanner-euukheddappmemcngwqshzhuduna/Build/Intermediates.noindex/ExplicitPrecompiledModules/_Builtin_stddef-6AKXTXNPTPRX8XB69E8UXNQEA.scan

PrecompileModule /Users/runner/Library/Developer/Xcode/DerivedData/ChessScanner-euukheddappmemcngwqshzhuduna/Build/Intermediates.noindex/ExplicitPrecompiledModules/_Builtin_float-ACKGAZRA4MF9303J54Q68GX69.scan
    cd /
    builtin-precompileModule /Users/runner/Library/Developer/Xcode/DerivedData/ChessScanner-euukheddappmemcngwqshzhuduna/Build/Intermediates.noindex/ExplicitPrecompiledModules/_Builtin_float-ACKGAZRA4MF9303J54Q68GX69.scan

PrecompileModule /Users/runner/Library/Developer/Xcode/DerivedData/ChessScanner-euukheddappmemcngwqshzhuduna/Build/Intermediates.noindex/ExplicitPrecompiledModules/_AvailabilityInternal-68WFVBNACQZ8W90AO9G4XVHEY.scan
    cd /
    builtin-precompileModule /Users/runner/Library/Developer/Xcode/DerivedData/ChessScanner-euukheddappmemcngwqshzhuduna/Build/Intermediates.noindex/ExplicitPrecompiledModules/_AvailabilityInternal-68WFVBNACQZ8W90AO9G4XVHEY.scan

PrecompileModule /Users/runner/Library/Developer/Xcode/DerivedData/ChessScanner-euukheddappmemcngwqshzhuduna/Build/Intermediates.noindex/ExplicitPrecompiledModules/_Builtin_stdbool-BYNR3MRC0RN9JVA0UGK9IYSND.scan
    cd /
    builtin-precompileModule /Users/runner/Library/Developer/Xcode/DerivedData/ChessScanner-euukheddappmemcngwqshzhuduna/Build/Intermediates.noindex/ExplicitPrecompiledModules/_Builtin_stdbool-BYNR3MRC0RN9JVA0UGK9IYSND.scan

PrecompileModule /Users/runner/Library/Developer/Xcode/DerivedData/ChessScanner-euukheddappmemcngwqshzhuduna/Build/Intermediates.noindex/ExplicitPrecompiledModules/_DarwinFoundation1-6J3LDFOT33K48ILTMAG65ABP8.scan
    cd /
    builtin-precompileModule /Users/runner/Library/Developer/Xcode/DerivedData/ChessScanner-euukheddappmemcngwqshzhuduna/Build/Intermediates.noindex/ExplicitPrecompiledModules/_DarwinFoundation1-6J3LDFOT33K48ILTMAG65ABP8.scan

PrecompileModule /Users/runner/Library/Developer/Xcode/DerivedData/ChessScanner-euukheddappmemcngwqshzhuduna/Build/Intermediates.noindex/ExplicitPrecompiledModules/ptrauth-2OL2Q2DBX6AR98B7A7ATCARIY.scan
    cd /
    builtin-precompileModule /Users/runner/Library/Developer/Xcode/DerivedData/ChessScanner-euukheddappmemcngwqshzhuduna/Build/Intermediates.noindex/ExplicitPrecompiledModules/ptrauth-2OL2Q2DBX6AR98B7A7ATCARIY.scan

PrecompileModule /Users/runner/Library/Developer/Xcode/DerivedData/ChessScanner-euukheddappmemcngwqshzhuduna/Build/Intermediates.noindex/ExplicitPrecompiledModules/_DarwinFoundation2-5LAQV1IU748129MSTD2TZ09G2.scan
    cd /
    builtin-precompileModule /Users/runner/Library/Developer/Xcode/DerivedData/ChessScanner-euukheddappmemcngwqshzhuduna/Build/Intermediates.noindex/ExplicitPrecompiledModules/_DarwinFoundation2-5LAQV1IU748129MSTD2TZ09G2.scan

PrecompileModule /Users/runner/Library/Developer/Xcode/DerivedData/ChessScanner-euukheddappmemcngwqshzhuduna/Build/Intermediates.noindex/ExplicitPrecompiledModules/_Builtin_limits-25CLZ5JKA27VIRK0B2R8WC9O6.scan
    cd /
    builtin-precompileModule /Users/runner/Library/Developer/Xcode/DerivedData/ChessScanner-euukheddappmemcngwqshzhuduna/Build/Intermediates.noindex/ExplicitPrecompiledModules/_Builtin_limits-25CLZ5JKA27VIRK0B2R8WC9O6.scan

PrecompileModule /Users/runner/Library/Developer/Xcode/DerivedData/ChessScanner-euukheddappmemcngwqshzhuduna/Build/Intermediates.noindex/ExplicitPrecompiledModules/_Builtin_stdint-6CNFQX3HTNWDU3I2PHZAJA7C0.scan
    cd /
    builtin-precompileModule /Users/runner/Library/Developer/Xcode/DerivedData/ChessScanner-euukheddappmemcngwqshzhuduna/Build/Intermediates.noindex/ExplicitPrecompiledModules/_Builtin_stdint-6CNFQX3HTNWDU3I2PHZAJA7C0.scan

PrecompileModule /Users/runner/Library/Developer/Xcode/DerivedData/ChessScanner-euukheddappmemcngwqshzhuduna/Build/Intermediates.noindex/ExplicitPrecompiledModules/_DarwinFoundation3-1VY72VO3BUCJ54DZJZ6S5IDF8.scan
    cd /
    builtin-precompileModule /Users/runner/Library/Developer/Xcode/DerivedData/ChessScanner-euukheddappmemcngwqshzhuduna/Build/Intermediates.noindex/ExplicitPrecompiledModules/_DarwinFoundation3-1VY72VO3BUCJ54DZJZ6S5IDF8.scan

PrecompileModule /Users/runner/Library/Developer/Xcode/DerivedData/ChessScanner-euukheddappmemcngwqshzhuduna/Build/Intermediates.noindex/ExplicitPrecompiledModules/_Builtin_inttypes-6NS5LQBYSPHVNKYHVJNDCC1PR.scan
    cd /
    builtin-precompileModule /Users/runner/Library/Developer/Xcode/DerivedData/ChessScanner-euukheddappmemcngwqshzhuduna/Build/Intermediates.noindex/ExplicitPrecompiledModules/_Builtin_inttypes-6NS5LQBYSPHVNKYHVJNDCC1PR.scan

PrecompileModule /Users/runner/Library/Developer/Xcode/DerivedData/ChessScanner-euukheddappmemcngwqshzhuduna/Build/Intermediates.noindex/ExplicitPrecompiledModules/Darwin-D5B0O9NJOSJDGK8TMII2VZAMZ.scan
    cd /
    builtin-precompileModule /Users/runner/Library/Developer/Xcode/DerivedData/ChessScanner-euukheddappmemcngwqshzhuduna/Build/Intermediates.noindex/ExplicitPrecompiledModules/Darwin-D5B0O9NJOSJDGK8TMII2VZAMZ.scan

SwiftDriverJobDiscovery normal arm64 Compiling EngineResponseParser.swift, EngineType.swift (in target 'ChessKitEngine' from project 'ChessKitEngine')

SwiftDriverJobDiscovery normal arm64 Compiling Engine.swift, EngineCommand.swift, EngineCommandPosition.swift (in target 'ChessKitEngine' from project 'ChessKitEngine')

SwiftDriver\ Compilation ChessKitEngine normal arm64 com.apple.xcode.tools.swift.compiler (in target 'ChessKitEngine' from project 'ChessKitEngine')
    cd /Users/runner/work/chess-scanner-app/chess-scanner-app/ChessScanner.xcodeproj
    builtin-Swift-Compilation -- /Applications/Xcode_26.3.app/Contents/Developer/Toolchains/XcodeDefault.xctoolchain/usr/bin/swiftc -module-name ChessKitEngine -Onone -enforce-exclusivity\=checked @/Users/runner/Library/Developer/Xcode/DerivedData/ChessScanner-euukheddappmemcngwqshzhuduna/Build/Intermediates.noindex/ChessKitEngine.build/Debug-iphonesimulator/ChessKitEngine.build/Objects-normal/arm64/ChessKitEngine.SwiftFileList -DSWIFT_PACKAGE -DDEBUG -DSWIFT_MODULE_RESOURCE_BUNDLE_UNAVAILABLE -Xcc -fmodule-map-file\=/Users/runner/Library/Developer/Xcode/DerivedData/ChessScanner-euukheddappmemcngwqshzhuduna/Build/Intermediates.noindex/GeneratedModuleMaps-iphonesimulator/ChessKitEngineCore.modulemap -DXcode -plugin-path /Applications/Xcode_26.3.app/Contents/Developer/Toolchains/XcodeDefault.xctoolchain/usr/lib/swift/host/plugins/testing -enable-experimental-feature DebugDescriptionMacro -sdk /Applications/Xcode_26.3.app/Contents/Developer/Platforms/iPhoneSimulator.platform/Developer/SDKs/iPhoneSimulator26.2.sdk -target arm64-apple-ios16.0-simulator -g -module-cache-path /Users/runner/Library/Developer/Xcode/DerivedData/ModuleCache.noindex -Xfrontend -serialize-debugging-options -enable-testing -suppress-warnings -index-store-path /Users/runner/Library/Developer/Xcode/DerivedData/ChessScanner-euukheddappmemcngwqshzhuduna/Index.noindex/DataStore -Xcc -D_LIBCPP_HARDENING_MODE\=_LIBCPP_HARDENING_MODE_DEBUG -swift-version 6 -I /Users/runner/Library/Developer/Xcode/DerivedData/ChessScanner-euukheddappmemcngwqshzhuduna/Build/Products/Debug-iphonesimulator -Isystem /Applications/Xcode_26.3.app/Contents/Developer/Platforms/iPhoneSimulator.platform/Developer/usr/lib -F /Users/runner/Library/Developer/Xcode/DerivedData/ChessScanner-euukheddappmemcngwqshzhuduna/Build/Products/Debug-iphonesimulator/PackageFrameworks -F /Users/runner/Library/Developer/Xcode/DerivedData/ChessScanner-euukheddappmemcngwqshzhuduna/Build/Products/Debug-iphonesimulator -F /Applications/Xcode_26.3.app/Contents/Developer/Platforms/iPhoneSimulator.platform/Developer/Library/Frameworks -F /Applications/Xcode_26.3.app/Contents/Developer/Platforms/iPhoneSimulator.platform/Developer/SDKs/iPhoneSimulator26.2.sdk/Developer/Library/Frameworks -c -j3 -enable-batch-mode -incremental -Xcc -ivfsstatcache -Xcc /Users/runner/Library/Developer/Xcode/DerivedData/SDKStatCaches.noindex/iphonesimulator26.2-23C57-dc75598d0054f22ec865fa860f139d72e244bd9a5feaf902f95f61bf06266e52.sdkstatcache -output-file-map /Users/runner/Library/Developer/Xcode/DerivedData/ChessScanner-euukheddappmemcngwqshzhuduna/Build/Intermediates.noindex/ChessKitEngine.build/Debug-iphonesimulator/ChessKitEngine.build/Objects-normal/arm64/ChessKitEngine-OutputFileMap.json -use-frontend-parseable-output -save-temps -no-color-diagnostics -explicit-module-build -module-cache-path /Users/runner/Library/Developer/Xcode/DerivedData/ChessScanner-euukheddappmemcngwqshzhuduna/Build/Intermediates.noindex/SwiftExplicitPrecompiledModules -clang-scanner-module-cache-path /Users/runner/Library/Developer/Xcode/DerivedData/ModuleCache.noindex -sdk-module-cache-path /Users/runner/Library/Developer/Xcode/DerivedData/ModuleCache.noindex -serialize-diagnostics -emit-dependencies -emit-module -emit-module-path /Users/runner/Library/Developer/Xcode/DerivedData/ChessScanner-euukheddappmemcngwqshzhuduna/Build/Intermediates.noindex/ChessKitEngine.build/Debug-iphonesimulator/ChessKitEngine.build/Objects-normal/arm64/ChessKitEngine.swiftmodule -user-module-version 0.7.0 -validate-clang-modules-once -clang-build-session-file /Users/runner/Library/Developer/Xcode/DerivedData/ModuleCache.noindex/Session.modulevalidation -package-name chesskit_engine -Xcc -I/Users/runner/Library/Developer/Xcode/DerivedData/ChessScanner-euukheddappmemcngwqshzhuduna/Build/Intermediates.noindex/ChessKitEngine.build/Debug-iphonesimulator/ChessKitEngine.build/swift-overrides.hmap -emit-const-values -Xfrontend -const-gather-protocols-file -Xfrontend /Users/runner/Library/Developer/Xcode/DerivedData/ChessScanner-euukheddappmemcngwqshzhuduna/Build/Intermediates.noindex/ChessKitEngine.build/Debug-iphonesimulator/ChessKitEngine.build/Objects-normal/arm64/ChessKitEngine_const_extract_protocols.json -Xcc -I/Users/runner/Library/Developer/Xcode/DerivedData/ChessScanner-euukheddappmemcngwqshzhuduna/SourcePackages/checkouts/chesskit-engine/Sources/ChessKitEngineCore/include -Xcc -I/Users/runner/Library/Developer/Xcode/DerivedData/ChessScanner-euukheddappmemcngwqshzhuduna/Build/Products/Debug-iphonesimulator/include -Xcc -I/Users/runner/Library/Developer/Xcode/DerivedData/ChessScanner-euukheddappmemcngwqshzhuduna/Build/Intermediates.noindex/ChessKitEngine.build/Debug-iphonesimulator/ChessKitEngine.build/DerivedSources-normal/arm64 -Xcc -I/Users/runner/Library/Developer/Xcode/DerivedData/ChessScanner-euukheddappmemcngwqshzhuduna/Build/Intermediates.noindex/ChessKitEngine.build/Debug-iphonesimulator/ChessKitEngine.build/DerivedSources/arm64 -Xcc -I/Users/runner/Library/Developer/Xcode/DerivedData/ChessScanner-euukheddappmemcngwqshzhuduna/Build/Intermediates.noindex/ChessKitEngine.build/Debug-iphonesimulator/ChessKitEngine.build/DerivedSources -Xcc -DSWIFT_PACKAGE -Xcc -DDEBUG\=1 -emit-objc-header -emit-objc-header-path /Users/runner/Library/Developer/Xcode/DerivedData/ChessScanner-euukheddappmemcngwqshzhuduna/Build/Intermediates.noindex/ChessKitEngine.build/Debug-iphonesimulator/ChessKitEngine.build/Objects-normal/arm64/ChessKitEngine-Swift.h -working-directory /Users/runner/work/chess-scanner-app/chess-scanner-app/ChessScanner.xcodeproj -experimental-emit-module-separately -disable-cmo

MkDir /Users/runner/Library/Developer/Xcode/DerivedData/ChessScanner-euukheddappmemcngwqshzhuduna/Build/Intermediates.noindex/ChessScanner.build/Debug-iphonesimulator/ChessScanner.build/assetcatalog_output/thinned (in target 'ChessScanner' from project 'ChessScanner')
    cd /Users/runner/work/chess-scanner-app/chess-scanner-app
    /bin/mkdir -p /Users/runner/Library/Developer/Xcode/DerivedData/ChessScanner-euukheddappmemcngwqshzhuduna/Build/Intermediates.noindex/ChessScanner.build/Debug-iphonesimulator/ChessScanner.build/assetcatalog_output/thinned

MkDir /Users/runner/Library/Developer/Xcode/DerivedData/ChessScanner-euukheddappmemcngwqshzhuduna/Build/Intermediates.noindex/ChessScanner.build/Debug-iphonesimulator/ChessScanner.build/assetcatalog_output/unthinned (in target 'ChessScanner' from project 'ChessScanner')
    cd /Users/runner/work/chess-scanner-app/chess-scanner-app
    /bin/mkdir -p /Users/runner/Library/Developer/Xcode/DerivedData/ChessScanner-euukheddappmemcngwqshzhuduna/Build/Intermediates.noindex/ChessScanner.build/Debug-iphonesimulator/ChessScanner.build/assetcatalog_output/unthinned

GenerateAssetSymbols /Users/runner/work/chess-scanner-app/chess-scanner-app/ChessScanner/Resources/Assets.xcassets (in target 'ChessScanner' from project 'ChessScanner')
    cd /Users/runner/work/chess-scanner-app/chess-scanner-app
    /Applications/Xcode_26.3.app/Contents/Developer/usr/bin/actool /Users/runner/work/chess-scanner-app/chess-scanner-app/ChessScanner/Resources/Assets.xcassets --compile /Users/runner/Library/Developer/Xcode/DerivedData/ChessScanner-euukheddappmemcngwqshzhuduna/Build/Products/Debug-iphonesimulator/Chess\ Scanner.app --output-format human-readable-text --notices --warnings --export-dependency-info /Users/runner/Library/Developer/Xcode/DerivedData/ChessScanner-euukheddappmemcngwqshzhuduna/Build/Intermediates.noindex/ChessScanner.build/Debug-iphonesimulator/ChessScanner.build/assetcatalog_dependencies --output-partial-info-plist /Users/runner/Library/Developer/Xcode/DerivedData/ChessScanner-euukheddappmemcngwqshzhuduna/Build/Intermediates.noindex/ChessScanner.build/Debug-iphonesimulator/ChessScanner.build/assetcatalog_generated_info.plist --app-icon AppIcon --compress-pngs --enable-on-demand-resources YES --development-region en --target-device iphone --minimum-deployment-target 17.0 --platform iphonesimulator --bundle-identifier com.chessscanner.app --generate-swift-asset-symbol-extensions NO --generate-swift-asset-symbols /Users/runner/Library/Developer/Xcode/DerivedData/ChessScanner-euukheddappmemcngwqshzhuduna/Build/Intermediates.noindex/ChessScanner.build/Debug-iphonesimulator/ChessScanner.build/DerivedSources/GeneratedAssetSymbols.swift --generate-objc-asset-symbols /Users/runner/Library/Developer/Xcode/DerivedData/ChessScanner-euukheddappmemcngwqshzhuduna/Build/Intermediates.noindex/ChessScanner.build/Debug-iphonesimulator/ChessScanner.build/DerivedSources/GeneratedAssetSymbols.h --generate-asset-symbol-index /Users/runner/Library/Developer/Xcode/DerivedData/ChessScanner-euukheddappmemcngwqshzhuduna/Build/Intermediates.noindex/ChessScanner.build/Debug-iphonesimulator/ChessScanner.build/DerivedSources/GeneratedAssetSymbols-Index.plist
/* com.apple.actool.compilation-results */
/Users/runner/Library/Developer/Xcode/DerivedData/ChessScanner-euukheddappmemcngwqshzhuduna/Build/Intermediates.noindex/ChessScanner.build/Debug-iphonesimulator/ChessScanner.build/DerivedSources/GeneratedAssetSymbols-Index.plist
/Users/runner/Library/Developer/Xcode/DerivedData/ChessScanner-euukheddappmemcngwqshzhuduna/Build/Intermediates.noindex/ChessScanner.build/Debug-iphonesimulator/ChessScanner.build/DerivedSources/GeneratedAssetSymbols.h
/Users/runner/Library/Developer/Xcode/DerivedData/ChessScanner-euukheddappmemcngwqshzhuduna/Build/Intermediates.noindex/ChessScanner.build/Debug-iphonesimulator/ChessScanner.build/DerivedSources/GeneratedAssetSymbols.swift


CompileAssetCatalogVariant thinned /Users/runner/Library/Developer/Xcode/DerivedData/ChessScanner-euukheddappmemcngwqshzhuduna/Build/Products/Debug-iphonesimulator/Chess\ Scanner.app /Users/runner/work/chess-scanner-app/chess-scanner-app/ChessScanner/Resources/Assets.xcassets (in target 'ChessScanner' from project 'ChessScanner')
    cd /Users/runner/work/chess-scanner-app/chess-scanner-app
    /Applications/Xcode_26.3.app/Contents/Developer/usr/bin/actool /Users/runner/work/chess-scanner-app/chess-scanner-app/ChessScanner/Resources/Assets.xcassets --compile /Users/runner/Library/Developer/Xcode/DerivedData/ChessScanner-euukheddappmemcngwqshzhuduna/Build/Intermediates.noindex/ChessScanner.build/Debug-iphonesimulator/ChessScanner.build/assetcatalog_output/thinned --output-format human-readable-text --notices --warnings --export-dependency-info /Users/runner/Library/Developer/Xcode/DerivedData/ChessScanner-euukheddappmemcngwqshzhuduna/Build/Intermediates.noindex/ChessScanner.build/Debug-iphonesimulator/ChessScanner.build/assetcatalog_dependencies_thinned --output-partial-info-plist /Users/runner/Library/Developer/Xcode/DerivedData/ChessScanner-euukheddappmemcngwqshzhuduna/Build/Intermediates.noindex/ChessScanner.build/Debug-iphonesimulator/ChessScanner.build/assetcatalog_generated_info.plist_thinned --app-icon AppIcon --compress-pngs --enable-on-demand-resources YES --filter-for-thinning-device-configuration iPhone18,4 --filter-for-device-os-version 26.2 --development-region en --target-device iphone --minimum-deployment-target 17.0 --platform iphonesimulator
/* com.apple.actool.compilation-results */
/Users/runner/Library/Developer/Xcode/DerivedData/ChessScanner-euukheddappmemcngwqshzhuduna/Build/Intermediates.noindex/ChessScanner.build/Debug-iphonesimulator/ChessScanner.build/assetcatalog_generated_info.plist_thinned
/Users/runner/Library/Developer/Xcode/DerivedData/ChessScanner-euukheddappmemcngwqshzhuduna/Build/Intermediates.noindex/ChessScanner.build/Debug-iphonesimulator/ChessScanner.build/assetcatalog_output/thinned/AppIcon60x60@2x.png
/Users/runner/Library/Developer/Xcode/DerivedData/ChessScanner-euukheddappmemcngwqshzhuduna/Build/Intermediates.noindex/ChessScanner.build/Debug-iphonesimulator/ChessScanner.build/assetcatalog_output/thinned/AppIcon76x76@2x~ipad.png
/Users/runner/Library/Developer/Xcode/DerivedData/ChessScanner-euukheddappmemcngwqshzhuduna/Build/Intermediates.noindex/ChessScanner.build/Debug-iphonesimulator/ChessScanner.build/assetcatalog_output/thinned/Assets.car


PrecompileModule /Users/runner/Library/Developer/Xcode/DerivedData/ChessScanner-euukheddappmemcngwqshzhuduna/Build/Intermediates.noindex/ExplicitPrecompiledModules/ObjectiveC-C1AF4DKY2TA2AJFHRW5JI7IYA.scan
    cd /
    builtin-precompileModule /Users/runner/Library/Developer/Xcode/DerivedData/ChessScanner-euukheddappmemcngwqshzhuduna/Build/Intermediates.noindex/ExplicitPrecompiledModules/ObjectiveC-C1AF4DKY2TA2AJFHRW5JI7IYA.scan

PrecompileModule /Users/runner/Library/Developer/Xcode/DerivedData/ChessScanner-euukheddappmemcngwqshzhuduna/Build/Intermediates.noindex/ExplicitPrecompiledModules/os_object-5GJ78BGPC40KJZ7WXOJ8SX2JE.scan
    cd /
    builtin-precompileModule /Users/runner/Library/Developer/Xcode/DerivedData/ChessScanner-euukheddappmemcngwqshzhuduna/Build/Intermediates.noindex/ExplicitPrecompiledModules/os_object-5GJ78BGPC40KJZ7WXOJ8SX2JE.scan

PrecompileModule /Users/runner/Library/Developer/Xcode/DerivedData/ChessScanner-euukheddappmemcngwqshzhuduna/Build/Intermediates.noindex/ExplicitPrecompiledModules/os_workgroup-6HYPFH2E09SF5I1FFSBRXPTPK.scan
    cd /
    builtin-precompileModule /Users/runner/Library/Developer/Xcode/DerivedData/ChessScanner-euukheddappmemcngwqshzhuduna/Build/Intermediates.noindex/ExplicitPrecompiledModules/os_workgroup-6HYPFH2E09SF5I1FFSBRXPTPK.scan

RegisterExecutionPolicyException /Users/runner/Library/Developer/Xcode/DerivedData/ChessScanner-euukheddappmemcngwqshzhuduna/Build/Products/Debug-iphonesimulator/OnnxRuntimeBindings.o (in target 'OnnxRuntimeBindings' from project 'onnxruntime')
    cd /Users/runner/Library/Developer/Xcode/DerivedData/ChessScanner-euukheddappmemcngwqshzhuduna/SourcePackages/checkouts/onnxruntime-swift-package-manager
    builtin-RegisterExecutionPolicyException /Users/runner/Library/Developer/Xcode/DerivedData/ChessScanner-euukheddappmemcngwqshzhuduna/Build/Products/Debug-iphonesimulator/OnnxRuntimeBindings.o

PrecompileModule /Users/runner/Library/Developer/Xcode/DerivedData/ChessScanner-euukheddappmemcngwqshzhuduna/Build/Intermediates.noindex/ExplicitPrecompiledModules/Dispatch-1HXZZEV76559OFLO6LH4HHZC3.scan
    cd /
    builtin-precompileModule /Users/runner/Library/Developer/Xcode/DerivedData/ChessScanner-euukheddappmemcngwqshzhuduna/Build/Intermediates.noindex/ExplicitPrecompiledModules/Dispatch-1HXZZEV76559OFLO6LH4HHZC3.scan

PrecompileModule /Users/runner/Library/Developer/Xcode/DerivedData/ChessScanner-euukheddappmemcngwqshzhuduna/Build/Intermediates.noindex/ExplicitPrecompiledModules/XPC-76BA4COWZ3IP698D1V9QAHM4U.scan
    cd /
    builtin-precompileModule /Users/runner/Library/Developer/Xcode/DerivedData/ChessScanner-euukheddappmemcngwqshzhuduna/Build/Intermediates.noindex/ExplicitPrecompiledModules/XPC-76BA4COWZ3IP698D1V9QAHM4U.scan

PrecompileModule /Users/runner/Library/Developer/Xcode/DerivedData/ChessScanner-euukheddappmemcngwqshzhuduna/Build/Intermediates.noindex/ExplicitPrecompiledModules/CoreFoundation-8DKH95M8TLTF823ZG6GFKIZGX.scan
    cd /
    builtin-precompileModule /Users/runner/Library/Developer/Xcode/DerivedData/ChessScanner-euukheddappmemcngwqshzhuduna/Build/Intermediates.noindex/ExplicitPrecompiledModules/CoreFoundation-8DKH95M8TLTF823ZG6GFKIZGX.scan

SwiftDriver ChessScanner normal arm64 com.apple.xcode.tools.swift.compiler (in target 'ChessScanner' from project 'ChessScanner')
    cd /Users/runner/work/chess-scanner-app/chess-scanner-app
    builtin-SwiftDriver -- /Applications/Xcode_26.3.app/Contents/Developer/Toolchains/XcodeDefault.xctoolchain/usr/bin/swiftc -module-name Chess_Scanner -Onone -enforce-exclusivity\=checked @/Users/runner/Library/Developer/Xcode/DerivedData/ChessScanner-euukheddappmemcngwqshzhuduna/Build/Intermediates.noindex/ChessScanner.build/Debug-iphonesimulator/ChessScanner.build/Objects-normal/arm64/Chess\ Scanner.SwiftFileList -DDEBUG -Xcc -fmodule-map-file\=/Users/runner/Library/Developer/Xcode/DerivedData/ChessScanner-euukheddappmemcngwqshzhuduna/Build/Intermediates.noindex/GeneratedModuleMaps-iphonesimulator/ChessKitEngineCore.modulemap -Xcc -fmodule-map-file\=/Users/runner/Library/Developer/Xcode/DerivedData/ChessScanner-euukheddappmemcngwqshzhuduna/Build/Intermediates.noindex/GeneratedModuleMaps-iphonesimulator/OnnxRuntimeBindings.modulemap -enable-experimental-feature DebugDescriptionMacro -sdk /Applications/Xcode_26.3.app/Contents/Developer/Platforms/iPhoneSimulator.platform/Developer/SDKs/iPhoneSimulator26.2.sdk -target arm64-apple-ios17.0-simulator -g -module-cache-path /Users/runner/Library/Developer/Xcode/DerivedData/ModuleCache.noindex -Xfrontend -serialize-debugging-options -enable-testing -index-store-path /Users/runner/Library/Developer/Xcode/DerivedData/ChessScanner-euukheddappmemcngwqshzhuduna/Index.noindex/DataStore -Xcc -D_LIBCPP_HARDENING_MODE\=_LIBCPP_HARDENING_MODE_DEBUG -swift-version 6 -I /Users/runner/Library/Developer/Xcode/DerivedData/ChessScanner-euukheddappmemcngwqshzhuduna/Build/Products/Debug-iphonesimulator -F /Users/runner/Library/Developer/Xcode/DerivedData/ChessScanner-euukheddappmemcngwqshzhuduna/Build/Products/Debug-iphonesimulator/PackageFrameworks -F /Users/runner/Library/Developer/Xcode/DerivedData/ChessScanner-euukheddappmemcngwqshzhuduna/Build/Products/Debug-iphonesimulator/PackageFrameworks -F /Users/runner/Library/Developer/Xcode/DerivedData/ChessScanner-euukheddappmemcngwqshzhuduna/Build/Products/Debug-iphonesimulator/PackageFrameworks -F /Users/runner/Library/Developer/Xcode/DerivedData/ChessScanner-euukheddappmemcngwqshzhuduna/Build/Products/Debug-iphonesimulator -emit-localized-strings -emit-localized-strings-path /Users/runner/Library/Developer/Xcode/DerivedData/ChessScanner-euukheddappmemcngwqshzhuduna/Build/Intermediates.noindex/ChessScanner.build/Debug-iphonesimulator/ChessScanner.build/Objects-normal/arm64 -c -j3 -enable-batch-mode -incremental -Xcc -ivfsstatcache -Xcc /Users/runner/Library/Developer/Xcode/DerivedData/SDKStatCaches.noindex/iphonesimulator26.2-23C57-dc75598d0054f22ec865fa860f139d72e244bd9a5feaf902f95f61bf06266e52.sdkstatcache -output-file-map /Users/runner/Library/Developer/Xcode/DerivedData/ChessScanner-euukheddappmemcngwqshzhuduna/Build/Intermediates.noindex/ChessScanner.build/Debug-iphonesimulator/ChessScanner.build/Objects-normal/arm64/ChessScanner-OutputFileMap.json -use-frontend-parseable-output -save-temps -no-color-diagnostics -explicit-module-build -module-cache-path /Users/runner/Library/Developer/Xcode/DerivedData/ChessScanner-euukheddappmemcngwqshzhuduna/Build/Intermediates.noindex/SwiftExplicitPrecompiledModules -clang-scanner-module-cache-path /Users/runner/Library/Developer/Xcode/DerivedData/ModuleCache.noindex -sdk-module-cache-path /Users/runner/Library/Developer/Xcode/DerivedData/ModuleCache.noindex -serialize-diagnostics -emit-dependencies -emit-module -emit-module-path /Users/runner/Library/Developer/Xcode/DerivedData/ChessScanner-euukheddappmemcngwqshzhuduna/Build/Intermediates.noindex/ChessScanner.build/Debug-iphonesimulator/ChessScanner.build/Objects-normal/arm64/Chess_Scanner.swiftmodule -validate-clang-modules-once -clang-build-session-file /Users/runner/Library/Developer/Xcode/DerivedData/ModuleCache.noindex/Session.modulevalidation -Xcc -I/Users/runner/Library/Developer/Xcode/DerivedData/ChessScanner-euukheddappmemcngwqshzhuduna/Build/Intermediates.noindex/ChessScanner.build/Debug-iphonesimulator/ChessScanner.build/swift-overrides.hmap -emit-const-values -Xfrontend -const-gather-protocols-file -Xfrontend /Users/runner/Library/Developer/Xcode/DerivedData/ChessScanner-euukheddappmemcngwqshzhuduna/Build/Intermediates.noindex/ChessScanner.build/Debug-iphonesimulator/ChessScanner.build/Objects-normal/arm64/ChessScanner_const_extract_protocols.json -Xcc -iquote -Xcc /Users/runner/Library/Developer/Xcode/DerivedData/ChessScanner-euukheddappmemcngwqshzhuduna/Build/Intermediates.noindex/ChessScanner.build/Debug-iphonesimulator/ChessScanner.build/Chess\ Scanner-generated-files.hmap -Xcc -I/Users/runner/Library/Developer/Xcode/DerivedData/ChessScanner-euukheddappmemcngwqshzhuduna/Build/Intermediates.noindex/ChessScanner.build/Debug-iphonesimulator/ChessScanner.build/Chess\ Scanner-own-target-headers.hmap -Xcc -I/Users/runner/Library/Developer/Xcode/DerivedData/ChessScanner-euukheddappmemcngwqshzhuduna/Build/Intermediates.noindex/ChessScanner.build/Debug-iphonesimulator/ChessScanner.build/Chess\ Scanner-all-non-framework-target-headers.hmap -Xcc -ivfsoverlay -Xcc /Users/runner/Library/Developer/Xcode/DerivedData/ChessScanner-euukheddappmemcngwqshzhuduna/Build/Intermediates.noindex/ChessScanner.build/Debug-iphonesimulator/ChessScanner-3f4567d96badc65b92a10b462b166f8f-VFS-iphonesimulator/all-product-headers.yaml -Xcc -iquote -Xcc /Users/runner/Library/Developer/Xcode/DerivedData/ChessScanner-euukheddappmemcngwqshzhuduna/Build/Intermediates.noindex/ChessScanner.build/Debug-iphonesimulator/ChessScanner.build/Chess\ Scanner-project-headers.hmap -Xcc -I/Users/runner/Library/Developer/Xcode/DerivedData/ChessScanner-euukheddappmemcngwqshzhuduna/SourcePackages/checkouts/chesskit-engine/Sources/ChessKitEngineCore/include -Xcc -I/Users/runner/Library/Developer/Xcode/DerivedData/ChessScanner-euukheddappmemcngwqshzhuduna/SourcePackages/checkouts/onnxruntime-swift-package-manager/objectivec/include -Xcc -I/Users/runner/Library/Developer/Xcode/DerivedData/ChessScanner-euukheddappmemcngwqshzhuduna/Build/Products/Debug-iphonesimulator/include -Xcc -I/Users/runner/Library/Developer/Xcode/DerivedData/ChessScanner-euukheddappmemcngwqshzhuduna/Build/Intermediates.noindex/ChessScanner.build/Debug-iphonesimulator/ChessScanner.build/DerivedSources-normal/arm64 -Xcc -I/Users/runner/Library/Developer/Xcode/DerivedData/ChessScanner-euukheddappmemcngwqshzhuduna/Build/Intermediates.noindex/ChessScanner.build/Debug-iphonesimulator/ChessScanner.build/DerivedSources/arm64 -Xcc -I/Users/runner/Library/Developer/Xcode/DerivedData/ChessScanner-euukheddappmemcngwqshzhuduna/Build/Intermediates.noindex/ChessScanner.build/Debug-iphonesimulator/ChessScanner.build/DerivedSources -Xcc -DDEBUG\=1 -emit-objc-header -emit-objc-header-path /Users/runner/Library/Developer/Xcode/DerivedData/ChessScanner-euukheddappmemcngwqshzhuduna/Build/Intermediates.noindex/ChessScanner.build/Debug-iphonesimulator/ChessScanner.build/Objects-normal/arm64/Chess_Scanner-Swift.h -working-directory /Users/runner/work/chess-scanner-app/chess-scanner-app -experimental-emit-module-separately -disable-cmo

PrecompileModule /Users/runner/Library/Developer/Xcode/DerivedData/ChessScanner-euukheddappmemcngwqshzhuduna/Build/Intermediates.noindex/ExplicitPrecompiledModules/CFNetwork-4KMIUM5GPRK52HHC6L8TSNRF0.scan
    cd /
    builtin-precompileModule /Users/runner/Library/Developer/Xcode/DerivedData/ChessScanner-euukheddappmemcngwqshzhuduna/Build/Intermediates.noindex/ExplicitPrecompiledModules/CFNetwork-4KMIUM5GPRK52HHC6L8TSNRF0.scan

PrecompileModule /Users/runner/Library/Developer/Xcode/DerivedData/ChessScanner-euukheddappmemcngwqshzhuduna/Build/Intermediates.noindex/ExplicitPrecompiledModules/Security-D7XHBROEJ8ALLAU3745O039K3.scan
    cd /
    builtin-precompileModule /Users/runner/Library/Developer/Xcode/DerivedData/ChessScanner-euukheddappmemcngwqshzhuduna/Build/Intermediates.noindex/ExplicitPrecompiledModules/Security-D7XHBROEJ8ALLAU3745O039K3.scan

PrecompileModule /Users/runner/Library/Developer/Xcode/DerivedData/ChessScanner-euukheddappmemcngwqshzhuduna/Build/Intermediates.noindex/ExplicitPrecompiledModules/Foundation-4UACWAAPMBF1GF06DOPBIWICA.scan
    cd /
    builtin-precompileModule /Users/runner/Library/Developer/Xcode/DerivedData/ChessScanner-euukheddappmemcngwqshzhuduna/Build/Intermediates.noindex/ExplicitPrecompiledModules/Foundation-4UACWAAPMBF1GF06DOPBIWICA.scan

CompileC /Users/runner/Library/Developer/Xcode/DerivedData/ChessScanner-euukheddappmemcngwqshzhuduna/Build/Intermediates.noindex/ChessKitEngine.build/Debug-iphonesimulator/ChessKitEngineCore.build/Objects-normal/arm64/Logging-924ba7ebab02c01f13b8853fee7643a3.o /Users/runner/Library/Developer/Xcode/DerivedData/ChessScanner-euukheddappmemcngwqshzhuduna/SourcePackages/checkouts/chesskit-engine/Sources/ChessKitEngineCore/Logging/Logging.m normal arm64 objective-c com.apple.compilers.llvm.clang.1_0.compiler (in target 'ChessKitEngineCore' from project 'ChessKitEngine')
    cd /Users/runner/work/chess-scanner-app/chess-scanner-app/ChessScanner.xcodeproj
    
    Using response file: /Users/runner/Library/Developer/Xcode/DerivedData/ChessScanner-euukheddappmemcngwqshzhuduna/Build/Intermediates.noindex/ChessKitEngine.build/Debug-iphonesimulator/ChessKitEngineCore.build/Objects-normal/arm64/e6072d4f65d7061329687fe24e3d63a7-common-args.resp
    
    /Applications/Xcode_26.3.app/Contents/Developer/Toolchains/XcodeDefault.xctoolchain/usr/bin/clang -x objective-c -ivfsstatcache /Users/runner/Library/Developer/Xcode/DerivedData/SDKStatCaches.noindex/iphonesimulator26.2-23C57-dc75598d0054f22ec865fa860f139d72e244bd9a5feaf902f95f61bf06266e52.sdkstatcache -fmessage-length\=0 -fdiagnostics-show-note-include-stack -fmacro-backtrace-limit\=0 -fno-color-diagnostics -fmodules-prune-interval\=86400 -fmodules-prune-after\=345600 -fbuild-session-file\=/Users/runner/Library/Developer/Xcode/DerivedData/ModuleCache.noindex/Session.modulevalidation -fmodules-validate-once-per-build-session -Wnon-modular-include-in-framework-module -Werror\=non-modular-include-in-framework-module -Wno-trigraphs -Wno-missing-field-initializers -Wno-missing-prototypes -Wno-return-type -Wno-implicit-atomic-properties -Wno-objc-interface-ivars -Wno-arc-repeated-use-of-weak -Wno-missing-braces -Wparentheses -Wswitch -Wno-unused-function -Wno-unused-label -Wno-unused-parameter -Wno-unused-variable -Wunused-value -Wno-empty-body -Wno-uninitialized -Wno-unknown-pragmas -w -Wno-shadow -Wno-four-char-constants -Wno-conversion -Wno-constant-conversion -Wno-int-conversion -Wno-bool-conversion -Wno-enum-conversion -Wno-float-conversion -Wno-non-literal-null-conversion -Wno-objc-literal-conversion -Wshorten-64-to-32 -Wpointer-sign -Wno-newline-eof -Wno-selector -Wno-strict-selector-match -Wno-undeclared-selector -Wno-deprecated-implementations -Wno-implicit-fallthrough -fstrict-aliasing -Wprotocol -Wdeprecated-declarations -Wno-sign-conversion -Wno-infinite-recursion -Wno-comma -Wno-block-capture-autoreleasing -Wno-strict-prototypes -Wno-semicolon-before-method-body -index-store-path /Users/runner/Library/Developer/Xcode/DerivedData/ChessScanner-euukheddappmemcngwqshzhuduna/Index.noindex/DataStore @/Users/runner/Library/Developer/Xcode/DerivedData/ChessScanner-euukheddappmemcngwqshzhuduna/Build/Intermediates.noindex/ChessKitEngine.build/Debug-iphonesimulator/ChessKitEngineCore.build/Objects-normal/arm64/e6072d4f65d7061329687fe24e3d63a7-common-args.resp -MMD -MT dependencies -MF /Users/runner/Library/Developer/Xcode/DerivedData/ChessScanner-euukheddappmemcngwqshzhuduna/Build/Intermediates.noindex/ChessKitEngine.build/Debug-iphonesimulator/ChessKitEngineCore.build/Objects-normal/arm64/Logging-924ba7ebab02c01f13b8853fee7643a3.d --serialize-diagnostics /Users/runner/Library/Developer/Xcode/DerivedData/ChessScanner-euukheddappmemcngwqshzhuduna/Build/Intermediates.noindex/ChessKitEngine.build/Debug-iphonesimulator/ChessKitEngineCore.build/Objects-normal/arm64/Logging-924ba7ebab02c01f13b8853fee7643a3.dia -c /Users/runner/Library/Developer/Xcode/DerivedData/ChessScanner-euukheddappmemcngwqshzhuduna/SourcePackages/checkouts/chesskit-engine/Sources/ChessKitEngineCore/Logging/Logging.m -o /Users/runner/Library/Developer/Xcode/DerivedData/ChessScanner-euukheddappmemcngwqshzhuduna/Build/Intermediates.noindex/ChessKitEngine.build/Debug-iphonesimulator/ChessKitEngineCore.build/Objects-normal/arm64/Logging-924ba7ebab02c01f13b8853fee7643a3.o -index-unit-output-path /ChessKitEngine.build/Debug-iphonesimulator/ChessKitEngineCore.build/Objects-normal/arm64/Logging-924ba7ebab02c01f13b8853fee7643a3.o

Ld /Users/runner/Library/Developer/Xcode/DerivedData/ChessScanner-euukheddappmemcngwqshzhuduna/Build/Products/Debug-iphonesimulator/ChessKitEngineCore.o normal (in target 'ChessKitEngineCore' from project 'ChessKitEngine')
    cd /Users/runner/Library/Developer/Xcode/DerivedData/ChessScanner-euukheddappmemcngwqshzhuduna/SourcePackages/checkouts/chesskit-engine
    /Applications/Xcode_26.3.app/Contents/Developer/Toolchains/XcodeDefault.xctoolchain/usr/bin/clang++ -Xlinker -reproducible -target arm64-apple-ios16.0-simulator -r -isysroot /Applications/Xcode_26.3.app/Contents/Developer/Platforms/iPhoneSimulator.platform/Developer/SDKs/iPhoneSimulator26.2.sdk -O0 -w -L/Users/runner/Library/Developer/Xcode/DerivedData/ChessScanner-euukheddappmemcngwqshzhuduna/Build/Intermediates.noindex/EagerLinkingTBDs/Debug-iphonesimulator -L/Users/runner/Library/Developer/Xcode/DerivedData/ChessScanner-euukheddappmemcngwqshzhuduna/Build/Products/Debug-iphonesimulator -L/Applications/Xcode_26.3.app/Contents/Developer/Platforms/iPhoneSimulator.platform/Developer/usr/lib -F/Users/runner/Library/Developer/Xcode/DerivedData/ChessScanner-euukheddappmemcngwqshzhuduna/Build/Intermediates.noindex/EagerLinkingTBDs/Debug-iphonesimulator -F/Users/runner/Library/Developer/Xcode/DerivedData/ChessScanner-euukheddappmemcngwqshzhuduna/Build/Products/Debug-iphonesimulator -iframework /Applications/Xcode_26.3.app/Contents/Developer/Platforms/iPhoneSimulator.platform/Developer/Library/Frameworks -iframework /Applications/Xcode_26.3.app/Contents/Developer/Platforms/iPhoneSimulator.platform/Developer/SDKs/iPhoneSimulator26.2.sdk/Developer/Library/Frameworks -filelist /Users/runner/Library/Developer/Xcode/DerivedData/ChessScanner-euukheddappmemcngwqshzhuduna/Build/Intermediates.noindex/ChessKitEngine.build/Debug-iphonesimulator/ChessKitEngineCore.build/Objects-normal/arm64/ChessKitEngineCore.LinkFileList -nostdlib -Xlinker -object_path_lto -Xlinker /Users/runner/Library/Developer/Xcode/DerivedData/ChessScanner-euukheddappmemcngwqshzhuduna/Build/Intermediates.noindex/ChessKitEngine.build/Debug-iphonesimulator/ChessKitEngineCore.build/Objects-normal/arm64/ChessKitEngineCore_lto.o -rdynamic -Xlinker -no_deduplicate -Xlinker -objc_abi_version -Xlinker 2 -Xlinker -dependency_info -Xlinker /Users/runner/Library/Developer/Xcode/DerivedData/ChessScanner-euukheddappmemcngwqshzhuduna/Build/Intermediates.noindex/ChessKitEngine.build/Debug-iphonesimulator/ChessKitEngineCore.build/Objects-normal/arm64/ChessKitEngineCore_dependency_info.dat -fobjc-arc -fobjc-link-runtime -o /Users/runner/Library/Developer/Xcode/DerivedData/ChessScanner-euukheddappmemcngwqshzhuduna/Build/Products/Debug-iphonesimulator/ChessKitEngineCore.o

RegisterExecutionPolicyException /Users/runner/Library/Developer/Xcode/DerivedData/ChessScanner-euukheddappmemcngwqshzhuduna/Build/Products/Debug-iphonesimulator/ChessKitEngineCore.o (in target 'ChessKitEngineCore' from project 'ChessKitEngine')
    cd /Users/runner/Library/Developer/Xcode/DerivedData/ChessScanner-euukheddappmemcngwqshzhuduna/SourcePackages/checkouts/chesskit-engine
    builtin-RegisterExecutionPolicyException /Users/runner/Library/Developer/Xcode/DerivedData/ChessScanner-euukheddappmemcngwqshzhuduna/Build/Products/Debug-iphonesimulator/ChessKitEngineCore.o

Ld /Users/runner/Library/Developer/Xcode/DerivedData/ChessScanner-euukheddappmemcngwqshzhuduna/Build/Products/Debug-iphonesimulator/ChessKitEngine.o normal (in target 'ChessKitEngine' from project 'ChessKitEngine')
    cd /Users/runner/Library/Developer/Xcode/DerivedData/ChessScanner-euukheddappmemcngwqshzhuduna/SourcePackages/checkouts/chesskit-engine
    /Applications/Xcode_26.3.app/Contents/Developer/Toolchains/XcodeDefault.xctoolchain/usr/bin/clang -Xlinker -reproducible -target arm64-apple-ios16.0-simulator -r -isysroot /Applications/Xcode_26.3.app/Contents/Developer/Platforms/iPhoneSimulator.platform/Developer/SDKs/iPhoneSimulator26.2.sdk -O0 -w -L/Users/runner/Library/Developer/Xcode/DerivedData/ChessScanner-euukheddappmemcngwqshzhuduna/Build/Intermediates.noindex/EagerLinkingTBDs/Debug-iphonesimulator -L/Users/runner/Library/Developer/Xcode/DerivedData/ChessScanner-euukheddappmemcngwqshzhuduna/Build/Products/Debug-iphonesimulator -L/Applications/Xcode_26.3.app/Contents/Developer/Platforms/iPhoneSimulator.platform/Developer/usr/lib -F/Users/runner/Library/Developer/Xcode/DerivedData/ChessScanner-euukheddappmemcngwqshzhuduna/Build/Intermediates.noindex/EagerLinkingTBDs/Debug-iphonesimulator -F/Users/runner/Library/Developer/Xcode/DerivedData/ChessScanner-euukheddappmemcngwqshzhuduna/Build/Products/Debug-iphonesimulator/PackageFrameworks -F/Users/runner/Library/Developer/Xcode/DerivedData/ChessScanner-euukheddappmemcngwqshzhuduna/Build/Products/Debug-iphonesimulator -iframework /Applications/Xcode_26.3.app/Contents/Developer/Platforms/iPhoneSimulator.platform/Developer/Library/Frameworks -iframework /Applications/Xcode_26.3.app/Contents/Developer/Platforms/iPhoneSimulator.platform/Developer/SDKs/iPhoneSimulator26.2.sdk/Developer/Library/Frameworks -filelist /Users/runner/Library/Developer/Xcode/DerivedData/ChessScanner-euukheddappmemcngwqshzhuduna/Build/Intermediates.noindex/ChessKitEngine.build/Debug-iphonesimulator/ChessKitEngine.build/Objects-normal/arm64/ChessKitEngine.LinkFileList -nostdlib -Xlinker -object_path_lto -Xlinker /Users/runner/Library/Developer/Xcode/DerivedData/ChessScanner-euukheddappmemcngwqshzhuduna/Build/Intermediates.noindex/ChessKitEngine.build/Debug-iphonesimulator/ChessKitEngine.build/Objects-normal/arm64/ChessKitEngine_lto.o -rdynamic -Xlinker -no_deduplicate -Xlinker -objc_abi_version -Xlinker 2 -Xlinker -dependency_info -Xlinker /Users/runner/Library/Developer/Xcode/DerivedData/ChessScanner-euukheddappmemcngwqshzhuduna/Build/Intermediates.noindex/ChessKitEngine.build/Debug-iphonesimulator/ChessKitEngine.build/Objects-normal/arm64/ChessKitEngine_dependency_info.dat -fobjc-link-runtime -L/Applications/Xcode_26.3.app/Contents/Developer/Toolchains/XcodeDefault.xctoolchain/usr/lib/swift/iphonesimulator -L/usr/lib/swift -Xlinker -add_ast_path -Xlinker /Users/runner/Library/Developer/Xcode/DerivedData/ChessScanner-euukheddappmemcngwqshzhuduna/Build/Intermediates.noindex/ChessKitEngine.build/Debug-iphonesimulator/ChessKitEngine.build/Objects-normal/arm64/ChessKitEngine.swiftmodule @/Users/runner/Library/Developer/Xcode/DerivedData/ChessScanner-euukheddappmemcngwqshzhuduna/Build/Intermediates.noindex/ChessKitEngine.build/Debug-iphonesimulator/ChessKitEngine.build/Objects-normal/arm64/ChessKitEngine-linker-args.resp -o /Users/runner/Library/Developer/Xcode/DerivedData/ChessScanner-euukheddappmemcngwqshzhuduna/Build/Products/Debug-iphonesimulator/ChessKitEngine.o

ExtractAppIntentsMetadata (in target 'ChessKitEngine' from project 'ChessKitEngine')
    cd /Users/runner/Library/Developer/Xcode/DerivedData/ChessScanner-euukheddappmemcngwqshzhuduna/SourcePackages/checkouts/chesskit-engine
    /Applications/Xcode_26.3.app/Contents/Developer/Toolchains/XcodeDefault.xctoolchain/usr/bin/appintentsmetadataprocessor --toolchain-dir /var/run/com.apple.security.cryptexd/mnt/com.apple.MobileAsset.MetalToolchain-v17.3.7003.10.t02uNi/Metal.xctoolchain --module-name ChessKitEngine --sdk-root /Applications/Xcode_26.3.app/Contents/Developer/Platforms/iPhoneSimulator.platform/Developer/SDKs/iPhoneSimulator26.2.sdk --xcode-version 17C529 --platform-family iOS --deployment-target 16.0 --bundle-identifier chesskit-engine.ChessKitEngine --output /Users/runner/Library/Developer/Xcode/DerivedData/ChessScanner-euukheddappmemcngwqshzhuduna/Build/Products/Debug-iphonesimulator/ChessKitEngine.appintents --target-triple arm64-apple-ios16.0-simulator --binary-file /Users/runner/Library/Developer/Xcode/DerivedData/ChessScanner-euukheddappmemcngwqshzhuduna/Build/Products/Debug-iphonesimulator/ChessKitEngine.o --dependency-file /Users/runner/Library/Developer/Xcode/DerivedData/ChessScanner-euukheddappmemcngwqshzhuduna/Build/Intermediates.noindex/ChessKitEngine.build/Debug-iphonesimulator/ChessKitEngine.build/Objects-normal/arm64/ChessKitEngine_dependency_info.dat --stringsdata-file /Users/runner/Library/Developer/Xcode/DerivedData/ChessScanner-euukheddappmemcngwqshzhuduna/Build/Intermediates.noindex/ChessKitEngine.build/Debug-iphonesimulator/ChessKitEngine.build/Objects-normal/arm64/ExtractedAppShortcutsMetadata.stringsdata --source-file-list /Users/runner/Library/Developer/Xcode/DerivedData/ChessScanner-euukheddappmemcngwqshzhuduna/Build/Intermediates.noindex/ChessKitEngine.build/Debug-iphonesimulator/ChessKitEngine.build/Objects-normal/arm64/ChessKitEngine.SwiftFileList --metadata-file-list /Users/runner/Library/Developer/Xcode/DerivedData/ChessScanner-euukheddappmemcngwqshzhuduna/Build/Intermediates.noindex/ChessKitEngine.build/Debug-iphonesimulator/ChessKitEngine.build/ChessKitEngine.DependencyMetadataFileList --static-metadata-file-list /Users/runner/Library/Developer/Xcode/DerivedData/ChessScanner-euukheddappmemcngwqshzhuduna/Build/Intermediates.noindex/ChessKitEngine.build/Debug-iphonesimulator/ChessKitEngine.build/ChessKitEngine.DependencyStaticMetadataFileList --swift-const-vals-list /Users/runner/Library/Developer/Xcode/DerivedData/ChessScanner-euukheddappmemcngwqshzhuduna/Build/Intermediates.noindex/ChessKitEngine.build/Debug-iphonesimulator/ChessKitEngine.build/Objects-normal/arm64/ChessKitEngine.SwiftConstValuesFileList --force --compile-time-extraction --deployment-aware-processing --validate-assistant-intents --no-app-shortcuts-localization
2026-10-03 01:35:57.676 appintentsmetadataprocessor[12801:39117] Starting appintentsmetadataprocessor export
2026-10-03 01:35:58.647 appintentsmetadataprocessor[12801:39117] Extracted no relevant App Intents symbols, skipping writing output

RegisterExecutionPolicyException /Users/runner/Library/Developer/Xcode/DerivedData/ChessScanner-euukheddappmemcngwqshzhuduna/Build/Products/Debug-iphonesimulator/ChessKitEngine.o (in target 'ChessKitEngine' from project 'ChessKitEngine')
    cd /Users/runner/Library/Developer/Xcode/DerivedData/ChessScanner-euukheddappmemcngwqshzhuduna/SourcePackages/checkouts/chesskit-engine
    builtin-RegisterExecutionPolicyException /Users/runner/Library/Developer/Xcode/DerivedData/ChessScanner-euukheddappmemcngwqshzhuduna/Build/Products/Debug-iphonesimulator/ChessKitEngine.o

CpResource /Users/runner/Library/Developer/Xcode/DerivedData/ChessScanner-euukheddappmemcngwqshzhuduna/Build/Products/Debug-iphonesimulator/Chess\ Scanner.app/nn-37f18f62d772.nnue /Users/runner/work/chess-scanner-app/chess-scanner-app/ChessScanner/Resources/NNUE/nn-37f18f62d772.nnue (in target 'ChessScanner' from project 'ChessScanner')
    cd /Users/runner/work/chess-scanner-app/chess-scanner-app
    builtin-copy -exclude .DS_Store -exclude CVS -exclude .svn -exclude .git -exclude .hg -resolve-src-symlinks /Users/runner/work/chess-scanner-app/chess-scanner-app/ChessScanner/Resources/NNUE/nn-37f18f62d772.nnue /Users/runner/Library/Developer/Xcode/DerivedData/ChessScanner-euukheddappmemcngwqshzhuduna/Build/Products/Debug-iphonesimulator/Chess\ Scanner.app

Ld /Users/runner/Library/Developer/Xcode/DerivedData/ChessScanner-euukheddappmemcngwqshzhuduna/Build/Products/Debug-iphonesimulator/Chess\ Scanner.app/__preview.dylib normal (in target 'ChessScanner' from project 'ChessScanner')
    cd /Users/runner/work/chess-scanner-app/chess-scanner-app
    /Applications/Xcode_26.3.app/Contents/Developer/Toolchains/XcodeDefault.xctoolchain/usr/bin/clang -Xlinker -reproducible -target arm64-apple-ios17.0-simulator -dynamiclib -isysroot /Applications/Xcode_26.3.app/Contents/Developer/Platforms/iPhoneSimulator.platform/Developer/SDKs/iPhoneSimulator26.2.sdk -O0 -L/Users/runner/Library/Developer/Xcode/DerivedData/ChessScanner-euukheddappmemcngwqshzhuduna/Build/Products/Debug-iphonesimulator -F/Users/runner/Library/Developer/Xcode/DerivedData/ChessScanner-euukheddappmemcngwqshzhuduna/Build/Products/Debug-iphonesimulator/PackageFrameworks -F/Users/runner/Library/Developer/Xcode/DerivedData/ChessScanner-euukheddappmemcngwqshzhuduna/Build/Products/Debug-iphonesimulator/PackageFrameworks -F/Users/runner/Library/Developer/Xcode/DerivedData/ChessScanner-euukheddappmemcngwqshzhuduna/Build/Products/Debug-iphonesimulator/PackageFrameworks -F/Users/runner/Library/Developer/Xcode/DerivedData/ChessScanner-euukheddappmemcngwqshzhuduna/Build/Products/Debug-iphonesimulator -install_name @rpath/Chess\ Scanner.debug.dylib -dead_strip -rdynamic -Xlinker -no_deduplicate -Xlinker -objc_abi_version -Xlinker 2 -Xlinker -dependency_info -Xlinker /Users/runner/Library/Developer/Xcode/DerivedData/ChessScanner-euukheddappmemcngwqshzhuduna/Build/Intermediates.noindex/ChessScanner.build/Debug-iphonesimulator/ChessScanner.build/Objects-normal/arm64/Chess\ Scanner_dependency_info.dat -o /Users/runner/Library/Developer/Xcode/DerivedData/ChessScanner-euukheddappmemcngwqshzhuduna/Build/Products/Debug-iphonesimulator/Chess\ Scanner.app/__preview.dylib

CpResource /Users/runner/Library/Developer/Xcode/DerivedData/ChessScanner-euukheddappmemcngwqshzhuduna/Build/Products/Debug-iphonesimulator/Chess\ Scanner.app/nn-1111cefa1111.nnue /Users/runner/work/chess-scanner-app/chess-scanner-app/ChessScanner/Resources/NNUE/nn-1111cefa1111.nnue (in target 'ChessScanner' from project 'ChessScanner')
    cd /Users/runner/work/chess-scanner-app/chess-scanner-app
    builtin-copy -exclude .DS_Store -exclude CVS -exclude .svn -exclude .git -exclude .hg -resolve-src-symlinks /Users/runner/work/chess-scanner-app/chess-scanner-app/ChessScanner/Resources/NNUE/nn-1111cefa1111.nnue /Users/runner/Library/Developer/Xcode/DerivedData/ChessScanner-euukheddappmemcngwqshzhuduna/Build/Products/Debug-iphonesimulator/Chess\ Scanner.app

CpResource /Users/runner/Library/Developer/Xcode/DerivedData/ChessScanner-euukheddappmemcngwqshzhuduna/Build/Products/Debug-iphonesimulator/Chess\ Scanner.app/chessquerieslite-vits-644-int8.onnx /Users/runner/work/chess-scanner-app/chess-scanner-app/ChessScanner/Resources/Models/chessquerieslite-vits-644-int8.onnx (in target 'ChessScanner' from project 'ChessScanner')
    cd /Users/runner/work/chess-scanner-app/chess-scanner-app
    builtin-copy -exclude .DS_Store -exclude CVS -exclude .svn -exclude .git -exclude .hg -resolve-src-symlinks /Users/runner/work/chess-scanner-app/chess-scanner-app/ChessScanner/Resources/Models/chessquerieslite-vits-644-int8.onnx /Users/runner/Library/Developer/Xcode/DerivedData/ChessScanner-euukheddappmemcngwqshzhuduna/Build/Products/Debug-iphonesimulator/Chess\ Scanner.app

CpResource /Users/runner/Library/Developer/Xcode/DerivedData/ChessScanner-euukheddappmemcngwqshzhuduna/Build/Products/Debug-iphonesimulator/Chess\ Scanner.app/PrivacyInfo.xcprivacy /Users/runner/work/chess-scanner-app/chess-scanner-app/ChessScanner/Resources/PrivacyInfo.xcprivacy (in target 'ChessScanner' from project 'ChessScanner')
    cd /Users/runner/work/chess-scanner-app/chess-scanner-app
    builtin-copy -exclude .DS_Store -exclude CVS -exclude .svn -exclude .git -exclude .hg -resolve-src-symlinks /Users/runner/work/chess-scanner-app/chess-scanner-app/ChessScanner/Resources/PrivacyInfo.xcprivacy /Users/runner/Library/Developer/Xcode/DerivedData/ChessScanner-euukheddappmemcngwqshzhuduna/Build/Products/Debug-iphonesimulator/Chess\ Scanner.app

Copy /Users/runner/Library/Developer/Xcode/DerivedData/ChessScanner-euukheddappmemcngwqshzhuduna/Build/Products/Debug-iphonesimulator/Chess\ Scanner.app/Frameworks/onnxruntime.framework /Users/runner/Library/Developer/Xcode/DerivedData/ChessScanner-euukheddappmemcngwqshzhuduna/SourcePackages/artifacts/onnxruntime-swift-package-manager/onnxruntime/onnxruntime.xcframework/ios-arm64_x86_64-simulator/onnxruntime.framework (in target 'ChessScanner' from project 'ChessScanner')
    cd /Users/runner/work/chess-scanner-app/chess-scanner-app
    builtin-copy -exclude .DS_Store -exclude CVS -exclude .svn -exclude .git -exclude .hg -exclude Headers -exclude PrivateHeaders -exclude Modules -exclude \*.tbd -resolve-src-symlinks -remove-static-executable /Users/runner/Library/Developer/Xcode/DerivedData/ChessScanner-euukheddappmemcngwqshzhuduna/SourcePackages/artifacts/onnxruntime-swift-package-manager/onnxruntime/onnxruntime.xcframework/ios-arm64_x86_64-simulator/onnxruntime.framework /Users/runner/Library/Developer/Xcode/DerivedData/ChessScanner-euukheddappmemcngwqshzhuduna/Build/Products/Debug-iphonesimulator/Chess\ Scanner.app/Frameworks
note: Injecting stub binary into codeless framework (in target 'ChessScanner' from project 'ChessScanner')
    /Applications/Xcode_26.3.app/Contents/Developer/Toolchains/XcodeDefault.xctoolchain/usr/bin/clang -isysroot /Applications/Xcode_26.3.app/Contents/Developer/Platforms/iPhoneSimulator.platform/Developer/SDKs/iPhoneSimulator26.2.sdk -x c -c /dev/null -target arm64-apple-ios17.0-simulator -o /private/var/folders/nj/vtw8zd2j31d1gdrtntc5y4600000gn/T/swbuild.tmp.Ez9eZQVV/Data.noindex/arm64-apple.o
    /Applications/Xcode_26.3.app/Contents/Developer/Toolchains/XcodeDefault.xctoolchain/usr/bin/clang -isysroot /Applications/Xcode_26.3.app/Contents/Developer/Platforms/iPhoneSimulator.platform/Developer/SDKs/iPhoneSimulator26.2.sdk -dynamiclib -Xlinker -adhoc_codesign -target arm64-apple-ios17.0-simulator -o /private/var/folders/nj/vtw8zd2j31d1gdrtntc5y4600000gn/T/swbuild.tmp.Ez9eZQVV/Data.noindex/arm64-apple /private/var/folders/nj/vtw8zd2j31d1gdrtntc5y4600000gn/T/swbuild.tmp.Ez9eZQVV/Data.noindex/arm64-apple.o
    /Applications/Xcode_26.3.app/Contents/Developer/Toolchains/XcodeDefault.xctoolchain/usr/bin/lipo -create -output '/Users/runner/Library/Developer/Xcode/DerivedData/ChessScanner-euukheddappmemcngwqshzhuduna/Build/Products/Debug-iphonesimulator/Chess Scanner.app/Frameworks/onnxruntime.framework/onnxruntime' /private/var/folders/nj/vtw8zd2j31d1gdrtntc5y4600000gn/T/swbuild.tmp.Ez9eZQVV/Data.noindex/arm64-apple

SwiftExplicitDependencyGeneratePcm arm64 /Users/runner/Library/Developer/Xcode/DerivedData/ModuleCache.noindex/ptrauth-36VIKZP1G83JGBC0RHYIB3FGZ.pcm

SwiftExplicitDependencyGeneratePcm arm64 /Users/runner/Library/Developer/Xcode/DerivedData/ModuleCache.noindex/_AvailabilityInternal-6RNY2VYDNJR374E4P4XYYX5YS.pcm

SwiftExplicitDependencyGeneratePcm arm64 /Users/runner/Library/Developer/Xcode/DerivedData/ModuleCache.noindex/_Builtin_stddef-1S6RYKY6PG0KP20CQPKWTG5F9.pcm

SwiftExplicitDependencyGeneratePcm arm64 /Users/runner/Library/Developer/Xcode/DerivedData/ModuleCache.noindex/_Builtin_stdarg-48N5PZQHFJAKZ61JP4KAUDRV6.pcm

SwiftExplicitDependencyGeneratePcm arm64 /Users/runner/Library/Developer/Xcode/DerivedData/ModuleCache.noindex/_Builtin_stdbool-5H41BJ1K83RDE9C2D48TZ2PCB.pcm

SwiftExplicitDependencyGeneratePcm arm64 /Users/runner/Library/Developer/Xcode/DerivedData/ModuleCache.noindex/SwiftShims-8ND0VRHG9SGDIO4W3N0XDB726.pcm

SwiftExplicitDependencyGeneratePcm arm64 /Users/runner/Library/Developer/Xcode/DerivedData/ModuleCache.noindex/_SwiftConcurrencyShims-F50RKOVN2O6VJWFWBGHA8C5TS.pcm

SwiftExplicitDependencyGeneratePcm arm64 /Users/runner/Library/Developer/Xcode/DerivedData/ModuleCache.noindex/_Builtin_float-EHZCU9L49WSKDG39CRKTSIFUT.pcm

SwiftExplicitDependencyGeneratePcm arm64 /Users/runner/Library/Developer/Xcode/DerivedData/ModuleCache.noindex/DeveloperToolsSupport-7X6M7STPWU4CNXPMYEW6ADLZW.pcm

SwiftExplicitDependencyGeneratePcm arm64 /Users/runner/Library/Developer/Xcode/DerivedData/ModuleCache.noindex/ptrcheck-7MTMD6JA7Q4CRIHJ5LHH6KDGA.pcm

SwiftExplicitDependencyGeneratePcm arm64 /Users/runner/Library/Developer/Xcode/DerivedData/ModuleCache.noindex/_DarwinFoundation1-7QLX83816F70KZWVH0SC4M02O.pcm

SwiftExplicitDependencyGeneratePcm arm64 /Users/runner/Library/Developer/Xcode/DerivedData/ModuleCache.noindex/ExtensionFoundation-8HN7QBWTHC037UI001EHSV0HH.pcm

SwiftExplicitDependencyGeneratePcm arm64 /Users/runner/Library/Developer/Xcode/DerivedData/ModuleCache.noindex/_DarwinFoundation2-5FZ337YWE6GQFWXUP4TDP1CI3.pcm

SwiftExplicitDependencyGeneratePcm arm64 /Users/runner/Library/Developer/Xcode/DerivedData/ModuleCache.noindex/_Builtin_limits-D04U60K7RVMU84SIL9S4PDX1S.pcm

SwiftExplicitDependencyGeneratePcm arm64 /Users/runner/Library/Developer/Xcode/DerivedData/ModuleCache.noindex/_Builtin_tgmath-6RA90GBZKQZCBJGR2WSE04L02.pcm

SwiftExplicitDependencyGeneratePcm arm64 /Users/runner/Library/Developer/Xcode/DerivedData/ModuleCache.noindex/_Builtin_stdint-7A4ZAGPXGBIXZ253VCCOHK1MU.pcm

SwiftExplicitDependencyGeneratePcm arm64 /Users/runner/Library/Developer/Xcode/DerivedData/ModuleCache.noindex/sys_types-9VWBVC3F80MHZZHBXHK9VQQ6X.pcm

SwiftExplicitDependencyGeneratePcm arm64 /Users/runner/Library/Developer/Xcode/DerivedData/ModuleCache.noindex/_Builtin_intrinsics-6FC7RBIVUY750C3PF02Y5FZ0F.pcm

SwiftExplicitDependencyGeneratePcm arm64 /Users/runner/Library/Developer/Xcode/DerivedData/ModuleCache.noindex/_Builtin_stdatomic-3PYAQ4PXMM0THQ9A3ZFM4BXTV.pcm

SwiftExplicitDependencyGeneratePcm arm64 /Users/runner/Library/Developer/Xcode/DerivedData/ModuleCache.noindex/_DarwinFoundation3-COAEXBP1CEKA041747T0Z21UP.pcm

SwiftExplicitDependencyGeneratePcm arm64 /Users/runner/Library/Developer/Xcode/DerivedData/ModuleCache.noindex/_Builtin_inttypes-D7RTSTUSIZ3WZOCUAIPW93ASW.pcm

SwiftExplicitDependencyGeneratePcm arm64 /Users/runner/Library/Developer/Xcode/DerivedData/ModuleCache.noindex/Darwin-88A48Q1O4ESLIHE7M9V5UO40N.pcm

SwiftExplicitDependencyGeneratePcm arm64 /Users/runner/Library/Developer/Xcode/DerivedData/ModuleCache.noindex/simd-4FRQ9EOQ6F7C3P1XUGUZJZ8AE.pcm

SwiftExplicitDependencyGeneratePcm arm64 /Users/runner/Library/Developer/Xcode/DerivedData/ModuleCache.noindex/ObjectiveC-2PKFOB9RZ8ZJJ938RSCFR9YCY.pcm

SwiftExplicitDependencyGeneratePcm arm64 /Users/runner/Library/Developer/Xcode/DerivedData/ModuleCache.noindex/MachO-8OMK7B0YQCRLMRRQOH4IQAZ0.pcm

SwiftExplicitDependencyGeneratePcm arm64 /Users/runner/Library/Developer/Xcode/DerivedData/ModuleCache.noindex/os_object-783Q7GKM5QLNMGDQQYVXS5NRM.pcm

SwiftExplicitDependencyGeneratePcm arm64 /Users/runner/Library/Developer/Xcode/DerivedData/ModuleCache.noindex/os_workgroup-9YQGKI0KM7337RW8LBUU9R9VD.pcm

SwiftExplicitDependencyGeneratePcm arm64 /Users/runner/Library/Developer/Xcode/DerivedData/ModuleCache.noindex/Dispatch-8G5YV618HI5BRKIM0VFZ8CPX5.pcm

SwiftExplicitDependencyGeneratePcm arm64 /Users/runner/Library/Developer/Xcode/DerivedData/ModuleCache.noindex/dnssd-BQFBS70RNW9N4QF90H81064V.pcm

SwiftExplicitDependencyGeneratePcm arm64 /Users/runner/Library/Developer/Xcode/DerivedData/ModuleCache.noindex/XPC-DJMCCYW2JJ5Z4IFR1BC32LDTF.pcm

SwiftExplicitDependencyGeneratePcm arm64 /Users/runner/Library/Developer/Xcode/DerivedData/ModuleCache.noindex/CoreFoundation-B1T2IJ1362NCZ4Q3ZTA13J7VP.pcm

SwiftExplicitDependencyGeneratePcm arm64 /Users/runner/Library/Developer/Xcode/DerivedData/ModuleCache.noindex/Spatial-CK5ANF2WCJ9A0V2ZMNVQ0KMOI.pcm

SwiftExplicitDependencyGeneratePcm arm64 /Users/runner/Library/Developer/Xcode/DerivedData/ModuleCache.noindex/os-EU024YUD6GZOA14493YP1L2OB.pcm

SwiftExplicitDependencyGeneratePcm arm64 /Users/runner/Library/Developer/Xcode/DerivedData/ModuleCache.noindex/CoreAudioTypes-55I0JGMVGDZ79HPJNO1MKBO5J.pcm

SwiftExplicitDependencyGeneratePcm arm64 /Users/runner/Library/Developer/Xcode/DerivedData/ModuleCache.noindex/CoreGraphics-8HRWN50WZPQFH63BJKVLAMHMR.pcm

SwiftExplicitDependencyGeneratePcm arm64 /Users/runner/Library/Developer/Xcode/DerivedData/ModuleCache.noindex/CoreAudio-8ZVY2NCM2BIMLYQOKWZ1I4C3F.pcm

SwiftExplicitDependencyGeneratePcm arm64 /Users/runner/Library/Developer/Xcode/DerivedData/ModuleCache.noindex/CFNetwork-7ZC26L0RUYY00VJQXYYDTTV2E.pcm

SwiftExplicitDependencyGeneratePcm arm64 /Users/runner/Library/Developer/Xcode/DerivedData/ModuleCache.noindex/CoreText-BOCQJVUU4A63T3V2XU3Y7JQVR.pcm

SwiftExplicitDependencyGeneratePcm arm64 /Users/runner/Library/Developer/Xcode/DerivedData/ModuleCache.noindex/ImageIO-7EJ3K1Q6M7X3UKFSI8LHXNQ40.pcm

SwiftExplicitDependencyGeneratePcm arm64 /Users/runner/Library/Developer/Xcode/DerivedData/ModuleCache.noindex/Security-5NMYWRWGUJOSWX68VLE3W0KPC.pcm

SwiftExplicitDependencyGeneratePcm arm64 /Users/runner/Library/Developer/Xcode/DerivedData/ModuleCache.noindex/Foundation-9TRJUC64OGK59VYFFTM7EVPWC.pcm

SwiftExplicitDependencyGeneratePcm arm64 /Users/runner/Library/Developer/Xcode/DerivedData/ModuleCache.noindex/Symbols-AZ2SS6UUV8KK9ER13WV74NYBI.pcm

SwiftExplicitDependencyGeneratePcm arm64 /Users/runner/Library/Developer/Xcode/DerivedData/ModuleCache.noindex/OSLog-EHAQX8IGPLFESFELJFBVSOQB8.pcm

SwiftExplicitDependencyGeneratePcm arm64 /Users/runner/Library/Developer/Xcode/DerivedData/ChessScanner-euukheddappmemcngwqshzhuduna/Build/Intermediates.noindex/SwiftExplicitPrecompiledModules/OnnxRuntimeBindings-2H6DM0AVXYICWQPCJUJ8DV3GQ.pcm

SwiftExplicitDependencyGeneratePcm arm64 /Users/runner/Library/Developer/Xcode/DerivedData/ModuleCache.noindex/CoreTransferable-3FON3CY44YCLDELCG8OTTRA20.pcm

SwiftExplicitDependencyGeneratePcm arm64 /Users/runner/Library/Developer/Xcode/DerivedData/ModuleCache.noindex/DataDetection-7H3G0EHNNNTKVXKN4YXFD2MLP.pcm

SwiftExplicitDependencyGeneratePcm arm64 /Users/runner/Library/Developer/Xcode/DerivedData/ModuleCache.noindex/Accessibility-17R1T7YPIVW29R70D4BSE2NZO.pcm

SwiftExplicitDependencyGeneratePcm arm64 /Users/runner/Library/Developer/Xcode/DerivedData/ModuleCache.noindex/UserNotifications-BB6DQQ1ODWWMJP0TKDRYWNDLE.pcm

SwiftExplicitDependencyGeneratePcm arm64 /Users/runner/Library/Developer/Xcode/DerivedData/ModuleCache.noindex/OpenGLES-2H3CQMH4CTFWA0YML0WY7LZGY.pcm

SwiftExplicitDependencyGeneratePcm arm64 /Users/runner/Library/Developer/Xcode/DerivedData/ModuleCache.noindex/CoreMIDI-6ZPR2GYZSE54F9MEH5PPCZAL5.pcm

SwiftExplicitDependencyGeneratePcm arm64 /Users/runner/Library/Developer/Xcode/DerivedData/ModuleCache.noindex/_LocationEssentials-9M5MVGSEAXANK32GTIBPOT2OK.pcm

SwiftExplicitDependencyGeneratePcm arm64 /Users/runner/Library/Developer/Xcode/DerivedData/ModuleCache.noindex/IOSurface-BIQZCP755K1W9A163X082I1JR.pcm

SwiftExplicitDependencyGeneratePcm arm64 /Users/runner/Library/Developer/Xcode/DerivedData/ModuleCache.noindex/AudioToolbox-AFZ8DFQ742AAJU1VG9RH2GE2X.pcm

SwiftExplicitDependencyGeneratePcm arm64 /Users/runner/Library/Developer/Xcode/DerivedData/ModuleCache.noindex/CoreLocation-9GOEULVCL1SDCC9COZZA90H63.pcm

SwiftExplicitDependencyGeneratePcm arm64 /Users/runner/Library/Developer/Xcode/DerivedData/ModuleCache.noindex/UIUtilities-7HNXSPFOOKWVOHPKP2JU90US9.pcm

SwiftExplicitDependencyGeneratePcm arm64 /Users/runner/Library/Developer/Xcode/DerivedData/ModuleCache.noindex/Network-8B8GC0PMKK3HOBYOUIQG2J25M.pcm

SwiftExplicitDependencyGeneratePcm arm64 /Users/runner/Library/Developer/Xcode/DerivedData/ChessScanner-euukheddappmemcngwqshzhuduna/Build/Intermediates.noindex/SwiftExplicitPrecompiledModules/ChessKitEngineCore-CUGBPKXV7QQPYJWN2B4JV5MIH.pcm

SwiftExplicitDependencyGeneratePcm arm64 /Users/runner/Library/Developer/Xcode/DerivedData/ModuleCache.noindex/CoreData-10LQII48817US7NXLGEPSJCMX.pcm

SwiftExplicitDependencyGeneratePcm arm64 /Users/runner/Library/Developer/Xcode/DerivedData/ModuleCache.noindex/Metal-8Y0SSXVE42YGEM03928KOBGUX.pcm

SwiftExplicitDependencyGeneratePcm arm64 /Users/runner/Library/Developer/Xcode/DerivedData/ModuleCache.noindex/AVRouting-6PMHDDZXDURBML8OVH36B9EB.pcm

SwiftExplicitDependencyGeneratePcm arm64 /Users/runner/Library/Developer/Xcode/DerivedData/ModuleCache.noindex/FileProvider-1PR1RC00SZDSKJ89QS893ZUZX.pcm

SwiftExplicitDependencyGeneratePcm arm64 /Users/runner/Library/Developer/Xcode/DerivedData/ModuleCache.noindex/UniformTypeIdentifiers-DPR0RDZXR0J5UCN5CMIKSMQ5F.pcm

SwiftExplicitDependencyGeneratePcm arm64 /Users/runner/Library/Developer/Xcode/DerivedData/ModuleCache.noindex/CoreVideo-3173G7FZKXMDWFOF1D460ENP2.pcm

SwiftExplicitDependencyGeneratePcm arm64 /Users/runner/Library/Developer/Xcode/DerivedData/ModuleCache.noindex/CoreImage-26TAM00MNRG7871SP8QD1MWP8.pcm

SwiftExplicitDependencyGeneratePcm arm64 /Users/runner/Library/Developer/Xcode/DerivedData/ModuleCache.noindex/CoreMedia-44K7J8ZOW2TDJIK2UDNK7PRRK.pcm

SwiftExplicitDependencyGeneratePcm arm64 /Users/runner/Library/Developer/Xcode/DerivedData/ModuleCache.noindex/QuartzCore-1W0NYPLLX0VDR35272Y1WL41I.pcm

SwiftExplicitDependencyGeneratePcm arm64 /Users/runner/Library/Developer/Xcode/DerivedData/ModuleCache.noindex/MediaToolbox-3W72X6PEWZ4RH0EMGKNUMRJLO.pcm

SwiftExplicitDependencyGeneratePcm arm64 /Users/runner/Library/Developer/Xcode/DerivedData/ModuleCache.noindex/AVFAudio-19N8Z2N1M4YRNBRKAL36NATFF.pcm

SwiftExplicitDependencyGeneratePcm arm64 /Users/runner/Library/Developer/Xcode/DerivedData/ModuleCache.noindex/UIKit-AATJKMLD3JKYVEK4S08SZCFCH.pcm

SwiftExplicitDependencyGeneratePcm arm64 /Users/runner/Library/Developer/Xcode/DerivedData/ModuleCache.noindex/SwiftUICore-2X3JNZFGWSM4T7GNHUC166YIK.pcm

SwiftExplicitDependencyGeneratePcm arm64 /Users/runner/Library/Developer/Xcode/DerivedData/ModuleCache.noindex/AVFoundation-6ZIHS12V5RISGKMAY7TKMZ0RJ.pcm

SwiftExplicitDependencyGeneratePcm arm64 /Users/runner/Library/Developer/Xcode/DerivedData/ModuleCache.noindex/Photos-AZONXDHXRFD50N868A7OX5VH8.pcm

SwiftExplicitDependencyGeneratePcm arm64 /Users/runner/Library/Developer/Xcode/DerivedData/ModuleCache.noindex/SwiftUI-BPOH31O0N9ENYEHIY72M94HOJ.pcm

SwiftExplicitDependencyGeneratePcm arm64 /Users/runner/Library/Developer/Xcode/DerivedData/ModuleCache.noindex/PhotosUI-B7NP5QYDJZ3G4B7G9RLJO4HD6.pcm

SwiftEmitModule normal arm64 Emitting\ module\ for\ Chess_Scanner (in target 'ChessScanner' from project 'ChessScanner')

EmitSwiftModule normal arm64 (in target 'ChessScanner' from project 'ChessScanner')
    cd /Users/runner/work/chess-scanner-app/chess-scanner-app
    

SwiftCompile normal arm64 Compiling\ PositionValidation.swift,\ ScanHistory.swift,\ ScannerView.swift,\ SplashView.swift,\ Theme.swift,\ GeneratedAssetSymbols.swift /Users/runner/work/chess-scanner-app/chess-scanner-app/ChessScanner/Models/PositionValidation.swift /Users/runner/work/chess-scanner-app/chess-scanner-app/ChessScanner/Models/ScanHistory.swift /Users/runner/work/chess-scanner-app/chess-scanner-app/ChessScanner/Views/ScannerView.swift /Users/runner/work/chess-scanner-app/chess-scanner-app/ChessScanner/Views/SplashView.swift /Users/runner/work/chess-scanner-app/chess-scanner-app/ChessScanner/Views/Theme.swift /Users/runner/Library/Developer/Xcode/DerivedData/ChessScanner-euukheddappmemcngwqshzhuduna/Build/Intermediates.noindex/ChessScanner.build/Debug-iphonesimulator/ChessScanner.build/DerivedSources/GeneratedAssetSymbols.swift (in target 'ChessScanner' from project 'ChessScanner')
SwiftCompile normal arm64 /Users/runner/work/chess-scanner-app/chess-scanner-app/ChessScanner/Models/PositionValidation.swift (in target 'ChessScanner' from project 'ChessScanner')
    cd /Users/runner/work/chess-scanner-app/chess-scanner-app
    

SwiftCompile normal arm64 /Users/runner/work/chess-scanner-app/chess-scanner-app/ChessScanner/Models/ScanHistory.swift (in target 'ChessScanner' from project 'ChessScanner')
    cd /Users/runner/work/chess-scanner-app/chess-scanner-app
    

SwiftCompile normal arm64 /Users/runner/work/chess-scanner-app/chess-scanner-app/ChessScanner/Views/ScannerView.swift (in target 'ChessScanner' from project 'ChessScanner')
    cd /Users/runner/work/chess-scanner-app/chess-scanner-app
    

SwiftCompile normal arm64 /Users/runner/work/chess-scanner-app/chess-scanner-app/ChessScanner/Views/SplashView.swift (in target 'ChessScanner' from project 'ChessScanner')
    cd /Users/runner/work/chess-scanner-app/chess-scanner-app
    

SwiftCompile normal arm64 /Users/runner/work/chess-scanner-app/chess-scanner-app/ChessScanner/Views/Theme.swift (in target 'ChessScanner' from project 'ChessScanner')
    cd /Users/runner/work/chess-scanner-app/chess-scanner-app
    

SwiftCompile normal arm64 /Users/runner/Library/Developer/Xcode/DerivedData/ChessScanner-euukheddappmemcngwqshzhuduna/Build/Intermediates.noindex/ChessScanner.build/Debug-iphonesimulator/ChessScanner.build/DerivedSources/GeneratedAssetSymbols.swift (in target 'ChessScanner' from project 'ChessScanner')
    cd /Users/runner/work/chess-scanner-app/chess-scanner-app
    

SwiftCompile normal arm64 Compiling\ AboutView.swift,\ AnalysisView.swift,\ AnalysisViewModel.swift,\ BoardEditorView.swift,\ BoardRecognitionService.swift,\ BoardView.swift,\ CameraLandingView.swift /Users/runner/work/chess-scanner-app/chess-scanner-app/ChessScanner/Views/AboutView.swift /Users/runner/work/chess-scanner-app/chess-scanner-app/ChessScanner/Views/AnalysisView.swift /Users/runner/work/chess-scanner-app/chess-scanner-app/ChessScanner/ViewModels/AnalysisViewModel.swift /Users/runner/work/chess-scanner-app/chess-scanner-app/ChessScanner/Views/BoardEditorView.swift /Users/runner/work/chess-scanner-app/chess-scanner-app/ChessScanner/Services/BoardRecognitionService.swift /Users/runner/work/chess-scanner-app/chess-scanner-app/ChessScanner/Views/BoardView.swift /Users/runner/work/chess-scanner-app/chess-scanner-app/ChessScanner/Views/CameraLandingView.swift (in target 'ChessScanner' from project 'ChessScanner')
SwiftCompile normal arm64 /Users/runner/work/chess-scanner-app/chess-scanner-app/ChessScanner/Views/AboutView.swift (in target 'ChessScanner' from project 'ChessScanner')
    cd /Users/runner/work/chess-scanner-app/chess-scanner-app
    

SwiftCompile normal arm64 /Users/runner/work/chess-scanner-app/chess-scanner-app/ChessScanner/Views/AnalysisView.swift (in target 'ChessScanner' from project 'ChessScanner')
    cd /Users/runner/work/chess-scanner-app/chess-scanner-app
    

SwiftCompile normal arm64 /Users/runner/work/chess-scanner-app/chess-scanner-app/ChessScanner/ViewModels/AnalysisViewModel.swift (in target 'ChessScanner' from project 'ChessScanner')
    cd /Users/runner/work/chess-scanner-app/chess-scanner-app
    

SwiftCompile normal arm64 /Users/runner/work/chess-scanner-app/chess-scanner-app/ChessScanner/Views/BoardEditorView.swift (in target 'ChessScanner' from project 'ChessScanner')
    cd /Users/runner/work/chess-scanner-app/chess-scanner-app
    

SwiftCompile normal arm64 /Users/runner/work/chess-scanner-app/chess-scanner-app/ChessScanner/Services/BoardRecognitionService.swift (in target 'ChessScanner' from project 'ChessScanner')
    cd /Users/runner/work/chess-scanner-app/chess-scanner-app
    

SwiftCompile normal arm64 /Users/runner/work/chess-scanner-app/chess-scanner-app/ChessScanner/Views/BoardView.swift (in target 'ChessScanner' from project 'ChessScanner')
    cd /Users/runner/work/chess-scanner-app/chess-scanner-app
    

SwiftCompile normal arm64 /Users/runner/work/chess-scanner-app/chess-scanner-app/ChessScanner/Views/CameraLandingView.swift (in target 'ChessScanner' from project 'ChessScanner')
    cd /Users/runner/work/chess-scanner-app/chess-scanner-app
    

SwiftDriverJobDiscovery normal arm64 Emitting module for Chess_Scanner (in target 'ChessScanner' from project 'ChessScanner')

SwiftDriver\ Compilation\ Requirements ChessScanner normal arm64 com.apple.xcode.tools.swift.compiler (in target 'ChessScanner' from project 'ChessScanner')
    cd /Users/runner/work/chess-scanner-app/chess-scanner-app
    builtin-Swift-Compilation-Requirements -- /Applications/Xcode_26.3.app/Contents/Developer/Toolchains/XcodeDefault.xctoolchain/usr/bin/swiftc -module-name Chess_Scanner -Onone -enforce-exclusivity\=checked @/Users/runner/Library/Developer/Xcode/DerivedData/ChessScanner-euukheddappmemcngwqshzhuduna/Build/Intermediates.noindex/ChessScanner.build/Debug-iphonesimulator/ChessScanner.build/Objects-normal/arm64/Chess\ Scanner.SwiftFileList -DDEBUG -Xcc -fmodule-map-file\=/Users/runner/Library/Developer/Xcode/DerivedData/ChessScanner-euukheddappmemcngwqshzhuduna/Build/Intermediates.noindex/GeneratedModuleMaps-iphonesimulator/ChessKitEngineCore.modulemap -Xcc -fmodule-map-file\=/Users/runner/Library/Developer/Xcode/DerivedData/ChessScanner-euukheddappmemcngwqshzhuduna/Build/Intermediates.noindex/GeneratedModuleMaps-iphonesimulator/OnnxRuntimeBindings.modulemap -enable-experimental-feature DebugDescriptionMacro -sdk /Applications/Xcode_26.3.app/Contents/Developer/Platforms/iPhoneSimulator.platform/Developer/SDKs/iPhoneSimulator26.2.sdk -target arm64-apple-ios17.0-simulator -g -module-cache-path /Users/runner/Library/Developer/Xcode/DerivedData/ModuleCache.noindex -Xfrontend -serialize-debugging-options -enable-testing -index-store-path /Users/runner/Library/Developer/Xcode/DerivedData/ChessScanner-euukheddappmemcngwqshzhuduna/Index.noindex/DataStore -Xcc -D_LIBCPP_HARDENING_MODE\=_LIBCPP_HARDENING_MODE_DEBUG -swift-version 6 -I /Users/runner/Library/Developer/Xcode/DerivedData/ChessScanner-euukheddappmemcngwqshzhuduna/Build/Products/Debug-iphonesimulator -F /Users/runner/Library/Developer/Xcode/DerivedData/ChessScanner-euukheddappmemcngwqshzhuduna/Build/Products/Debug-iphonesimulator/PackageFrameworks -F /Users/runner/Library/Developer/Xcode/DerivedData/ChessScanner-euukheddappmemcngwqshzhuduna/Build/Products/Debug-iphonesimulator/PackageFrameworks -F /Users/runner/Library/Developer/Xcode/DerivedData/ChessScanner-euukheddappmemcngwqshzhuduna/Build/Products/Debug-iphonesimulator/PackageFrameworks -F /Users/runner/Library/Developer/Xcode/DerivedData/ChessScanner-euukheddappmemcngwqshzhuduna/Build/Products/Debug-iphonesimulator -emit-localized-strings -emit-localized-strings-path /Users/runner/Library/Developer/Xcode/DerivedData/ChessScanner-euukheddappmemcngwqshzhuduna/Build/Intermediates.noindex/ChessScanner.build/Debug-iphonesimulator/ChessScanner.build/Objects-normal/arm64 -c -j3 -enable-batch-mode -incremental -Xcc -ivfsstatcache -Xcc /Users/runner/Library/Developer/Xcode/DerivedData/SDKStatCaches.noindex/iphonesimulator26.2-23C57-dc75598d0054f22ec865fa860f139d72e244bd9a5feaf902f95f61bf06266e52.sdkstatcache -output-file-map /Users/runner/Library/Developer/Xcode/DerivedData/ChessScanner-euukheddappmemcngwqshzhuduna/Build/Intermediates.noindex/ChessScanner.build/Debug-iphonesimulator/ChessScanner.build/Objects-normal/arm64/ChessScanner-OutputFileMap.json -use-frontend-parseable-output -save-temps -no-color-diagnostics -explicit-module-build -module-cache-path /Users/runner/Library/Developer/Xcode/DerivedData/ChessScanner-euukheddappmemcngwqshzhuduna/Build/Intermediates.noindex/SwiftExplicitPrecompiledModules -clang-scanner-module-cache-path /Users/runner/Library/Developer/Xcode/DerivedData/ModuleCache.noindex -sdk-module-cache-path /Users/runner/Library/Developer/Xcode/DerivedData/ModuleCache.noindex -serialize-diagnostics -emit-dependencies -emit-module -emit-module-path /Users/runner/Library/Developer/Xcode/DerivedData/ChessScanner-euukheddappmemcngwqshzhuduna/Build/Intermediates.noindex/ChessScanner.build/Debug-iphonesimulator/ChessScanner.build/Objects-normal/arm64/Chess_Scanner.swiftmodule -validate-clang-modules-once -clang-build-session-file /Users/runner/Library/Developer/Xcode/DerivedData/ModuleCache.noindex/Session.modulevalidation -Xcc -I/Users/runner/Library/Developer/Xcode/DerivedData/ChessScanner-euukheddappmemcngwqshzhuduna/Build/Intermediates.noindex/ChessScanner.build/Debug-iphonesimulator/ChessScanner.build/swift-overrides.hmap -emit-const-values -Xfrontend -const-gather-protocols-file -Xfrontend /Users/runner/Library/Developer/Xcode/DerivedData/ChessScanner-euukheddappmemcngwqshzhuduna/Build/Intermediates.noindex/ChessScanner.build/Debug-iphonesimulator/ChessScanner.build/Objects-normal/arm64/ChessScanner_const_extract_protocols.json -Xcc -iquote -Xcc /Users/runner/Library/Developer/Xcode/DerivedData/ChessScanner-euukheddappmemcngwqshzhuduna/Build/Intermediates.noindex/ChessScanner.build/Debug-iphonesimulator/ChessScanner.build/Chess\ Scanner-generated-files.hmap -Xcc -I/Users/runner/Library/Developer/Xcode/DerivedData/ChessScanner-euukheddappmemcngwqshzhuduna/Build/Intermediates.noindex/ChessScanner.build/Debug-iphonesimulator/ChessScanner.build/Chess\ Scanner-own-target-headers.hmap -Xcc -I/Users/runner/Library/Developer/Xcode/DerivedData/ChessScanner-euukheddappmemcngwqshzhuduna/Build/Intermediates.noindex/ChessScanner.build/Debug-iphonesimulator/ChessScanner.build/Chess\ Scanner-all-non-framework-target-headers.hmap -Xcc -ivfsoverlay -Xcc /Users/runner/Library/Developer/Xcode/DerivedData/ChessScanner-euukheddappmemcngwqshzhuduna/Build/Intermediates.noindex/ChessScanner.build/Debug-iphonesimulator/ChessScanner-3f4567d96badc65b92a10b462b166f8f-VFS-iphonesimulator/all-product-headers.yaml -Xcc -iquote -Xcc /Users/runner/Library/Developer/Xcode/DerivedData/ChessScanner-euukheddappmemcngwqshzhuduna/Build/Intermediates.noindex/ChessScanner.build/Debug-iphonesimulator/ChessScanner.build/Chess\ Scanner-project-headers.hmap -Xcc -I/Users/runner/Library/Developer/Xcode/DerivedData/ChessScanner-euukheddappmemcngwqshzhuduna/SourcePackages/checkouts/chesskit-engine/Sources/ChessKitEngineCore/include -Xcc -I/Users/runner/Library/Developer/Xcode/DerivedData/ChessScanner-euukheddappmemcngwqshzhuduna/SourcePackages/checkouts/onnxruntime-swift-package-manager/objectivec/include -Xcc -I/Users/runner/Library/Developer/Xcode/DerivedData/ChessScanner-euukheddappmemcngwqshzhuduna/Build/Products/Debug-iphonesimulator/include -Xcc -I/Users/runner/Library/Developer/Xcode/DerivedData/ChessScanner-euukheddappmemcngwqshzhuduna/Build/Intermediates.noindex/ChessScanner.build/Debug-iphonesimulator/ChessScanner.build/DerivedSources-normal/arm64 -Xcc -I/Users/runner/Library/Developer/Xcode/DerivedData/ChessScanner-euukheddappmemcngwqshzhuduna/Build/Intermediates.noindex/ChessScanner.build/Debug-iphonesimulator/ChessScanner.build/DerivedSources/arm64 -Xcc -I/Users/runner/Library/Developer/Xcode/DerivedData/ChessScanner-euukheddappmemcngwqshzhuduna/Build/Intermediates.noindex/ChessScanner.build/Debug-iphonesimulator/ChessScanner.build/DerivedSources -Xcc -DDEBUG\=1 -emit-objc-header -emit-objc-header-path /Users/runner/Library/Developer/Xcode/DerivedData/ChessScanner-euukheddappmemcngwqshzhuduna/Build/Intermediates.noindex/ChessScanner.build/Debug-iphonesimulator/ChessScanner.build/Objects-normal/arm64/Chess_Scanner-Swift.h -working-directory /Users/runner/work/chess-scanner-app/chess-scanner-app -experimental-emit-module-separately -disable-cmo

LinkAssetCatalog /Users/runner/work/chess-scanner-app/chess-scanner-app/ChessScanner/Resources/Assets.xcassets (in target 'ChessScanner' from project 'ChessScanner')
    cd /Users/runner/work/chess-scanner-app/chess-scanner-app
    builtin-linkAssetCatalog --thinned /Users/runner/Library/Developer/Xcode/DerivedData/ChessScanner-euukheddappmemcngwqshzhuduna/Build/Intermediates.noindex/ChessScanner.build/Debug-iphonesimulator/ChessScanner.build/assetcatalog_output/thinned --thinned-dependencies /Users/runner/Library/Developer/Xcode/DerivedData/ChessScanner-euukheddappmemcngwqshzhuduna/Build/Intermediates.noindex/ChessScanner.build/Debug-iphonesimulator/ChessScanner.build/assetcatalog_dependencies_thinned --thinned-info-plist-content /Users/runner/Library/Developer/Xcode/DerivedData/ChessScanner-euukheddappmemcngwqshzhuduna/Build/Intermediates.noindex/ChessScanner.build/Debug-iphonesimulator/ChessScanner.build/assetcatalog_generated_info.plist_thinned --unthinned /Users/runner/Library/Developer/Xcode/DerivedData/ChessScanner-euukheddappmemcngwqshzhuduna/Build/Intermediates.noindex/ChessScanner.build/Debug-iphonesimulator/ChessScanner.build/assetcatalog_output/unthinned --unthinned-dependencies /Users/runner/Library/Developer/Xcode/DerivedData/ChessScanner-euukheddappmemcngwqshzhuduna/Build/Intermediates.noindex/ChessScanner.build/Debug-iphonesimulator/ChessScanner.build/assetcatalog_dependencies_unthinned --unthinned-info-plist-content /Users/runner/Library/Developer/Xcode/DerivedData/ChessScanner-euukheddappmemcngwqshzhuduna/Build/Intermediates.noindex/ChessScanner.build/Debug-iphonesimulator/ChessScanner.build/assetcatalog_generated_info.plist_unthinned --output /Users/runner/Library/Developer/Xcode/DerivedData/ChessScanner-euukheddappmemcngwqshzhuduna/Build/Products/Debug-iphonesimulator/Chess\ Scanner.app --plist-output /Users/runner/Library/Developer/Xcode/DerivedData/ChessScanner-euukheddappmemcngwqshzhuduna/Build/Intermediates.noindex/ChessScanner.build/Debug-iphonesimulator/ChessScanner.build/assetcatalog_generated_info.plist
note: Emplaced /Users/runner/Library/Developer/Xcode/DerivedData/ChessScanner-euukheddappmemcngwqshzhuduna/Build/Products/Debug-iphonesimulator/Chess Scanner.app/AppIcon60x60@2x.png (in target 'ChessScanner' from project 'ChessScanner')
note: Emplaced /Users/runner/Library/Developer/Xcode/DerivedData/ChessScanner-euukheddappmemcngwqshzhuduna/Build/Products/Debug-iphonesimulator/Chess Scanner.app/Assets.car (in target 'ChessScanner' from project 'ChessScanner')
note: Emplaced /Users/runner/Library/Developer/Xcode/DerivedData/ChessScanner-euukheddappmemcngwqshzhuduna/Build/Products/Debug-iphonesimulator/Chess Scanner.app/AppIcon76x76@2x~ipad.png (in target 'ChessScanner' from project 'ChessScanner')

SwiftCompile normal arm64 Compiling\ Chess.swift,\ ChessEngine.swift,\ ChessScannerApp.swift,\ Components.swift,\ EngineLinesView.swift,\ EvalBarView.swift,\ HistoryView.swift /Users/runner/work/chess-scanner-app/chess-scanner-app/ChessScanner/Models/Chess.swift /Users/runner/work/chess-scanner-app/chess-scanner-app/ChessScanner/Models/ChessEngine.swift /Users/runner/work/chess-scanner-app/chess-scanner-app/ChessScanner/App/ChessScannerApp.swift /Users/runner/work/chess-scanner-app/chess-scanner-app/ChessScanner/Views/Components.swift /Users/runner/work/chess-scanner-app/chess-scanner-app/ChessScanner/Views/EngineLinesView.swift /Users/runner/work/chess-scanner-app/chess-scanner-app/ChessScanner/Views/EvalBarView.swift /Users/runner/work/chess-scanner-app/chess-scanner-app/ChessScanner/Views/HistoryView.swift (in target 'ChessScanner' from project 'ChessScanner')
SwiftCompile normal arm64 /Users/runner/work/chess-scanner-app/chess-scanner-app/ChessScanner/Models/Chess.swift (in target 'ChessScanner' from project 'ChessScanner')
    cd /Users/runner/work/chess-scanner-app/chess-scanner-app
    

SwiftCompile normal arm64 /Users/runner/work/chess-scanner-app/chess-scanner-app/ChessScanner/Models/ChessEngine.swift (in target 'ChessScanner' from project 'ChessScanner')
    cd /Users/runner/work/chess-scanner-app/chess-scanner-app
    

SwiftCompile normal arm64 /Users/runner/work/chess-scanner-app/chess-scanner-app/ChessScanner/App/ChessScannerApp.swift (in target 'ChessScanner' from project 'ChessScanner')
    cd /Users/runner/work/chess-scanner-app/chess-scanner-app
    

SwiftCompile normal arm64 /Users/runner/work/chess-scanner-app/chess-scanner-app/ChessScanner/Views/Components.swift (in target 'ChessScanner' from project 'ChessScanner')
    cd /Users/runner/work/chess-scanner-app/chess-scanner-app
    

SwiftCompile normal arm64 /Users/runner/work/chess-scanner-app/chess-scanner-app/ChessScanner/Views/EngineLinesView.swift (in target 'ChessScanner' from project 'ChessScanner')
    cd /Users/runner/work/chess-scanner-app/chess-scanner-app
    

SwiftCompile normal arm64 /Users/runner/work/chess-scanner-app/chess-scanner-app/ChessScanner/Views/EvalBarView.swift (in target 'ChessScanner' from project 'ChessScanner')
    cd /Users/runner/work/chess-scanner-app/chess-scanner-app
    

SwiftCompile normal arm64 /Users/runner/work/chess-scanner-app/chess-scanner-app/ChessScanner/Views/HistoryView.swift (in target 'ChessScanner' from project 'ChessScanner')
    cd /Users/runner/work/chess-scanner-app/chess-scanner-app
    

SwiftMergeGeneratedHeaders /Users/runner/Library/Developer/Xcode/DerivedData/ChessScanner-euukheddappmemcngwqshzhuduna/Build/Intermediates.noindex/ChessScanner.build/Debug-iphonesimulator/ChessScanner.build/DerivedSources/Chess_Scanner-Swift.h /Users/runner/Library/Developer/Xcode/DerivedData/ChessScanner-euukheddappmemcngwqshzhuduna/Build/Intermediates.noindex/ChessScanner.build/Debug-iphonesimulator/ChessScanner.build/Objects-normal/arm64/Chess_Scanner-Swift.h (in target 'ChessScanner' from project 'ChessScanner')
    cd /Users/runner/work/chess-scanner-app/chess-scanner-app
    builtin-swiftHeaderTool -arch arm64 /Users/runner/Library/Developer/Xcode/DerivedData/ChessScanner-euukheddappmemcngwqshzhuduna/Build/Intermediates.noindex/ChessScanner.build/Debug-iphonesimulator/ChessScanner.build/Objects-normal/arm64/Chess_Scanner-Swift.h -o /Users/runner/Library/Developer/Xcode/DerivedData/ChessScanner-euukheddappmemcngwqshzhuduna/Build/Intermediates.noindex/ChessScanner.build/Debug-iphonesimulator/ChessScanner.build/DerivedSources/Chess_Scanner-Swift.h

SwiftDriverJobDiscovery normal arm64 Compiling PositionValidation.swift, ScanHistory.swift, ScannerView.swift, SplashView.swift, Theme.swift, GeneratedAssetSymbols.swift (in target 'ChessScanner' from project 'ChessScanner')

Copy /Users/runner/Library/Developer/Xcode/DerivedData/ChessScanner-euukheddappmemcngwqshzhuduna/Build/Products/Debug-iphonesimulator/Chess_Scanner.swiftmodule/arm64-apple-ios-simulator.swiftmodule /Users/runner/Library/Developer/Xcode/DerivedData/ChessScanner-euukheddappmemcngwqshzhuduna/Build/Intermediates.noindex/ChessScanner.build/Debug-iphonesimulator/ChessScanner.build/Objects-normal/arm64/Chess_Scanner.swiftmodule (in target 'ChessScanner' from project 'ChessScanner')
    cd /Users/runner/work/chess-scanner-app/chess-scanner-app
    builtin-copy -exclude .DS_Store -exclude CVS -exclude .svn -exclude .git -exclude .hg -resolve-src-symlinks -rename /Users/runner/Library/Developer/Xcode/DerivedData/ChessScanner-euukheddappmemcngwqshzhuduna/Build/Intermediates.noindex/ChessScanner.build/Debug-iphonesimulator/ChessScanner.build/Objects-normal/arm64/Chess_Scanner.swiftmodule /Users/runner/Library/Developer/Xcode/DerivedData/ChessScanner-euukheddappmemcngwqshzhuduna/Build/Products/Debug-iphonesimulator/Chess_Scanner.swiftmodule/arm64-apple-ios-simulator.swiftmodule

Copy /Users/runner/Library/Developer/Xcode/DerivedData/ChessScanner-euukheddappmemcngwqshzhuduna/Build/Products/Debug-iphonesimulator/Chess_Scanner.swiftmodule/arm64-apple-ios-simulator.swiftdoc /Users/runner/Library/Developer/Xcode/DerivedData/ChessScanner-euukheddappmemcngwqshzhuduna/Build/Intermediates.noindex/ChessScanner.build/Debug-iphonesimulator/ChessScanner.build/Objects-normal/arm64/Chess_Scanner.swiftdoc (in target 'ChessScanner' from project 'ChessScanner')
    cd /Users/runner/work/chess-scanner-app/chess-scanner-app
    builtin-copy -exclude .DS_Store -exclude CVS -exclude .svn -exclude .git -exclude .hg -resolve-src-symlinks -rename /Users/runner/Library/Developer/Xcode/DerivedData/ChessScanner-euukheddappmemcngwqshzhuduna/Build/Intermediates.noindex/ChessScanner.build/Debug-iphonesimulator/ChessScanner.build/Objects-normal/arm64/Chess_Scanner.swiftdoc /Users/runner/Library/Developer/Xcode/DerivedData/ChessScanner-euukheddappmemcngwqshzhuduna/Build/Products/Debug-iphonesimulator/Chess_Scanner.swiftmodule/arm64-apple-ios-simulator.swiftdoc

SwiftDriverJobDiscovery normal arm64 Compiling AboutView.swift, AnalysisView.swift, AnalysisViewModel.swift, BoardEditorView.swift, BoardRecognitionService.swift, BoardView.swift, CameraLandingView.swift (in target 'ChessScanner' from project 'ChessScanner')

Copy /Users/runner/Library/Developer/Xcode/DerivedData/ChessScanner-euukheddappmemcngwqshzhuduna/Build/Products/Debug-iphonesimulator/Chess_Scanner.swiftmodule/arm64-apple-ios-simulator.abi.json /Users/runner/Library/Developer/Xcode/DerivedData/ChessScanner-euukheddappmemcngwqshzhuduna/Build/Intermediates.noindex/ChessScanner.build/Debug-iphonesimulator/ChessScanner.build/Objects-normal/arm64/Chess_Scanner.abi.json (in target 'ChessScanner' from project 'ChessScanner')
    cd /Users/runner/work/chess-scanner-app/chess-scanner-app
    builtin-copy -exclude .DS_Store -exclude CVS -exclude .svn -exclude .git -exclude .hg -resolve-src-symlinks -rename /Users/runner/Library/Developer/Xcode/DerivedData/ChessScanner-euukheddappmemcngwqshzhuduna/Build/Intermediates.noindex/ChessScanner.build/Debug-iphonesimulator/ChessScanner.build/Objects-normal/arm64/Chess_Scanner.abi.json /Users/runner/Library/Developer/Xcode/DerivedData/ChessScanner-euukheddappmemcngwqshzhuduna/Build/Products/Debug-iphonesimulator/Chess_Scanner.swiftmodule/arm64-apple-ios-simulator.abi.json

Copy /Users/runner/Library/Developer/Xcode/DerivedData/ChessScanner-euukheddappmemcngwqshzhuduna/Build/Products/Debug-iphonesimulator/Chess_Scanner.swiftmodule/Project/arm64-apple-ios-simulator.swiftsourceinfo /Users/runner/Library/Developer/Xcode/DerivedData/ChessScanner-euukheddappmemcngwqshzhuduna/Build/Intermediates.noindex/ChessScanner.build/Debug-iphonesimulator/ChessScanner.build/Objects-normal/arm64/Chess_Scanner.swiftsourceinfo (in target 'ChessScanner' from project 'ChessScanner')
    cd /Users/runner/work/chess-scanner-app/chess-scanner-app
    builtin-copy -exclude .DS_Store -exclude CVS -exclude .svn -exclude .git -exclude .hg -resolve-src-symlinks -rename /Users/runner/Library/Developer/Xcode/DerivedData/ChessScanner-euukheddappmemcngwqshzhuduna/Build/Intermediates.noindex/ChessScanner.build/Debug-iphonesimulator/ChessScanner.build/Objects-normal/arm64/Chess_Scanner.swiftsourceinfo /Users/runner/Library/Developer/Xcode/DerivedData/ChessScanner-euukheddappmemcngwqshzhuduna/Build/Products/Debug-iphonesimulator/Chess_Scanner.swiftmodule/Project/arm64-apple-ios-simulator.swiftsourceinfo

ProcessInfoPlistFile /Users/runner/Library/Developer/Xcode/DerivedData/ChessScanner-euukheddappmemcngwqshzhuduna/Build/Products/Debug-iphonesimulator/Chess\ Scanner.app/Info.plist /Users/runner/work/chess-scanner-app/chess-scanner-app/ChessScanner/Resources/Info.plist (in target 'ChessScanner' from project 'ChessScanner')
    cd /Users/runner/work/chess-scanner-app/chess-scanner-app
    builtin-infoPlistUtility /Users/runner/work/chess-scanner-app/chess-scanner-app/ChessScanner/Resources/Info.plist -producttype com.apple.product-type.application -genpkginfo /Users/runner/Library/Developer/Xcode/DerivedData/ChessScanner-euukheddappmemcngwqshzhuduna/Build/Products/Debug-iphonesimulator/Chess\ Scanner.app/PkgInfo -expandbuildsettings -format binary -platform iphonesimulator -additionalcontentfile /Users/runner/Library/Developer/Xcode/DerivedData/ChessScanner-euukheddappmemcngwqshzhuduna/Build/Intermediates.noindex/ChessScanner.build/Debug-iphonesimulator/ChessScanner.build/assetcatalog_generated_info.plist -scanforprivacyfile /Users/runner/Library/Developer/Xcode/DerivedData/ChessScanner-euukheddappmemcngwqshzhuduna/Build/Products/Debug-iphonesimulator/Chess\ Scanner.app/Frameworks/onnxruntime.framework -o /Users/runner/Library/Developer/Xcode/DerivedData/ChessScanner-euukheddappmemcngwqshzhuduna/Build/Products/Debug-iphonesimulator/Chess\ Scanner.app/Info.plist

SwiftDriver ChessScannerUITests normal arm64 com.apple.xcode.tools.swift.compiler (in target 'ChessScannerUITests' from project 'ChessScanner')
    cd /Users/runner/work/chess-scanner-app/chess-scanner-app
    builtin-SwiftDriver -- /Applications/Xcode_26.3.app/Contents/Developer/Toolchains/XcodeDefault.xctoolchain/usr/bin/swiftc -module-name ChessScannerUITests -Onone -enforce-exclusivity\=checked @/Users/runner/Library/Developer/Xcode/DerivedData/ChessScanner-euukheddappmemcngwqshzhuduna/Build/Intermediates.noindex/ChessScanner.build/Debug-iphonesimulator/ChessScannerUITests.build/Objects-normal/arm64/ChessScannerUITests.SwiftFileList -DDEBUG -module-alias Testing\=_Testing_Unavailable -plugin-path /Applications/Xcode_26.3.app/Contents/Developer/Toolchains/XcodeDefault.xctoolchain/usr/lib/swift/host/plugins/testing -enable-bare-slash-regex -enable-experimental-feature DebugDescriptionMacro -sdk /Applications/Xcode_26.3.app/Contents/Developer/Platforms/iPhoneSimulator.platform/Developer/SDKs/iPhoneSimulator26.2.sdk -target arm64-apple-ios17.0-simulator -g -module-cache-path /Users/runner/Library/Developer/Xcode/DerivedData/ModuleCache.noindex -Xfrontend -serialize-debugging-options -enable-testing -index-store-path /Users/runner/Library/Developer/Xcode/DerivedData/ChessScanner-euukheddappmemcngwqshzhuduna/Index.noindex/DataStore -Xcc -D_LIBCPP_HARDENING_MODE\=_LIBCPP_HARDENING_MODE_DEBUG -swift-version 5 -I /Users/runner/Library/Developer/Xcode/DerivedData/ChessScanner-euukheddappmemcngwqshzhuduna/Build/Products/Debug-iphonesimulator -Isystem /Applications/Xcode_26.3.app/Contents/Developer/Platforms/iPhoneSimulator.platform/Developer/usr/lib -F /Users/runner/Library/Developer/Xcode/DerivedData/ChessScanner-euukheddappmemcngwqshzhuduna/Build/Products/Debug-iphonesimulator -F /Applications/Xcode_26.3.app/Contents/Developer/Platforms/iPhoneSimulator.platform/Developer/Library/Frameworks -F /Applications/Xcode_26.3.app/Contents/Developer/Platforms/iPhoneSimulator.platform/Developer/SDKs/iPhoneSimulator26.2.sdk/Developer/Library/Frameworks -c -j3 -enable-batch-mode -incremental -Xcc -ivfsstatcache -Xcc /Users/runner/Library/Developer/Xcode/DerivedData/SDKStatCaches.noindex/iphonesimulator26.2-23C57-dc75598d0054f22ec865fa860f139d72e244bd9a5feaf902f95f61bf06266e52.sdkstatcache -output-file-map /Users/runner/Library/Developer/Xcode/DerivedData/ChessScanner-euukheddappmemcngwqshzhuduna/Build/Intermediates.noindex/ChessScanner.build/Debug-iphonesimulator/ChessScannerUITests.build/Objects-normal/arm64/ChessScannerUITests-OutputFileMap.json -use-frontend-parseable-output -save-temps -no-color-diagnostics -explicit-module-build -module-cache-path /Users/runner/Library/Developer/Xcode/DerivedData/ChessScanner-euukheddappmemcngwqshzhuduna/Build/Intermediates.noindex/SwiftExplicitPrecompiledModules -clang-scanner-module-cache-path /Users/runner/Library/Developer/Xcode/DerivedData/ModuleCache.noindex -sdk-module-cache-path /Users/runner/Library/Developer/Xcode/DerivedData/ModuleCache.noindex -serialize-diagnostics -emit-dependencies -emit-module -emit-module-path /Users/runner/Library/Developer/Xcode/DerivedData/ChessScanner-euukheddappmemcngwqshzhuduna/Build/Intermediates.noindex/ChessScanner.build/Debug-iphonesimulator/ChessScannerUITests.build/Objects-normal/arm64/ChessScannerUITests.swiftmodule -validate-clang-modules-once -clang-build-session-file /Users/runner/Library/Developer/Xcode/DerivedData/ModuleCache.noindex/Session.modulevalidation -Xcc -I/Users/runner/Library/Developer/Xcode/DerivedData/ChessScanner-euukheddappmemcngwqshzhuduna/Build/Intermediates.noindex/ChessScanner.build/Debug-iphonesimulator/ChessScannerUITests.build/swift-overrides.hmap -emit-const-values -Xfrontend -const-gather-protocols-file -Xfrontend /Users/runner/Library/Developer/Xcode/DerivedData/ChessScanner-euukheddappmemcngwqshzhuduna/Build/Intermediates.noindex/ChessScanner.build/Debug-iphonesimulator/ChessScannerUITests.build/Objects-normal/arm64/ChessScannerUITests_const_extract_protocols.json -Xcc -iquote -Xcc /Users/runner/Library/Developer/Xcode/DerivedData/ChessScanner-euukheddappmemcngwqshzhuduna/Build/Intermediates.noindex/ChessScanner.build/Debug-iphonesimulator/ChessScannerUITests.build/ChessScannerUITests-generated-files.hmap -Xcc -I/Users/runner/Library/Developer/Xcode/DerivedData/ChessScanner-euukheddappmemcngwqshzhuduna/Build/Intermediates.noindex/ChessScanner.build/Debug-iphonesimulator/ChessScannerUITests.build/ChessScannerUITests-own-target-headers.hmap -Xcc -I/Users/runner/Library/Developer/Xcode/DerivedData/ChessScanner-euukheddappmemcngwqshzhuduna/Build/Intermediates.noindex/ChessScanner.build/Debug-iphonesimulator/ChessScannerUITests.build/ChessScannerUITests-all-non-framework-target-headers.hmap -Xcc -ivfsoverlay -Xcc /Users/runner/Library/Developer/Xcode/DerivedData/ChessScanner-euukheddappmemcngwqshzhuduna/Build/Intermediates.noindex/ChessScanner.build/Debug-iphonesimulator/ChessScanner-3f4567d96badc65b92a10b462b166f8f-VFS-iphonesimulator/all-product-headers.yaml -Xcc -iquote -Xcc /Users/runner/Library/Developer/Xcode/DerivedData/ChessScanner-euukheddappmemcngwqshzhuduna/Build/Intermediates.noindex/ChessScanner.build/Debug-iphonesimulator/ChessScannerUITests.build/ChessScannerUITests-project-headers.hmap -Xcc -I/Users/runner/Library/Developer/Xcode/DerivedData/ChessScanner-euukheddappmemcngwqshzhuduna/Build/Products/Debug-iphonesimulator/include -Xcc -I/Users/runner/Library/Developer/Xcode/DerivedData/ChessScanner-euukheddappmemcngwqshzhuduna/Build/Intermediates.noindex/ChessScanner.build/Debug-iphonesimulator/ChessScannerUITests.build/DerivedSources-normal/arm64 -Xcc -I/Users/runner/Library/Developer/Xcode/DerivedData/ChessScanner-euukheddappmemcngwqshzhuduna/Build/Intermediates.noindex/ChessScanner.build/Debug-iphonesimulator/ChessScannerUITests.build/DerivedSources/arm64 -Xcc -I/Users/runner/Library/Developer/Xcode/DerivedData/ChessScanner-euukheddappmemcngwqshzhuduna/Build/Intermediates.noindex/ChessScanner.build/Debug-iphonesimulator/ChessScannerUITests.build/DerivedSources -Xcc -DDEBUG\=1 -emit-objc-header -emit-objc-header-path /Users/runner/Library/Developer/Xcode/DerivedData/ChessScanner-euukheddappmemcngwqshzhuduna/Build/Intermediates.noindex/ChessScanner.build/Debug-iphonesimulator/ChessScannerUITests.build/Objects-normal/arm64/ChessScannerUITests-Swift.h -working-directory /Users/runner/work/chess-scanner-app/chess-scanner-app -experimental-emit-module-separately -disable-cmo

SwiftExplicitDependencyGeneratePcm arm64 /Users/runner/Library/Developer/Xcode/DerivedData/ModuleCache.noindex/_Builtin_float-6MDK9TTC7Y990V1SQ766WW7N3.pcm

SwiftExplicitDependencyGeneratePcm arm64 /Users/runner/Library/Developer/Xcode/DerivedData/ModuleCache.noindex/_Builtin_stdarg-80ZVKY6E4LAN7AUQTEVS4RY7V.pcm

SwiftExplicitDependencyGeneratePcm arm64 /Users/runner/Library/Developer/Xcode/DerivedData/ModuleCache.noindex/_SwiftConcurrencyShims-8BG66MPCCFZ034WL46G8AIOMU.pcm

SwiftExplicitDependencyGeneratePcm arm64 /Users/runner/Library/Developer/Xcode/DerivedData/ModuleCache.noindex/ptrauth-CZL36FG0U9UDJOEX9L3FXUWIA.pcm

SwiftExplicitDependencyGeneratePcm arm64 /Users/runner/Library/Developer/Xcode/DerivedData/ModuleCache.noindex/SwiftShims-6LCDW2X4QH61HTTYRGLQBESQW.pcm

SwiftExplicitDependencyGeneratePcm arm64 /Users/runner/Library/Developer/Xcode/DerivedData/ModuleCache.noindex/_Builtin_stdbool-1UXPX3B11292KP95VIAL067GG.pcm

SwiftExplicitDependencyGeneratePcm arm64 /Users/runner/Library/Developer/Xcode/DerivedData/ModuleCache.noindex/ptrcheck-6MBIPEOAY3QFNOGD7KTTMFJDP.pcm

SwiftExplicitDependencyGeneratePcm arm64 /Users/runner/Library/Developer/Xcode/DerivedData/ModuleCache.noindex/DeveloperToolsSupport-33CWZXW11OZOMTWZRLCD0C8RL.pcm

SwiftExplicitDependencyGeneratePcm arm64 /Users/runner/Library/Developer/Xcode/DerivedData/ModuleCache.noindex/_AvailabilityInternal-4V57YXGECA9I7A18YE4AZ18UT.pcm

SwiftExplicitDependencyGeneratePcm arm64 /Users/runner/Library/Developer/Xcode/DerivedData/ModuleCache.noindex/_Builtin_stddef-7E87Y9J0BNCH4XX2IAP5XDESI.pcm

SwiftExplicitDependencyGeneratePcm arm64 /Users/runner/Library/Developer/Xcode/DerivedData/ModuleCache.noindex/_DarwinFoundation1-3G1G2HIAH6SIFQYIS4IGRG9K5.pcm

SwiftExplicitDependencyGeneratePcm arm64 /Users/runner/Library/Developer/Xcode/DerivedData/ModuleCache.noindex/_Builtin_limits-2GYMI6Y6AKJGFCC0QMUX60YK3.pcm

SwiftExplicitDependencyGeneratePcm arm64 /Users/runner/Library/Developer/Xcode/DerivedData/ModuleCache.noindex/_DarwinFoundation2-B5497BU8ON93WYKD76E2W130A.pcm

SwiftExplicitDependencyGeneratePcm arm64 /Users/runner/Library/Developer/Xcode/DerivedData/ModuleCache.noindex/_Builtin_stdint-1OVBP598DZ3VJ55SGHRZ1C4D9.pcm

SwiftExplicitDependencyGeneratePcm arm64 /Users/runner/Library/Developer/Xcode/DerivedData/ModuleCache.noindex/sys_types-5QLYYOGRMBZAAHJJMAP88HZNN.pcm

SwiftDriverJobDiscovery normal arm64 Compiling Chess.swift, ChessEngine.swift, ChessScannerApp.swift, Components.swift, EngineLinesView.swift, EvalBarView.swift, HistoryView.swift (in target 'ChessScanner' from project 'ChessScanner')

SwiftExplicitDependencyGeneratePcm arm64 /Users/runner/Library/Developer/Xcode/DerivedData/ModuleCache.noindex/_DarwinFoundation3-C8UVO5ZVDG973VE3DX4T12OBK.pcm

SwiftExplicitDependencyGeneratePcm arm64 /Users/runner/Library/Developer/Xcode/DerivedData/ModuleCache.noindex/_Builtin_stdatomic-2XZ8UROLTLCI13Y1JP6QH2LP0.pcm

SwiftDriver\ Compilation ChessScanner normal arm64 com.apple.xcode.tools.swift.compiler (in target 'ChessScanner' from project 'ChessScanner')
    cd /Users/runner/work/chess-scanner-app/chess-scanner-app
    builtin-Swift-Compilation -- /Applications/Xcode_26.3.app/Contents/Developer/Toolchains/XcodeDefault.xctoolchain/usr/bin/swiftc -module-name Chess_Scanner -Onone -enforce-exclusivity\=checked @/Users/runner/Library/Developer/Xcode/DerivedData/ChessScanner-euukheddappmemcngwqshzhuduna/Build/Intermediates.noindex/ChessScanner.build/Debug-iphonesimulator/ChessScanner.build/Objects-normal/arm64/Chess\ Scanner.SwiftFileList -DDEBUG -Xcc -fmodule-map-file\=/Users/runner/Library/Developer/Xcode/DerivedData/ChessScanner-euukheddappmemcngwqshzhuduna/Build/Intermediates.noindex/GeneratedModuleMaps-iphonesimulator/ChessKitEngineCore.modulemap -Xcc -fmodule-map-file\=/Users/runner/Library/Developer/Xcode/DerivedData/ChessScanner-euukheddappmemcngwqshzhuduna/Build/Intermediates.noindex/GeneratedModuleMaps-iphonesimulator/OnnxRuntimeBindings.modulemap -enable-experimental-feature DebugDescriptionMacro -sdk /Applications/Xcode_26.3.app/Contents/Developer/Platforms/iPhoneSimulator.platform/Developer/SDKs/iPhoneSimulator26.2.sdk -target arm64-apple-ios17.0-simulator -g -module-cache-path /Users/runner/Library/Developer/Xcode/DerivedData/ModuleCache.noindex -Xfrontend -serialize-debugging-options -enable-testing -index-store-path /Users/runner/Library/Developer/Xcode/DerivedData/ChessScanner-euukheddappmemcngwqshzhuduna/Index.noindex/DataStore -Xcc -D_LIBCPP_HARDENING_MODE\=_LIBCPP_HARDENING_MODE_DEBUG -swift-version 6 -I /Users/runner/Library/Developer/Xcode/DerivedData/ChessScanner-euukheddappmemcngwqshzhuduna/Build/Products/Debug-iphonesimulator -F /Users/runner/Library/Developer/Xcode/DerivedData/ChessScanner-euukheddappmemcngwqshzhuduna/Build/Products/Debug-iphonesimulator/PackageFrameworks -F /Users/runner/Library/Developer/Xcode/DerivedData/ChessScanner-euukheddappmemcngwqshzhuduna/Build/Products/Debug-iphonesimulator/PackageFrameworks -F /Users/runner/Library/Developer/Xcode/DerivedData/ChessScanner-euukheddappmemcngwqshzhuduna/Build/Products/Debug-iphonesimulator/PackageFrameworks -F /Users/runner/Library/Developer/Xcode/DerivedData/ChessScanner-euukheddappmemcngwqshzhuduna/Build/Products/Debug-iphonesimulator -emit-localized-strings -emit-localized-strings-path /Users/runner/Library/Developer/Xcode/DerivedData/ChessScanner-euukheddappmemcngwqshzhuduna/Build/Intermediates.noindex/ChessScanner.build/Debug-iphonesimulator/ChessScanner.build/Objects-normal/arm64 -c -j3 -enable-batch-mode -incremental -Xcc -ivfsstatcache -Xcc /Users/runner/Library/Developer/Xcode/DerivedData/SDKStatCaches.noindex/iphonesimulator26.2-23C57-dc75598d0054f22ec865fa860f139d72e244bd9a5feaf902f95f61bf06266e52.sdkstatcache -output-file-map /Users/runner/Library/Developer/Xcode/DerivedData/ChessScanner-euukheddappmemcngwqshzhuduna/Build/Intermediates.noindex/ChessScanner.build/Debug-iphonesimulator/ChessScanner.build/Objects-normal/arm64/ChessScanner-OutputFileMap.json -use-frontend-parseable-output -save-temps -no-color-diagnostics -explicit-module-build -module-cache-path /Users/runner/Library/Developer/Xcode/DerivedData/ChessScanner-euukheddappmemcngwqshzhuduna/Build/Intermediates.noindex/SwiftExplicitPrecompiledModules -clang-scanner-module-cache-path /Users/runner/Library/Developer/Xcode/DerivedData/ModuleCache.noindex -sdk-module-cache-path /Users/runner/Library/Developer/Xcode/DerivedData/ModuleCache.noindex -serialize-diagnostics -emit-dependencies -emit-module -emit-module-path /Users/runner/Library/Developer/Xcode/DerivedData/ChessScanner-euukheddappmemcngwqshzhuduna/Build/Intermediates.noindex/ChessScanner.build/Debug-iphonesimulator/ChessScanner.build/Objects-normal/arm64/Chess_Scanner.swiftmodule -validate-clang-modules-once -clang-build-session-file /Users/runner/Library/Developer/Xcode/DerivedData/ModuleCache.noindex/Session.modulevalidation -Xcc -I/Users/runner/Library/Developer/Xcode/DerivedData/ChessScanner-euukheddappmemcngwqshzhuduna/Build/Intermediates.noindex/ChessScanner.build/Debug-iphonesimulator/ChessScanner.build/swift-overrides.hmap -emit-const-values -Xfrontend -const-gather-protocols-file -Xfrontend /Users/runner/Library/Developer/Xcode/DerivedData/ChessScanner-euukheddappmemcngwqshzhuduna/Build/Intermediates.noindex/ChessScanner.build/Debug-iphonesimulator/ChessScanner.build/Objects-normal/arm64/ChessScanner_const_extract_protocols.json -Xcc -iquote -Xcc /Users/runner/Library/Developer/Xcode/DerivedData/ChessScanner-euukheddappmemcngwqshzhuduna/Build/Intermediates.noindex/ChessScanner.build/Debug-iphonesimulator/ChessScanner.build/Chess\ Scanner-generated-files.hmap -Xcc -I/Users/runner/Library/Developer/Xcode/DerivedData/ChessScanner-euukheddappmemcngwqshzhuduna/Build/Intermediates.noindex/ChessScanner.build/Debug-iphonesimulator/ChessScanner.build/Chess\ Scanner-own-target-headers.hmap -Xcc -I/Users/runner/Library/Developer/Xcode/DerivedData/ChessScanner-euukheddappmemcngwqshzhuduna/Build/Intermediates.noindex/ChessScanner.build/Debug-iphonesimulator/ChessScanner.build/Chess\ Scanner-all-non-framework-target-headers.hmap -Xcc -ivfsoverlay -Xcc /Users/runner/Library/Developer/Xcode/DerivedData/ChessScanner-euukheddappmemcngwqshzhuduna/Build/Intermediates.noindex/ChessScanner.build/Debug-iphonesimulator/ChessScanner-3f4567d96badc65b92a10b462b166f8f-VFS-iphonesimulator/all-product-headers.yaml -Xcc -iquote -Xcc /Users/runner/Library/Developer/Xcode/DerivedData/ChessScanner-euukheddappmemcngwqshzhuduna/Build/Intermediates.noindex/ChessScanner.build/Debug-iphonesimulator/ChessScanner.build/Chess\ Scanner-project-headers.hmap -Xcc -I/Users/runner/Library/Developer/Xcode/DerivedData/ChessScanner-euukheddappmemcngwqshzhuduna/SourcePackages/checkouts/chesskit-engine/Sources/ChessKitEngineCore/include -Xcc -I/Users/runner/Library/Developer/Xcode/DerivedData/ChessScanner-euukheddappmemcngwqshzhuduna/SourcePackages/checkouts/onnxruntime-swift-package-manager/objectivec/include -Xcc -I/Users/runner/Library/Developer/Xcode/DerivedData/ChessScanner-euukheddappmemcngwqshzhuduna/Build/Products/Debug-iphonesimulator/include -Xcc -I/Users/runner/Library/Developer/Xcode/DerivedData/ChessScanner-euukheddappmemcngwqshzhuduna/Build/Intermediates.noindex/ChessScanner.build/Debug-iphonesimulator/ChessScanner.build/DerivedSources-normal/arm64 -Xcc -I/Users/runner/Library/Developer/Xcode/DerivedData/ChessScanner-euukheddappmemcngwqshzhuduna/Build/Intermediates.noindex/ChessScanner.build/Debug-iphonesimulator/ChessScanner.build/DerivedSources/arm64 -Xcc -I/Users/runner/Library/Developer/Xcode/DerivedData/ChessScanner-euukheddappmemcngwqshzhuduna/Build/Intermediates.noindex/ChessScanner.build/Debug-iphonesimulator/ChessScanner.build/DerivedSources -Xcc -DDEBUG\=1 -emit-objc-header -emit-objc-header-path /Users/runner/Library/Developer/Xcode/DerivedData/ChessScanner-euukheddappmemcngwqshzhuduna/Build/Intermediates.noindex/ChessScanner.build/Debug-iphonesimulator/ChessScanner.build/Objects-normal/arm64/Chess_Scanner-Swift.h -working-directory /Users/runner/work/chess-scanner-app/chess-scanner-app -experimental-emit-module-separately -disable-cmo

Ld /Users/runner/Library/Developer/Xcode/DerivedData/ChessScanner-euukheddappmemcngwqshzhuduna/Build/Products/Debug-iphonesimulator/Chess\ Scanner.app/Chess\ Scanner.debug.dylib normal (in target 'ChessScanner' from project 'ChessScanner')
    cd /Users/runner/work/chess-scanner-app/chess-scanner-app
    /Applications/Xcode_26.3.app/Contents/Developer/Toolchains/XcodeDefault.xctoolchain/usr/bin/clang -Xlinker -reproducible -target arm64-apple-ios17.0-simulator -dynamiclib -isysroot /Applications/Xcode_26.3.app/Contents/Developer/Platforms/iPhoneSimulator.platform/Developer/SDKs/iPhoneSimulator26.2.sdk -O0 -L/Users/runner/Library/Developer/Xcode/DerivedData/ChessScanner-euukheddappmemcngwqshzhuduna/Build/Intermediates.noindex/EagerLinkingTBDs/Debug-iphonesimulator -L/Users/runner/Library/Developer/Xcode/DerivedData/ChessScanner-euukheddappmemcngwqshzhuduna/Build/Products/Debug-iphonesimulator -F/Users/runner/Library/Developer/Xcode/DerivedData/ChessScanner-euukheddappmemcngwqshzhuduna/Build/Intermediates.noindex/EagerLinkingTBDs/Debug-iphonesimulator -F/Users/runner/Library/Developer/Xcode/DerivedData/ChessScanner-euukheddappmemcngwqshzhuduna/Build/Products/Debug-iphonesimulator/PackageFrameworks -F/Users/runner/Library/Developer/Xcode/DerivedData/ChessScanner-euukheddappmemcngwqshzhuduna/Build/Products/Debug-iphonesimulator/PackageFrameworks -F/Users/runner/Library/Developer/Xcode/DerivedData/ChessScanner-euukheddappmemcngwqshzhuduna/Build/Products/Debug-iphonesimulator/PackageFrameworks -F/Users/runner/Library/Developer/Xcode/DerivedData/ChessScanner-euukheddappmemcngwqshzhuduna/Build/Products/Debug-iphonesimulator -filelist /Users/runner/Library/Developer/Xcode/DerivedData/ChessScanner-euukheddappmemcngwqshzhuduna/Build/Intermediates.noindex/ChessScanner.build/Debug-iphonesimulator/ChessScanner.build/Objects-normal/arm64/Chess\ Scanner.LinkFileList -install_name @rpath/Chess\ Scanner.debug.dylib -Xlinker -rpath -Xlinker /usr/lib/swift -Xlinker -rpath -Xlinker /Users/runner/Library/Developer/Xcode/DerivedData/ChessScanner-euukheddappmemcngwqshzhuduna/Build/Products/Debug-iphonesimulator/PackageFrameworks -Xlinker -rpath -Xlinker @executable_path/Frameworks -dead_strip -Xlinker -object_path_lto -Xlinker /Users/runner/Library/Developer/Xcode/DerivedData/ChessScanner-euukheddappmemcngwqshzhuduna/Build/Intermediates.noindex/ChessScanner.build/Debug-iphonesimulator/ChessScanner.build/Objects-normal/arm64/Chess\ Scanner_lto.o -rdynamic -Xlinker -no_deduplicate -Xlinker -objc_abi_version -Xlinker 2 -Xlinker -dependency_info -Xlinker /Users/runner/Library/Developer/Xcode/DerivedData/ChessScanner-euukheddappmemcngwqshzhuduna/Build/Intermediates.noindex/ChessScanner.build/Debug-iphonesimulator/ChessScanner.build/Objects-normal/arm64/Chess\ Scanner_dependency_info.dat -fobjc-link-runtime -L/Applications/Xcode_26.3.app/Contents/Developer/Toolchains/XcodeDefault.xctoolchain/usr/lib/swift/iphonesimulator -L/usr/lib/swift -Xlinker -add_ast_path -Xlinker /Users/runner/Library/Developer/Xcode/DerivedData/ChessScanner-euukheddappmemcngwqshzhuduna/Build/Intermediates.noindex/ChessScanner.build/Debug-iphonesimulator/ChessScanner.build/Objects-normal/arm64/Chess_Scanner.swiftmodule @/Users/runner/Library/Developer/Xcode/DerivedData/ChessScanner-euukheddappmemcngwqshzhuduna/Build/Intermediates.noindex/ChessScanner.build/Debug-iphonesimulator/ChessScanner.build/Objects-normal/arm64/Chess_Scanner-linker-args.resp -lc++ -Wl,-no_warn_duplicate_libraries -Wl,-no_warn_duplicate_libraries -lc++ -Wl,-no_warn_duplicate_libraries -lz -Xlinker -alias -Xlinker _main -Xlinker ___debug_main_executable_dylib_entry_point -framework onnxruntime -o /Users/runner/Library/Developer/Xcode/DerivedData/ChessScanner-euukheddappmemcngwqshzhuduna/Build/Products/Debug-iphonesimulator/Chess\ Scanner.app/Chess\ Scanner.debug.dylib -Xlinker -add_ast_path -Xlinker /Users/runner/Library/Developer/Xcode/DerivedData/ChessScanner-euukheddappmemcngwqshzhuduna/Build/Intermediates.noindex/ChessKitEngine.build/Debug-iphonesimulator/ChessKitEngine.build/Objects-normal/arm64/ChessKitEngine.swiftmodule @/Users/runner/Library/Developer/Xcode/DerivedData/ChessScanner-euukheddappmemcngwqshzhuduna/Build/Intermediates.noindex/ChessKitEngine.build/Debug-iphonesimulator/ChessKitEngine.build/Objects-normal/arm64/ChessKitEngine-linker-args.resp

SwiftExplicitDependencyGeneratePcm arm64 /Users/runner/Library/Developer/Xcode/DerivedData/ModuleCache.noindex/_Builtin_inttypes-4Z6A8UX8B0YZJH0KTX924DI7X.pcm

SwiftExplicitDependencyGeneratePcm arm64 /Users/runner/Library/Developer/Xcode/DerivedData/ModuleCache.noindex/Darwin-6ZVD5NW04TCIQZ8726EP05A39.pcm

SwiftExplicitDependencyGeneratePcm arm64 /Users/runner/Library/Developer/Xcode/DerivedData/ModuleCache.noindex/ObjectiveC-2IRV0CDRUFRYGXQH66GKVC4XR.pcm

SwiftExplicitDependencyGeneratePcm arm64 /Users/runner/Library/Developer/Xcode/DerivedData/ModuleCache.noindex/MachO-4CQBMVXBOKSK2C9Z6XSTZSW3S.pcm

SwiftExplicitDependencyGeneratePcm arm64 /Users/runner/Library/Developer/Xcode/DerivedData/ModuleCache.noindex/os_object-2758PO7LAOX6UMJPKISAZH9YU.pcm

SwiftExplicitDependencyGeneratePcm arm64 /Users/runner/Library/Developer/Xcode/DerivedData/ModuleCache.noindex/os_workgroup-BWFEHK3FDZ9DKOBII1N6WWDLI.pcm

SwiftExplicitDependencyGeneratePcm arm64 /Users/runner/Library/Developer/Xcode/DerivedData/ModuleCache.noindex/Dispatch-43L2DSGUH8RHE0QR4Q83CQF9C.pcm

ConstructStubExecutorLinkFileList /Users/runner/Library/Developer/Xcode/DerivedData/ChessScanner-euukheddappmemcngwqshzhuduna/Build/Intermediates.noindex/ChessScanner.build/Debug-iphonesimulator/ChessScanner.build/Chess\ Scanner-ExecutorLinkFileList-normal-arm64.txt (in target 'ChessScanner' from project 'ChessScanner')
    cd /Users/runner/work/chess-scanner-app/chess-scanner-app
    construct-stub-executor-link-file-list /Users/runner/Library/Developer/Xcode/DerivedData/ChessScanner-euukheddappmemcngwqshzhuduna/Build/Products/Debug-iphonesimulator/Chess\ Scanner.app/Chess\ Scanner.debug.dylib /Applications/Xcode_26.3.app/Contents/Developer/Platforms/iPhoneSimulator.platform/Developer/usr/lib/libPreviewsJITStubExecutor_no_swift_entry_point.a /Applications/Xcode_26.3.app/Contents/Developer/Platforms/iPhoneSimulator.platform/Developer/usr/lib/libPreviewsJITStubExecutor.a --output /Users/runner/Library/Developer/Xcode/DerivedData/ChessScanner-euukheddappmemcngwqshzhuduna/Build/Intermediates.noindex/ChessScanner.build/Debug-iphonesimulator/ChessScanner.build/Chess\ Scanner-ExecutorLinkFileList-normal-arm64.txt
note: Using stub executor library with Swift entry point. (in target 'ChessScanner' from project 'ChessScanner')

Ld /Users/runner/Library/Developer/Xcode/DerivedData/ChessScanner-euukheddappmemcngwqshzhuduna/Build/Products/Debug-iphonesimulator/Chess\ Scanner.app/Chess\ Scanner normal (in target 'ChessScanner' from project 'ChessScanner')
    cd /Users/runner/work/chess-scanner-app/chess-scanner-app
    /Applications/Xcode_26.3.app/Contents/Developer/Toolchains/XcodeDefault.xctoolchain/usr/bin/clang -Xlinker -reproducible -target arm64-apple-ios17.0-simulator -isysroot /Applications/Xcode_26.3.app/Contents/Developer/Platforms/iPhoneSimulator.platform/Developer/SDKs/iPhoneSimulator26.2.sdk -O0 -L/Users/runner/Library/Developer/Xcode/DerivedData/ChessScanner-euukheddappmemcngwqshzhuduna/Build/Products/Debug-iphonesimulator -F/Users/runner/Library/Developer/Xcode/DerivedData/ChessScanner-euukheddappmemcngwqshzhuduna/Build/Products/Debug-iphonesimulator/PackageFrameworks -F/Users/runner/Library/Developer/Xcode/DerivedData/ChessScanner-euukheddappmemcngwqshzhuduna/Build/Products/Debug-iphonesimulator/PackageFrameworks -F/Users/runner/Library/Developer/Xcode/DerivedData/ChessScanner-euukheddappmemcngwqshzhuduna/Build/Products/Debug-iphonesimulator/PackageFrameworks -F/Users/runner/Library/Developer/Xcode/DerivedData/ChessScanner-euukheddappmemcngwqshzhuduna/Build/Products/Debug-iphonesimulator -Xlinker -rpath -Xlinker @executable_path -Xlinker -rpath -Xlinker /Users/runner/Library/Developer/Xcode/DerivedData/ChessScanner-euukheddappmemcngwqshzhuduna/Build/Products/Debug-iphonesimulator/PackageFrameworks -Xlinker -rpath -Xlinker @executable_path/Frameworks -rdynamic -Xlinker -no_deduplicate -Xlinker -objc_abi_version -Xlinker 2 -e ___debug_blank_executor_main -Xlinker -sectcreate -Xlinker __TEXT -Xlinker __debug_dylib -Xlinker /Users/runner/Library/Developer/Xcode/DerivedData/ChessScanner-euukheddappmemcngwqshzhuduna/Build/Intermediates.noindex/ChessScanner.build/Debug-iphonesimulator/ChessScanner.build/Chess\ Scanner-DebugDylibPath-normal-arm64.txt -Xlinker -sectcreate -Xlinker __TEXT -Xlinker __debug_instlnm -Xlinker /Users/runner/Library/Developer/Xcode/DerivedData/ChessScanner-euukheddappmemcngwqshzhuduna/Build/Intermediates.noindex/ChessScanner.build/Debug-iphonesimulator/ChessScanner.build/Chess\ Scanner-DebugDylibInstallName-normal-arm64.txt -Xlinker -filelist -Xlinker /Users/runner/Library/Developer/Xcode/DerivedData/ChessScanner-euukheddappmemcngwqshzhuduna/Build/Intermediates.noindex/ChessScanner.build/Debug-iphonesimulator/ChessScanner.build/Chess\ Scanner-ExecutorLinkFileList-normal-arm64.txt /Users/runner/Library/Developer/Xcode/DerivedData/ChessScanner-euukheddappmemcngwqshzhuduna/Build/Products/Debug-iphonesimulator/Chess\ Scanner.app/Chess\ Scanner.debug.dylib -o /Users/runner/Library/Developer/Xcode/DerivedData/ChessScanner-euukheddappmemcngwqshzhuduna/Build/Products/Debug-iphonesimulator/Chess\ Scanner.app/Chess\ Scanner

ExtractAppIntentsMetadata (in target 'ChessScanner' from project 'ChessScanner')
    cd /Users/runner/work/chess-scanner-app/chess-scanner-app
    /Applications/Xcode_26.3.app/Contents/Developer/Toolchains/XcodeDefault.xctoolchain/usr/bin/appintentsmetadataprocessor --toolchain-dir /var/run/com.apple.security.cryptexd/mnt/com.apple.MobileAsset.MetalToolchain-v17.3.7003.10.t02uNi/Metal.xctoolchain --module-name Chess_Scanner --sdk-root /Applications/Xcode_26.3.app/Contents/Developer/Platforms/iPhoneSimulator.platform/Developer/SDKs/iPhoneSimulator26.2.sdk --xcode-version 17C529 --platform-family iOS --deployment-target 17.0 --bundle-identifier com.chessscanner.app --output /Users/runner/Library/Developer/Xcode/DerivedData/ChessScanner-euukheddappmemcngwqshzhuduna/Build/Products/Debug-iphonesimulator/Chess\ Scanner.app --target-triple arm64-apple-ios17.0-simulator --binary-file /Users/runner/Library/Developer/Xcode/DerivedData/ChessScanner-euukheddappmemcngwqshzhuduna/Build/Products/Debug-iphonesimulator/Chess\ Scanner.app/Chess\ Scanner --dependency-file /Users/runner/Library/Developer/Xcode/DerivedData/ChessScanner-euukheddappmemcngwqshzhuduna/Build/Intermediates.noindex/ChessScanner.build/Debug-iphonesimulator/ChessScanner.build/Objects-normal/arm64/Chess\ Scanner_dependency_info.dat --stringsdata-file /Users/runner/Library/Developer/Xcode/DerivedData/ChessScanner-euukheddappmemcngwqshzhuduna/Build/Intermediates.noindex/ChessScanner.build/Debug-iphonesimulator/ChessScanner.build/Objects-normal/arm64/ExtractedAppShortcutsMetadata.stringsdata --source-file-list /Users/runner/Library/Developer/Xcode/DerivedData/ChessScanner-euukheddappmemcngwqshzhuduna/Build/Intermediates.noindex/ChessScanner.build/Debug-iphonesimulator/ChessScanner.build/Objects-normal/arm64/Chess\ Scanner.SwiftFileList --metadata-file-list /Users/runner/Library/Developer/Xcode/DerivedData/ChessScanner-euukheddappmemcngwqshzhuduna/Build/Intermediates.noindex/ChessScanner.build/Debug-iphonesimulator/ChessScanner.build/Chess\ Scanner.DependencyMetadataFileList --static-metadata-file-list /Users/runner/Library/Developer/Xcode/DerivedData/ChessScanner-euukheddappmemcngwqshzhuduna/Build/Intermediates.noindex/ChessScanner.build/Debug-iphonesimulator/ChessScanner.build/Chess\ Scanner.DependencyStaticMetadataFileList --swift-const-vals-list /Users/runner/Library/Developer/Xcode/DerivedData/ChessScanner-euukheddappmemcngwqshzhuduna/Build/Intermediates.noindex/ChessScanner.build/Debug-iphonesimulator/ChessScanner.build/Objects-normal/arm64/Chess\ Scanner.SwiftConstValuesFileList --compile-time-extraction --deployment-aware-processing --validate-assistant-intents --no-app-shortcuts-localization
2026-10-03 01:36:29.095 appintentsmetadataprocessor[14170:42319] Starting appintentsmetadataprocessor export
2026-10-03 01:36:29.102 appintentsmetadataprocessor[14170:42319] warning: Metadata extraction skipped. No AppIntents.framework dependency found.

CopySwiftLibs /Users/runner/Library/Developer/Xcode/DerivedData/ChessScanner-euukheddappmemcngwqshzhuduna/Build/Products/Debug-iphonesimulator/Chess\ Scanner.app (in target 'ChessScanner' from project 'ChessScanner')
    cd /Users/runner/work/chess-scanner-app/chess-scanner-app
    builtin-swiftStdLibTool --copy --verbose --scan-executable /Users/runner/Library/Developer/Xcode/DerivedData/ChessScanner-euukheddappmemcngwqshzhuduna/Build/Products/Debug-iphonesimulator/Chess\ Scanner.app/Chess\ Scanner.debug.dylib --scan-folder /Users/runner/Library/Developer/Xcode/DerivedData/ChessScanner-euukheddappmemcngwqshzhuduna/Build/Products/Debug-iphonesimulator/Chess\ Scanner.app/Frameworks --scan-folder /Users/runner/Library/Developer/Xcode/DerivedData/ChessScanner-euukheddappmemcngwqshzhuduna/Build/Products/Debug-iphonesimulator/Chess\ Scanner.app/PlugIns --scan-folder /Users/runner/Library/Developer/Xcode/DerivedData/ChessScanner-euukheddappmemcngwqshzhuduna/Build/Products/Debug-iphonesimulator/Chess\ Scanner.app/SystemExtensions --scan-folder /Users/runner/Library/Developer/Xcode/DerivedData/ChessScanner-euukheddappmemcngwqshzhuduna/Build/Products/Debug-iphonesimulator/Chess\ Scanner.app/Extensions --platform iphonesimulator --toolchain /var/run/com.apple.security.cryptexd/mnt/com.apple.MobileAsset.MetalToolchain-v17.3.7003.10.t02uNi/Metal.xctoolchain --toolchain /Applications/Xcode_26.3.app/Contents/Developer/Toolchains/XcodeDefault.xctoolchain --destination /Users/runner/Library/Developer/Xcode/DerivedData/ChessScanner-euukheddappmemcngwqshzhuduna/Build/Products/Debug-iphonesimulator/Chess\ Scanner.app/Frameworks --strip-bitcode --strip-bitcode-tool /Applications/Xcode_26.3.app/Contents/Developer/Toolchains/XcodeDefault.xctoolchain/usr/bin/bitcode_strip --emit-dependency-info /Users/runner/Library/Developer/Xcode/DerivedData/ChessScanner-euukheddappmemcngwqshzhuduna/Build/Intermediates.noindex/ChessScanner.build/Debug-iphonesimulator/ChessScanner.build/SwiftStdLibToolInputDependencies.dep --filter-for-swift-os
Ignoring --strip-bitcode because --sign was not passed

SwiftExplicitDependencyGeneratePcm arm64 /Users/runner/Library/Developer/Xcode/DerivedData/ModuleCache.noindex/CoreFoundation-AJWFL3GD51D9IUVH2LV6D6HP2.pcm

SwiftExplicitDependencyGeneratePcm arm64 /Users/runner/Library/Developer/Xcode/DerivedData/ModuleCache.noindex/XPC-CPXSBW94ITF2WX3R678JNHCYF.pcm

SwiftExplicitDependencyGeneratePcm arm64 /Users/runner/Library/Developer/Xcode/DerivedData/ModuleCache.noindex/os-BDOG33IB6KQOBMDJOUNVF3T9M.pcm

SwiftExplicitDependencyGeneratePcm arm64 /Users/runner/Library/Developer/Xcode/DerivedData/ModuleCache.noindex/CFNetwork-ASE9SLVVXF6GUCM7S844D8K9C.pcm

SwiftExplicitDependencyGeneratePcm arm64 /Users/runner/Library/Developer/Xcode/DerivedData/ModuleCache.noindex/CoreGraphics-CTHKLL96U3DCYFOSTO6MXH930.pcm

SwiftExplicitDependencyGeneratePcm arm64 /Users/runner/Library/Developer/Xcode/DerivedData/ModuleCache.noindex/Security-54VT4O3II9P0ST7N8CF014ESH.pcm

AppIntentsSSUTraining (in target 'ChessScanner' from project 'ChessScanner')
    cd /Users/runner/work/chess-scanner-app/chess-scanner-app
    /Applications/Xcode_26.3.app/Contents/Developer/Toolchains/XcodeDefault.xctoolchain/usr/bin/appintentsnltrainingprocessor --infoplist-path /Users/runner/Library/Developer/Xcode/DerivedData/ChessScanner-euukheddappmemcngwqshzhuduna/Build/Products/Debug-iphonesimulator/Chess\ Scanner.app/Info.plist --temp-dir-path /Users/runner/Library/Developer/Xcode/DerivedData/ChessScanner-euukheddappmemcngwqshzhuduna/Build/Intermediates.noindex/ChessScanner.build/Debug-iphonesimulator/ChessScanner.build/ssu --bundle-id com.chessscanner.app --product-path /Users/runner/Library/Developer/Xcode/DerivedData/ChessScanner-euukheddappmemcngwqshzhuduna/Build/Products/Debug-iphonesimulator/Chess\ Scanner.app --extracted-metadata-path /Users/runner/Library/Developer/Xcode/DerivedData/ChessScanner-euukheddappmemcngwqshzhuduna/Build/Products/Debug-iphonesimulator/Chess\ Scanner.app/Metadata.appintents --metadata-file-list /Users/runner/Library/Developer/Xcode/DerivedData/ChessScanner-euukheddappmemcngwqshzhuduna/Build/Intermediates.noindex/ChessScanner.build/Debug-iphonesimulator/ChessScanner.build/Chess\ Scanner.DependencyMetadataFileList --archive-ssu-assets
2026-10-03 01:36:29.252 appintentsnltrainingprocessor[14207:42404] Parsing options for appintentsnltrainingprocessor
2026-10-03 01:36:29.253 appintentsnltrainingprocessor[14207:42404] No AppShortcuts found - Skipping.

RegisterExecutionPolicyException /Users/runner/Library/Developer/Xcode/DerivedData/ChessScanner-euukheddappmemcngwqshzhuduna/Build/Products/Debug-iphonesimulator/Chess\ Scanner.app (in target 'ChessScanner' from project 'ChessScanner')
    cd /Users/runner/work/chess-scanner-app/chess-scanner-app
    builtin-RegisterExecutionPolicyException /Users/runner/Library/Developer/Xcode/DerivedData/ChessScanner-euukheddappmemcngwqshzhuduna/Build/Products/Debug-iphonesimulator/Chess\ Scanner.app

SwiftExplicitDependencyGeneratePcm arm64 /Users/runner/Library/Developer/Xcode/DerivedData/ModuleCache.noindex/ImageIO-6PBSX0EYTP8X400C9MG4LADUX.pcm

SwiftExplicitDependencyGeneratePcm arm64 /Users/runner/Library/Developer/Xcode/DerivedData/ModuleCache.noindex/CoreText-F58TJC839JZB2DJ01TC1Z4YHL.pcm

SwiftExplicitDependencyGeneratePcm arm64 /Users/runner/Library/Developer/Xcode/DerivedData/ModuleCache.noindex/Foundation-7HFQENLCUQJQREKF9ZLJ50PC5.pcm

Validate /Users/runner/Library/Developer/Xcode/DerivedData/ChessScanner-euukheddappmemcngwqshzhuduna/Build/Products/Debug-iphonesimulator/Chess\ Scanner.app (in target 'ChessScanner' from project 'ChessScanner')
    cd /Users/runner/work/chess-scanner-app/chess-scanner-app
    builtin-validationUtility /Users/runner/Library/Developer/Xcode/DerivedData/ChessScanner-euukheddappmemcngwqshzhuduna/Build/Products/Debug-iphonesimulator/Chess\ Scanner.app -shallow-bundle -infoplist-subpath Info.plist

Touch /Users/runner/Library/Developer/Xcode/DerivedData/ChessScanner-euukheddappmemcngwqshzhuduna/Build/Products/Debug-iphonesimulator/Chess\ Scanner.app (in target 'ChessScanner' from project 'ChessScanner')
    cd /Users/runner/work/chess-scanner-app/chess-scanner-app
    /usr/bin/touch -c /Users/runner/Library/Developer/Xcode/DerivedData/ChessScanner-euukheddappmemcngwqshzhuduna/Build/Products/Debug-iphonesimulator/Chess\ Scanner.app

ProcessInfoPlistFile /Users/runner/Library/Developer/Xcode/DerivedData/ChessScanner-euukheddappmemcngwqshzhuduna/Build/Products/Debug-iphonesimulator/ChessScannerUITests-Runner.app/PlugIns/ChessScannerUITests.xctest/Info.plist /Users/runner/Library/Developer/Xcode/DerivedData/ChessScanner-euukheddappmemcngwqshzhuduna/Build/Intermediates.noindex/ChessScanner.build/Debug-iphonesimulator/ChessScannerUITests.build/empty-ChessScannerUITests.plist (in target 'ChessScannerUITests' from project 'ChessScanner')
    cd /Users/runner/work/chess-scanner-app/chess-scanner-app
    builtin-infoPlistUtility /Users/runner/Library/Developer/Xcode/DerivedData/ChessScanner-euukheddappmemcngwqshzhuduna/Build/Intermediates.noindex/ChessScanner.build/Debug-iphonesimulator/ChessScannerUITests.build/empty-ChessScannerUITests.plist -producttype com.apple.product-type.bundle.ui-testing -expandbuildsettings -format binary -platform iphonesimulator -additionalcontentfile /Users/runner/Library/Developer/Xcode/DerivedData/ChessScanner-euukheddappmemcngwqshzhuduna/Build/Intermediates.noindex/ChessScanner.build/Debug-iphonesimulator/ChessScannerUITests.build/ProductTypeInfoPlistAdditions.plist -o /Users/runner/Library/Developer/Xcode/DerivedData/ChessScanner-euukheddappmemcngwqshzhuduna/Build/Products/Debug-iphonesimulator/ChessScannerUITests-Runner.app/PlugIns/ChessScannerUITests.xctest/Info.plist

SwiftExplicitDependencyGeneratePcm arm64 /Users/runner/Library/Developer/Xcode/DerivedData/ModuleCache.noindex/Symbols-D5QQG547RCDBUN3J9S5LKUM2S.pcm

SwiftExplicitDependencyGeneratePcm arm64 /Users/runner/Library/Developer/Xcode/DerivedData/ModuleCache.noindex/IOSurface-4C7FWRJH8NB3N52BUKSWZONAS.pcm

SwiftExplicitDependencyGeneratePcm arm64 /Users/runner/Library/Developer/Xcode/DerivedData/ModuleCache.noindex/Accessibility-6FG87DK9SPI4T0QHFCHM4NFZE.pcm

SwiftExplicitDependencyGeneratePcm arm64 /Users/runner/Library/Developer/Xcode/DerivedData/ModuleCache.noindex/CoreTransferable-5JEXE1NIWJVMJ3EYIBJBURR9K.pcm

SwiftExplicitDependencyGeneratePcm arm64 /Users/runner/Library/Developer/Xcode/DerivedData/ModuleCache.noindex/OpenGLES-6KMO59LISEY5AL07BUBBCDPOH.pcm

SwiftExplicitDependencyGeneratePcm arm64 /Users/runner/Library/Developer/Xcode/DerivedData/ModuleCache.noindex/UserNotifications-5GKI6XQ86U8Q1TD2H7CXMXQDD.pcm

SwiftExplicitDependencyGeneratePcm arm64 /Users/runner/Library/Developer/Xcode/DerivedData/ModuleCache.noindex/Metal-52IQ97TX69Z6C2TZ3UKJUJSXC.pcm

SwiftExplicitDependencyGeneratePcm arm64 /Users/runner/Library/Developer/Xcode/DerivedData/ModuleCache.noindex/DataDetection-1TMDP7GX8NWQVAM8USPT5JMD3.pcm

SwiftExplicitDependencyGeneratePcm arm64 /Users/runner/Library/Developer/Xcode/DerivedData/ModuleCache.noindex/OSLog-BP9Q4EAVMM7Y34WGM0BO48XTJ.pcm

SwiftExplicitDependencyGeneratePcm arm64 /Users/runner/Library/Developer/Xcode/DerivedData/ModuleCache.noindex/UniformTypeIdentifiers-2S1BDQTEKO5TI7VAWKY25YF5F.pcm

SwiftExplicitDependencyGeneratePcm arm64 /Users/runner/Library/Developer/Xcode/DerivedData/ModuleCache.noindex/UIUtilities-202TAD0X89CDF4MKIHELUTP14.pcm

SwiftExplicitDependencyGeneratePcm arm64 /Users/runner/Library/Developer/Xcode/DerivedData/ModuleCache.noindex/FileProvider-DV9JY4DMOYOUNB5ZGBVDL2JXP.pcm

SwiftExplicitDependencyGeneratePcm arm64 /Users/runner/Library/Developer/Xcode/DerivedData/ModuleCache.noindex/CoreVideo-2QKOEU1UUQKSK5VD1NT1IIWO0.pcm

SwiftExplicitDependencyGeneratePcm arm64 /Users/runner/Library/Developer/Xcode/DerivedData/ModuleCache.noindex/QuartzCore-117MK44TAWGER1D783CQB3Y5I.pcm

SwiftExplicitDependencyGeneratePcm arm64 /Users/runner/Library/Developer/Xcode/DerivedData/ModuleCache.noindex/CoreImage-4X56MDIG2UE4ZR59NHN6BRBCR.pcm

SwiftExplicitDependencyGeneratePcm arm64 /Users/runner/Library/Developer/Xcode/DerivedData/ModuleCache.noindex/SwiftUICore-4TCNI7XKP1QKKP2VT2SUY7FI4.pcm

SwiftExplicitDependencyGeneratePcm arm64 /Users/runner/Library/Developer/Xcode/DerivedData/ModuleCache.noindex/UIKit-8RQC2X6V7NLLPT9V0L33T8DW2.pcm

SwiftExplicitDependencyGeneratePcm arm64 /Users/runner/Library/Developer/Xcode/DerivedData/ChessScanner-euukheddappmemcngwqshzhuduna/Build/Intermediates.noindex/SwiftExplicitPrecompiledModules/XCUIAutomation-1IBJEV88IV4O76XEROAU7LMQO.pcm

SwiftExplicitDependencyCompileModuleFromInterface arm64 /Users/runner/Library/Developer/Xcode/DerivedData/ChessScanner-euukheddappmemcngwqshzhuduna/Build/Intermediates.noindex/SwiftExplicitPrecompiledModules/XCUIAutomation-2UTKUQ40L7Q1H.swiftmodule

SwiftExplicitDependencyGeneratePcm arm64 /Users/runner/Library/Developer/Xcode/DerivedData/ChessScanner-euukheddappmemcngwqshzhuduna/Build/Intermediates.noindex/SwiftExplicitPrecompiledModules/XCTest-BWT7P1WZ8O0JR4UWCRIHFDLUD.pcm

SwiftExplicitDependencyCompileModuleFromInterface arm64 /Users/runner/Library/Developer/Xcode/DerivedData/ChessScanner-euukheddappmemcngwqshzhuduna/Build/Intermediates.noindex/SwiftExplicitPrecompiledModules/XCTest-2NCIBZJYL0EAL.swiftmodule

SwiftEmitModule normal arm64 Emitting\ module\ for\ ChessScannerUITests (in target 'ChessScannerUITests' from project 'ChessScanner')

EmitSwiftModule normal arm64 (in target 'ChessScannerUITests' from project 'ChessScanner')
    cd /Users/runner/work/chess-scanner-app/chess-scanner-app
    

SwiftCompile normal arm64 Compiling\ AppStoreScreenshots.swift /Users/runner/work/chess-scanner-app/chess-scanner-app/ChessScannerUITests/AppStoreScreenshots.swift (in target 'ChessScannerUITests' from project 'ChessScanner')
SwiftCompile normal arm64 /Users/runner/work/chess-scanner-app/chess-scanner-app/ChessScannerUITests/AppStoreScreenshots.swift (in target 'ChessScannerUITests' from project 'ChessScanner')
    cd /Users/runner/work/chess-scanner-app/chess-scanner-app
    

SwiftCompile normal arm64 Compiling\ ChessScannerUITests.swift /Users/runner/work/chess-scanner-app/chess-scanner-app/ChessScannerUITests/ChessScannerUITests.swift (in target 'ChessScannerUITests' from project 'ChessScanner')
SwiftCompile normal arm64 /Users/runner/work/chess-scanner-app/chess-scanner-app/ChessScannerUITests/ChessScannerUITests.swift (in target 'ChessScannerUITests' from project 'ChessScanner')
    cd /Users/runner/work/chess-scanner-app/chess-scanner-app
    

SwiftDriverJobDiscovery normal arm64 Emitting module for ChessScannerUITests (in target 'ChessScannerUITests' from project 'ChessScanner')

SwiftDriver\ Compilation\ Requirements ChessScannerUITests normal arm64 com.apple.xcode.tools.swift.compiler (in target 'ChessScannerUITests' from project 'ChessScanner')
    cd /Users/runner/work/chess-scanner-app/chess-scanner-app
    builtin-Swift-Compilation-Requirements -- /Applications/Xcode_26.3.app/Contents/Developer/Toolchains/XcodeDefault.xctoolchain/usr/bin/swiftc -module-name ChessScannerUITests -Onone -enforce-exclusivity\=checked @/Users/runner/Library/Developer/Xcode/DerivedData/ChessScanner-euukheddappmemcngwqshzhuduna/Build/Intermediates.noindex/ChessScanner.build/Debug-iphonesimulator/ChessScannerUITests.build/Objects-normal/arm64/ChessScannerUITests.SwiftFileList -DDEBUG -module-alias Testing\=_Testing_Unavailable -plugin-path /Applications/Xcode_26.3.app/Contents/Developer/Toolchains/XcodeDefault.xctoolchain/usr/lib/swift/host/plugins/testing -enable-bare-slash-regex -enable-experimental-feature DebugDescriptionMacro -sdk /Applications/Xcode_26.3.app/Contents/Developer/Platforms/iPhoneSimulator.platform/Developer/SDKs/iPhoneSimulator26.2.sdk -target arm64-apple-ios17.0-simulator -g -module-cache-path /Users/runner/Library/Developer/Xcode/DerivedData/ModuleCache.noindex -Xfrontend -serialize-debugging-options -enable-testing -index-store-path /Users/runner/Library/Developer/Xcode/DerivedData/ChessScanner-euukheddappmemcngwqshzhuduna/Index.noindex/DataStore -Xcc -D_LIBCPP_HARDENING_MODE\=_LIBCPP_HARDENING_MODE_DEBUG -swift-version 5 -I /Users/runner/Library/Developer/Xcode/DerivedData/ChessScanner-euukheddappmemcngwqshzhuduna/Build/Products/Debug-iphonesimulator -Isystem /Applications/Xcode_26.3.app/Contents/Developer/Platforms/iPhoneSimulator.platform/Developer/usr/lib -F /Users/runner/Library/Developer/Xcode/DerivedData/ChessScanner-euukheddappmemcngwqshzhuduna/Build/Products/Debug-iphonesimulator -F /Applications/Xcode_26.3.app/Contents/Developer/Platforms/iPhoneSimulator.platform/Developer/Library/Frameworks -F /Applications/Xcode_26.3.app/Contents/Developer/Platforms/iPhoneSimulator.platform/Developer/SDKs/iPhoneSimulator26.2.sdk/Developer/Library/Frameworks -c -j3 -enable-batch-mode -incremental -Xcc -ivfsstatcache -Xcc /Users/runner/Library/Developer/Xcode/DerivedData/SDKStatCaches.noindex/iphonesimulator26.2-23C57-dc75598d0054f22ec865fa860f139d72e244bd9a5feaf902f95f61bf06266e52.sdkstatcache -output-file-map /Users/runner/Library/Developer/Xcode/DerivedData/ChessScanner-euukheddappmemcngwqshzhuduna/Build/Intermediates.noindex/ChessScanner.build/Debug-iphonesimulator/ChessScannerUITests.build/Objects-normal/arm64/ChessScannerUITests-OutputFileMap.json -use-frontend-parseable-output -save-temps -no-color-diagnostics -explicit-module-build -module-cache-path /Users/runner/Library/Developer/Xcode/DerivedData/ChessScanner-euukheddappmemcngwqshzhuduna/Build/Intermediates.noindex/SwiftExplicitPrecompiledModules -clang-scanner-module-cache-path /Users/runner/Library/Developer/Xcode/DerivedData/ModuleCache.noindex -sdk-module-cache-path /Users/runner/Library/Developer/Xcode/DerivedData/ModuleCache.noindex -serialize-diagnostics -emit-dependencies -emit-module -emit-module-path /Users/runner/Library/Developer/Xcode/DerivedData/ChessScanner-euukheddappmemcngwqshzhuduna/Build/Intermediates.noindex/ChessScanner.build/Debug-iphonesimulator/ChessScannerUITests.build/Objects-normal/arm64/ChessScannerUITests.swiftmodule -validate-clang-modules-once -clang-build-session-file /Users/runner/Library/Developer/Xcode/DerivedData/ModuleCache.noindex/Session.modulevalidation -Xcc -I/Users/runner/Library/Developer/Xcode/DerivedData/ChessScanner-euukheddappmemcngwqshzhuduna/Build/Intermediates.noindex/ChessScanner.build/Debug-iphonesimulator/ChessScannerUITests.build/swift-overrides.hmap -emit-const-values -Xfrontend -const-gather-protocols-file -Xfrontend /Users/runner/Library/Developer/Xcode/DerivedData/ChessScanner-euukheddappmemcngwqshzhuduna/Build/Intermediates.noindex/ChessScanner.build/Debug-iphonesimulator/ChessScannerUITests.build/Objects-normal/arm64/ChessScannerUITests_const_extract_protocols.json -Xcc -iquote -Xcc /Users/runner/Library/Developer/Xcode/DerivedData/ChessScanner-euukheddappmemcngwqshzhuduna/Build/Intermediates.noindex/ChessScanner.build/Debug-iphonesimulator/ChessScannerUITests.build/ChessScannerUITests-generated-files.hmap -Xcc -I/Users/runner/Library/Developer/Xcode/DerivedData/ChessScanner-euukheddappmemcngwqshzhuduna/Build/Intermediates.noindex/ChessScanner.build/Debug-iphonesimulator/ChessScannerUITests.build/ChessScannerUITests-own-target-headers.hmap -Xcc -I/Users/runner/Library/Developer/Xcode/DerivedData/ChessScanner-euukheddappmemcngwqshzhuduna/Build/Intermediates.noindex/ChessScanner.build/Debug-iphonesimulator/ChessScannerUITests.build/ChessScannerUITests-all-non-framework-target-headers.hmap -Xcc -ivfsoverlay -Xcc /Users/runner/Library/Developer/Xcode/DerivedData/ChessScanner-euukheddappmemcngwqshzhuduna/Build/Intermediates.noindex/ChessScanner.build/Debug-iphonesimulator/ChessScanner-3f4567d96badc65b92a10b462b166f8f-VFS-iphonesimulator/all-product-headers.yaml -Xcc -iquote -Xcc /Users/runner/Library/Developer/Xcode/DerivedData/ChessScanner-euukheddappmemcngwqshzhuduna/Build/Intermediates.noindex/ChessScanner.build/Debug-iphonesimulator/ChessScannerUITests.build/ChessScannerUITests-project-headers.hmap -Xcc -I/Users/runner/Library/Developer/Xcode/DerivedData/ChessScanner-euukheddappmemcngwqshzhuduna/Build/Products/Debug-iphonesimulator/include -Xcc -I/Users/runner/Library/Developer/Xcode/DerivedData/ChessScanner-euukheddappmemcngwqshzhuduna/Build/Intermediates.noindex/ChessScanner.build/Debug-iphonesimulator/ChessScannerUITests.build/DerivedSources-normal/arm64 -Xcc -I/Users/runner/Library/Developer/Xcode/DerivedData/ChessScanner-euukheddappmemcngwqshzhuduna/Build/Intermediates.noindex/ChessScanner.build/Debug-iphonesimulator/ChessScannerUITests.build/DerivedSources/arm64 -Xcc -I/Users/runner/Library/Developer/Xcode/DerivedData/ChessScanner-euukheddappmemcngwqshzhuduna/Build/Intermediates.noindex/ChessScanner.build/Debug-iphonesimulator/ChessScannerUITests.build/DerivedSources -Xcc -DDEBUG\=1 -emit-objc-header -emit-objc-header-path /Users/runner/Library/Developer/Xcode/DerivedData/ChessScanner-euukheddappmemcngwqshzhuduna/Build/Intermediates.noindex/ChessScanner.build/Debug-iphonesimulator/ChessScannerUITests.build/Objects-normal/arm64/ChessScannerUITests-Swift.h -working-directory /Users/runner/work/chess-scanner-app/chess-scanner-app -experimental-emit-module-separately -disable-cmo

SwiftMergeGeneratedHeaders /Users/runner/Library/Developer/Xcode/DerivedData/ChessScanner-euukheddappmemcngwqshzhuduna/Build/Intermediates.noindex/ChessScanner.build/Debug-iphonesimulator/ChessScannerUITests.build/DerivedSources/ChessScannerUITests-Swift.h /Users/runner/Library/Developer/Xcode/DerivedData/ChessScanner-euukheddappmemcngwqshzhuduna/Build/Intermediates.noindex/ChessScanner.build/Debug-iphonesimulator/ChessScannerUITests.build/Objects-normal/arm64/ChessScannerUITests-Swift.h (in target 'ChessScannerUITests' from project 'ChessScanner')
    cd /Users/runner/work/chess-scanner-app/chess-scanner-app
    builtin-swiftHeaderTool -arch arm64 /Users/runner/Library/Developer/Xcode/DerivedData/ChessScanner-euukheddappmemcngwqshzhuduna/Build/Intermediates.noindex/ChessScanner.build/Debug-iphonesimulator/ChessScannerUITests.build/Objects-normal/arm64/ChessScannerUITests-Swift.h -o /Users/runner/Library/Developer/Xcode/DerivedData/ChessScanner-euukheddappmemcngwqshzhuduna/Build/Intermediates.noindex/ChessScanner.build/Debug-iphonesimulator/ChessScannerUITests.build/DerivedSources/ChessScannerUITests-Swift.h

Copy /Users/runner/Library/Developer/Xcode/DerivedData/ChessScanner-euukheddappmemcngwqshzhuduna/Build/Products/Debug-iphonesimulator/ChessScannerUITests.swiftmodule/arm64-apple-ios-simulator.swiftmodule /Users/runner/Library/Developer/Xcode/DerivedData/ChessScanner-euukheddappmemcngwqshzhuduna/Build/Intermediates.noindex/ChessScanner.build/Debug-iphonesimulator/ChessScannerUITests.build/Objects-normal/arm64/ChessScannerUITests.swiftmodule (in target 'ChessScannerUITests' from project 'ChessScanner')
    cd /Users/runner/work/chess-scanner-app/chess-scanner-app
    builtin-copy -exclude .DS_Store -exclude CVS -exclude .svn -exclude .git -exclude .hg -resolve-src-symlinks -rename /Users/runner/Library/Developer/Xcode/DerivedData/ChessScanner-euukheddappmemcngwqshzhuduna/Build/Intermediates.noindex/ChessScanner.build/Debug-iphonesimulator/ChessScannerUITests.build/Objects-normal/arm64/ChessScannerUITests.swiftmodule /Users/runner/Library/Developer/Xcode/DerivedData/ChessScanner-euukheddappmemcngwqshzhuduna/Build/Products/Debug-iphonesimulator/ChessScannerUITests.swiftmodule/arm64-apple-ios-simulator.swiftmodule

Copy /Users/runner/Library/Developer/Xcode/DerivedData/ChessScanner-euukheddappmemcngwqshzhuduna/Build/Products/Debug-iphonesimulator/ChessScannerUITests.swiftmodule/arm64-apple-ios-simulator.swiftdoc /Users/runner/Library/Developer/Xcode/DerivedData/ChessScanner-euukheddappmemcngwqshzhuduna/Build/Intermediates.noindex/ChessScanner.build/Debug-iphonesimulator/ChessScannerUITests.build/Objects-normal/arm64/ChessScannerUITests.swiftdoc (in target 'ChessScannerUITests' from project 'ChessScanner')
    cd /Users/runner/work/chess-scanner-app/chess-scanner-app
    builtin-copy -exclude .DS_Store -exclude CVS -exclude .svn -exclude .git -exclude .hg -resolve-src-symlinks -rename /Users/runner/Library/Developer/Xcode/DerivedData/ChessScanner-euukheddappmemcngwqshzhuduna/Build/Intermediates.noindex/ChessScanner.build/Debug-iphonesimulator/ChessScannerUITests.build/Objects-normal/arm64/ChessScannerUITests.swiftdoc /Users/runner/Library/Developer/Xcode/DerivedData/ChessScanner-euukheddappmemcngwqshzhuduna/Build/Products/Debug-iphonesimulator/ChessScannerUITests.swiftmodule/arm64-apple-ios-simulator.swiftdoc

Copy /Users/runner/Library/Developer/Xcode/DerivedData/ChessScanner-euukheddappmemcngwqshzhuduna/Build/Products/Debug-iphonesimulator/ChessScannerUITests.swiftmodule/arm64-apple-ios-simulator.abi.json /Users/runner/Library/Developer/Xcode/DerivedData/ChessScanner-euukheddappmemcngwqshzhuduna/Build/Intermediates.noindex/ChessScanner.build/Debug-iphonesimulator/ChessScannerUITests.build/Objects-normal/arm64/ChessScannerUITests.abi.json (in target 'ChessScannerUITests' from project 'ChessScanner')
    cd /Users/runner/work/chess-scanner-app/chess-scanner-app
    builtin-copy -exclude .DS_Store -exclude CVS -exclude .svn -exclude .git -exclude .hg -resolve-src-symlinks -rename /Users/runner/Library/Developer/Xcode/DerivedData/ChessScanner-euukheddappmemcngwqshzhuduna/Build/Intermediates.noindex/ChessScanner.build/Debug-iphonesimulator/ChessScannerUITests.build/Objects-normal/arm64/ChessScannerUITests.abi.json /Users/runner/Library/Developer/Xcode/DerivedData/ChessScanner-euukheddappmemcngwqshzhuduna/Build/Products/Debug-iphonesimulator/ChessScannerUITests.swiftmodule/arm64-apple-ios-simulator.abi.json

Copy /Users/runner/Library/Developer/Xcode/DerivedData/ChessScanner-euukheddappmemcngwqshzhuduna/Build/Products/Debug-iphonesimulator/ChessScannerUITests.swiftmodule/Project/arm64-apple-ios-simulator.swiftsourceinfo /Users/runner/Library/Developer/Xcode/DerivedData/ChessScanner-euukheddappmemcngwqshzhuduna/Build/Intermediates.noindex/ChessScanner.build/Debug-iphonesimulator/ChessScannerUITests.build/Objects-normal/arm64/ChessScannerUITests.swiftsourceinfo (in target 'ChessScannerUITests' from project 'ChessScanner')
    cd /Users/runner/work/chess-scanner-app/chess-scanner-app
    builtin-copy -exclude .DS_Store -exclude CVS -exclude .svn -exclude .git -exclude .hg -resolve-src-symlinks -rename /Users/runner/Library/Developer/Xcode/DerivedData/ChessScanner-euukheddappmemcngwqshzhuduna/Build/Intermediates.noindex/ChessScanner.build/Debug-iphonesimulator/ChessScannerUITests.build/Objects-normal/arm64/ChessScannerUITests.swiftsourceinfo /Users/runner/Library/Developer/Xcode/DerivedData/ChessScanner-euukheddappmemcngwqshzhuduna/Build/Products/Debug-iphonesimulator/ChessScannerUITests.swiftmodule/Project/arm64-apple-ios-simulator.swiftsourceinfo

SwiftDriverJobDiscovery normal arm64 Compiling AppStoreScreenshots.swift (in target 'ChessScannerUITests' from project 'ChessScanner')

SwiftDriverJobDiscovery normal arm64 Compiling ChessScannerUITests.swift (in target 'ChessScannerUITests' from project 'ChessScanner')

SwiftDriver\ Compilation ChessScannerUITests normal arm64 com.apple.xcode.tools.swift.compiler (in target 'ChessScannerUITests' from project 'ChessScanner')
    cd /Users/runner/work/chess-scanner-app/chess-scanner-app
    builtin-Swift-Compilation -- /Applications/Xcode_26.3.app/Contents/Developer/Toolchains/XcodeDefault.xctoolchain/usr/bin/swiftc -module-name ChessScannerUITests -Onone -enforce-exclusivity\=checked @/Users/runner/Library/Developer/Xcode/DerivedData/ChessScanner-euukheddappmemcngwqshzhuduna/Build/Intermediates.noindex/ChessScanner.build/Debug-iphonesimulator/ChessScannerUITests.build/Objects-normal/arm64/ChessScannerUITests.SwiftFileList -DDEBUG -module-alias Testing\=_Testing_Unavailable -plugin-path /Applications/Xcode_26.3.app/Contents/Developer/Toolchains/XcodeDefault.xctoolchain/usr/lib/swift/host/plugins/testing -enable-bare-slash-regex -enable-experimental-feature DebugDescriptionMacro -sdk /Applications/Xcode_26.3.app/Contents/Developer/Platforms/iPhoneSimulator.platform/Developer/SDKs/iPhoneSimulator26.2.sdk -target arm64-apple-ios17.0-simulator -g -module-cache-path /Users/runner/Library/Developer/Xcode/DerivedData/ModuleCache.noindex -Xfrontend -serialize-debugging-options -enable-testing -index-store-path /Users/runner/Library/Developer/Xcode/DerivedData/ChessScanner-euukheddappmemcngwqshzhuduna/Index.noindex/DataStore -Xcc -D_LIBCPP_HARDENING_MODE\=_LIBCPP_HARDENING_MODE_DEBUG -swift-version 5 -I /Users/runner/Library/Developer/Xcode/DerivedData/ChessScanner-euukheddappmemcngwqshzhuduna/Build/Products/Debug-iphonesimulator -Isystem /Applications/Xcode_26.3.app/Contents/Developer/Platforms/iPhoneSimulator.platform/Developer/usr/lib -F /Users/runner/Library/Developer/Xcode/DerivedData/ChessScanner-euukheddappmemcngwqshzhuduna/Build/Products/Debug-iphonesimulator -F /Applications/Xcode_26.3.app/Contents/Developer/Platforms/iPhoneSimulator.platform/Developer/Library/Frameworks -F /Applications/Xcode_26.3.app/Contents/Developer/Platforms/iPhoneSimulator.platform/Developer/SDKs/iPhoneSimulator26.2.sdk/Developer/Library/Frameworks -c -j3 -enable-batch-mode -incremental -Xcc -ivfsstatcache -Xcc /Users/runner/Library/Developer/Xcode/DerivedData/SDKStatCaches.noindex/iphonesimulator26.2-23C57-dc75598d0054f22ec865fa860f139d72e244bd9a5feaf902f95f61bf06266e52.sdkstatcache -output-file-map /Users/runner/Library/Developer/Xcode/DerivedData/ChessScanner-euukheddappmemcngwqshzhuduna/Build/Intermediates.noindex/ChessScanner.build/Debug-iphonesimulator/ChessScannerUITests.build/Objects-normal/arm64/ChessScannerUITests-OutputFileMap.json -use-frontend-parseable-output -save-temps -no-color-diagnostics -explicit-module-build -module-cache-path /Users/runner/Library/Developer/Xcode/DerivedData/ChessScanner-euukheddappmemcngwqshzhuduna/Build/Intermediates.noindex/SwiftExplicitPrecompiledModules -clang-scanner-module-cache-path /Users/runner/Library/Developer/Xcode/DerivedData/ModuleCache.noindex -sdk-module-cache-path /Users/runner/Library/Developer/Xcode/DerivedData/ModuleCache.noindex -serialize-diagnostics -emit-dependencies -emit-module -emit-module-path /Users/runner/Library/Developer/Xcode/DerivedData/ChessScanner-euukheddappmemcngwqshzhuduna/Build/Intermediates.noindex/ChessScanner.build/Debug-iphonesimulator/ChessScannerUITests.build/Objects-normal/arm64/ChessScannerUITests.swiftmodule -validate-clang-modules-once -clang-build-session-file /Users/runner/Library/Developer/Xcode/DerivedData/ModuleCache.noindex/Session.modulevalidation -Xcc -I/Users/runner/Library/Developer/Xcode/DerivedData/ChessScanner-euukheddappmemcngwqshzhuduna/Build/Intermediates.noindex/ChessScanner.build/Debug-iphonesimulator/ChessScannerUITests.build/swift-overrides.hmap -emit-const-values -Xfrontend -const-gather-protocols-file -Xfrontend /Users/runner/Library/Developer/Xcode/DerivedData/ChessScanner-euukheddappmemcngwqshzhuduna/Build/Intermediates.noindex/ChessScanner.build/Debug-iphonesimulator/ChessScannerUITests.build/Objects-normal/arm64/ChessScannerUITests_const_extract_protocols.json -Xcc -iquote -Xcc /Users/runner/Library/Developer/Xcode/DerivedData/ChessScanner-euukheddappmemcngwqshzhuduna/Build/Intermediates.noindex/ChessScanner.build/Debug-iphonesimulator/ChessScannerUITests.build/ChessScannerUITests-generated-files.hmap -Xcc -I/Users/runner/Library/Developer/Xcode/DerivedData/ChessScanner-euukheddappmemcngwqshzhuduna/Build/Intermediates.noindex/ChessScanner.build/Debug-iphonesimulator/ChessScannerUITests.build/ChessScannerUITests-own-target-headers.hmap -Xcc -I/Users/runner/Library/Developer/Xcode/DerivedData/ChessScanner-euukheddappmemcngwqshzhuduna/Build/Intermediates.noindex/ChessScanner.build/Debug-iphonesimulator/ChessScannerUITests.build/ChessScannerUITests-all-non-framework-target-headers.hmap -Xcc -ivfsoverlay -Xcc /Users/runner/Library/Developer/Xcode/DerivedData/ChessScanner-euukheddappmemcngwqshzhuduna/Build/Intermediates.noindex/ChessScanner.build/Debug-iphonesimulator/ChessScanner-3f4567d96badc65b92a10b462b166f8f-VFS-iphonesimulator/all-product-headers.yaml -Xcc -iquote -Xcc /Users/runner/Library/Developer/Xcode/DerivedData/ChessScanner-euukheddappmemcngwqshzhuduna/Build/Intermediates.noindex/ChessScanner.build/Debug-iphonesimulator/ChessScannerUITests.build/ChessScannerUITests-project-headers.hmap -Xcc -I/Users/runner/Library/Developer/Xcode/DerivedData/ChessScanner-euukheddappmemcngwqshzhuduna/Build/Products/Debug-iphonesimulator/include -Xcc -I/Users/runner/Library/Developer/Xcode/DerivedData/ChessScanner-euukheddappmemcngwqshzhuduna/Build/Intermediates.noindex/ChessScanner.build/Debug-iphonesimulator/ChessScannerUITests.build/DerivedSources-normal/arm64 -Xcc -I/Users/runner/Library/Developer/Xcode/DerivedData/ChessScanner-euukheddappmemcngwqshzhuduna/Build/Intermediates.noindex/ChessScanner.build/Debug-iphonesimulator/ChessScannerUITests.build/DerivedSources/arm64 -Xcc -I/Users/runner/Library/Developer/Xcode/DerivedData/ChessScanner-euukheddappmemcngwqshzhuduna/Build/Intermediates.noindex/ChessScanner.build/Debug-iphonesimulator/ChessScannerUITests.build/DerivedSources -Xcc -DDEBUG\=1 -emit-objc-header -emit-objc-header-path /Users/runner/Library/Developer/Xcode/DerivedData/ChessScanner-euukheddappmemcngwqshzhuduna/Build/Intermediates.noindex/ChessScanner.build/Debug-iphonesimulator/ChessScannerUITests.build/Objects-normal/arm64/ChessScannerUITests-Swift.h -working-directory /Users/runner/work/chess-scanner-app/chess-scanner-app -experimental-emit-module-separately -disable-cmo

Ld /Users/runner/Library/Developer/Xcode/DerivedData/ChessScanner-euukheddappmemcngwqshzhuduna/Build/Products/Debug-iphonesimulator/ChessScannerUITests-Runner.app/PlugIns/ChessScannerUITests.xctest/ChessScannerUITests normal (in target 'ChessScannerUITests' from project 'ChessScanner')
    cd /Users/runner/work/chess-scanner-app/chess-scanner-app
    /Applications/Xcode_26.3.app/Contents/Developer/Toolchains/XcodeDefault.xctoolchain/usr/bin/clang -Xlinker -reproducible -target arm64-apple-ios17.0-simulator -bundle -isysroot /Applications/Xcode_26.3.app/Contents/Developer/Platforms/iPhoneSimulator.platform/Developer/SDKs/iPhoneSimulator26.2.sdk -O0 -L/Users/runner/Library/Developer/Xcode/DerivedData/ChessScanner-euukheddappmemcngwqshzhuduna/Build/Intermediates.noindex/EagerLinkingTBDs/Debug-iphonesimulator -L/Users/runner/Library/Developer/Xcode/DerivedData/ChessScanner-euukheddappmemcngwqshzhuduna/Build/Products/Debug-iphonesimulator -L/Applications/Xcode_26.3.app/Contents/Developer/Platforms/iPhoneSimulator.platform/Developer/usr/lib -F/Users/runner/Library/Developer/Xcode/DerivedData/ChessScanner-euukheddappmemcngwqshzhuduna/Build/Intermediates.noindex/EagerLinkingTBDs/Debug-iphonesimulator -F/Users/runner/Library/Developer/Xcode/DerivedData/ChessScanner-euukheddappmemcngwqshzhuduna/Build/Products/Debug-iphonesimulator -iframework /Applications/Xcode_26.3.app/Contents/Developer/Platforms/iPhoneSimulator.platform/Developer/Library/Frameworks -iframework /Applications/Xcode_26.3.app/Contents/Developer/Platforms/iPhoneSimulator.platform/Developer/SDKs/iPhoneSimulator26.2.sdk/Developer/Library/Frameworks -filelist /Users/runner/Library/Developer/Xcode/DerivedData/ChessScanner-euukheddappmemcngwqshzhuduna/Build/Intermediates.noindex/ChessScanner.build/Debug-iphonesimulator/ChessScannerUITests.build/Objects-normal/arm64/ChessScannerUITests.LinkFileList -Xlinker -rpath -Xlinker /usr/lib/swift -Xlinker -rpath -Xlinker @loader_path/Frameworks -Xlinker -rpath -Xlinker @executable_path/Frameworks -dead_strip -Xlinker -object_path_lto -Xlinker /Users/runner/Library/Developer/Xcode/DerivedData/ChessScanner-euukheddappmemcngwqshzhuduna/Build/Intermediates.noindex/ChessScanner.build/Debug-iphonesimulator/ChessScannerUITests.build/Objects-normal/arm64/ChessScannerUITests_lto.o -rdynamic -Xlinker -no_deduplicate -Xlinker -objc_abi_version -Xlinker 2 -Xlinker -dependency_info -Xlinker /Users/runner/Library/Developer/Xcode/DerivedData/ChessScanner-euukheddappmemcngwqshzhuduna/Build/Intermediates.noindex/ChessScanner.build/Debug-iphonesimulator/ChessScannerUITests.build/Objects-normal/arm64/ChessScannerUITests_dependency_info.dat -fobjc-link-runtime -L/Applications/Xcode_26.3.app/Contents/Developer/Toolchains/XcodeDefault.xctoolchain/usr/lib/swift/iphonesimulator -L/usr/lib/swift -Xlinker -add_ast_path -Xlinker /Users/runner/Library/Developer/Xcode/DerivedData/ChessScanner-euukheddappmemcngwqshzhuduna/Build/Intermediates.noindex/ChessScanner.build/Debug-iphonesimulator/ChessScannerUITests.build/Objects-normal/arm64/ChessScannerUITests.swiftmodule @/Users/runner/Library/Developer/Xcode/DerivedData/ChessScanner-euukheddappmemcngwqshzhuduna/Build/Intermediates.noindex/ChessScanner.build/Debug-iphonesimulator/ChessScannerUITests.build/Objects-normal/arm64/ChessScannerUITests-linker-args.resp -Xlinker -needed_framework -Xlinker XCTest -framework XCTest -Xlinker -needed-lXCTestSwiftSupport -lXCTestSwiftSupport -o /Users/runner/Library/Developer/Xcode/DerivedData/ChessScanner-euukheddappmemcngwqshzhuduna/Build/Products/Debug-iphonesimulator/ChessScannerUITests-Runner.app/PlugIns/ChessScannerUITests.xctest/ChessScannerUITests

ExtractAppIntentsMetadata (in target 'ChessScannerUITests' from project 'ChessScanner')
    cd /Users/runner/work/chess-scanner-app/chess-scanner-app
    /Applications/Xcode_26.3.app/Contents/Developer/Toolchains/XcodeDefault.xctoolchain/usr/bin/appintentsmetadataprocessor --toolchain-dir /var/run/com.apple.security.cryptexd/mnt/com.apple.MobileAsset.MetalToolchain-v17.3.7003.10.t02uNi/Metal.xctoolchain --module-name ChessScannerUITests --sdk-root /Applications/Xcode_26.3.app/Contents/Developer/Platforms/iPhoneSimulator.platform/Developer/SDKs/iPhoneSimulator26.2.sdk --xcode-version 17C529 --platform-family iOS --deployment-target 17.0 --bundle-identifier com.chessscanner.app.uitests --output /Users/runner/Library/Developer/Xcode/DerivedData/ChessScanner-euukheddappmemcngwqshzhuduna/Build/Products/Debug-iphonesimulator/ChessScannerUITests-Runner.app/PlugIns/ChessScannerUITests.xctest --target-triple arm64-apple-ios17.0-simulator --binary-file /Users/runner/Library/Developer/Xcode/DerivedData/ChessScanner-euukheddappmemcngwqshzhuduna/Build/Products/Debug-iphonesimulator/ChessScannerUITests-Runner.app/PlugIns/ChessScannerUITests.xctest/ChessScannerUITests --dependency-file /Users/runner/Library/Developer/Xcode/DerivedData/ChessScanner-euukheddappmemcngwqshzhuduna/Build/Intermediates.noindex/ChessScanner.build/Debug-iphonesimulator/ChessScannerUITests.build/Objects-normal/arm64/ChessScannerUITests_dependency_info.dat --stringsdata-file /Users/runner/Library/Developer/Xcode/DerivedData/ChessScanner-euukheddappmemcngwqshzhuduna/Build/Intermediates.noindex/ChessScanner.build/Debug-iphonesimulator/ChessScannerUITests.build/Objects-normal/arm64/ExtractedAppShortcutsMetadata.stringsdata --source-file-list /Users/runner/Library/Developer/Xcode/DerivedData/ChessScanner-euukheddappmemcngwqshzhuduna/Build/Intermediates.noindex/ChessScanner.build/Debug-iphonesimulator/ChessScannerUITests.build/Objects-normal/arm64/ChessScannerUITests.SwiftFileList --metadata-file-list /Users/runner/Library/Developer/Xcode/DerivedData/ChessScanner-euukheddappmemcngwqshzhuduna/Build/Intermediates.noindex/ChessScanner.build/Debug-iphonesimulator/ChessScannerUITests.build/ChessScannerUITests.DependencyMetadataFileList --static-metadata-file-list /Users/runner/Library/Developer/Xcode/DerivedData/ChessScanner-euukheddappmemcngwqshzhuduna/Build/Intermediates.noindex/ChessScanner.build/Debug-iphonesimulator/ChessScannerUITests.build/ChessScannerUITests.DependencyStaticMetadataFileList --swift-const-vals-list /Users/runner/Library/Developer/Xcode/DerivedData/ChessScanner-euukheddappmemcngwqshzhuduna/Build/Intermediates.noindex/ChessScanner.build/Debug-iphonesimulator/ChessScannerUITests.build/Objects-normal/arm64/ChessScannerUITests.SwiftConstValuesFileList --compile-time-extraction --deployment-aware-processing --validate-assistant-intents --no-app-shortcuts-localization
2026-10-03 01:36:36.495 appintentsmetadataprocessor[15205:44594] Starting appintentsmetadataprocessor export
2026-10-03 01:36:36.497 appintentsmetadataprocessor[15205:44594] warning: Metadata extraction skipped. No AppIntents.framework dependency found.

CopySwiftLibs /Users/runner/Library/Developer/Xcode/DerivedData/ChessScanner-euukheddappmemcngwqshzhuduna/Build/Products/Debug-iphonesimulator/ChessScannerUITests-Runner.app/PlugIns/ChessScannerUITests.xctest (in target 'ChessScannerUITests' from project 'ChessScanner')
    cd /Users/runner/work/chess-scanner-app/chess-scanner-app
    builtin-swiftStdLibTool --copy --verbose --scan-executable /Users/runner/Library/Developer/Xcode/DerivedData/ChessScanner-euukheddappmemcngwqshzhuduna/Build/Products/Debug-iphonesimulator/ChessScannerUITests-Runner.app/PlugIns/ChessScannerUITests.xctest/ChessScannerUITests --scan-folder /Users/runner/Library/Developer/Xcode/DerivedData/ChessScanner-euukheddappmemcngwqshzhuduna/Build/Products/Debug-iphonesimulator/ChessScannerUITests-Runner.app/PlugIns/ChessScannerUITests.xctest/Frameworks --scan-folder /Users/runner/Library/Developer/Xcode/DerivedData/ChessScanner-euukheddappmemcngwqshzhuduna/Build/Products/Debug-iphonesimulator/ChessScannerUITests-Runner.app/PlugIns/ChessScannerUITests.xctest/PlugIns --scan-folder /Users/runner/Library/Developer/Xcode/DerivedData/ChessScanner-euukheddappmemcngwqshzhuduna/Build/Products/Debug-iphonesimulator/ChessScannerUITests-Runner.app/PlugIns/ChessScannerUITests.xctest/SystemExtensions --scan-folder /Users/runner/Library/Developer/Xcode/DerivedData/ChessScanner-euukheddappmemcngwqshzhuduna/Build/Products/Debug-iphonesimulator/ChessScannerUITests-Runner.app/PlugIns/ChessScannerUITests.xctest/Extensions --platform iphonesimulator --toolchain /var/run/com.apple.security.cryptexd/mnt/com.apple.MobileAsset.MetalToolchain-v17.3.7003.10.t02uNi/Metal.xctoolchain --toolchain /Applications/Xcode_26.3.app/Contents/Developer/Toolchains/XcodeDefault.xctoolchain --destination /Users/runner/Library/Developer/Xcode/DerivedData/ChessScanner-euukheddappmemcngwqshzhuduna/Build/Products/Debug-iphonesimulator/ChessScannerUITests-Runner.app/PlugIns/ChessScannerUITests.xctest/Frameworks --strip-bitcode --scan-executable /Applications/Xcode_26.3.app/Contents/Developer/Platforms/iPhoneSimulator.platform/Developer/usr/lib/libXCTestSwiftSupport.dylib --strip-bitcode-tool /Applications/Xcode_26.3.app/Contents/Developer/Toolchains/XcodeDefault.xctoolchain/usr/bin/bitcode_strip --emit-dependency-info /Users/runner/Library/Developer/Xcode/DerivedData/ChessScanner-euukheddappmemcngwqshzhuduna/Build/Intermediates.noindex/ChessScanner.build/Debug-iphonesimulator/ChessScannerUITests.build/SwiftStdLibToolInputDependencies.dep --filter-for-swift-os
Ignoring --strip-bitcode because --sign was not passed

AppIntentsSSUTraining (in target 'ChessScannerUITests' from project 'ChessScanner')
    cd /Users/runner/work/chess-scanner-app/chess-scanner-app
    /Applications/Xcode_26.3.app/Contents/Developer/Toolchains/XcodeDefault.xctoolchain/usr/bin/appintentsnltrainingprocessor --infoplist-path /Users/runner/Library/Developer/Xcode/DerivedData/ChessScanner-euukheddappmemcngwqshzhuduna/Build/Products/Debug-iphonesimulator/ChessScannerUITests-Runner.app/PlugIns/ChessScannerUITests.xctest/Info.plist --temp-dir-path /Users/runner/Library/Developer/Xcode/DerivedData/ChessScanner-euukheddappmemcngwqshzhuduna/Build/Intermediates.noindex/ChessScanner.build/Debug-iphonesimulator/ChessScannerUITests.build/ssu --bundle-id com.chessscanner.app.uitests --product-path /Users/runner/Library/Developer/Xcode/DerivedData/ChessScanner-euukheddappmemcngwqshzhuduna/Build/Products/Debug-iphonesimulator/ChessScannerUITests-Runner.app/PlugIns/ChessScannerUITests.xctest --extracted-metadata-path /Users/runner/Library/Developer/Xcode/DerivedData/ChessScanner-euukheddappmemcngwqshzhuduna/Build/Products/Debug-iphonesimulator/ChessScannerUITests-Runner.app/PlugIns/ChessScannerUITests.xctest/Metadata.appintents --metadata-file-list /Users/runner/Library/Developer/Xcode/DerivedData/ChessScanner-euukheddappmemcngwqshzhuduna/Build/Intermediates.noindex/ChessScanner.build/Debug-iphonesimulator/ChessScannerUITests.build/ChessScannerUITests.DependencyMetadataFileList --archive-ssu-assets
2026-10-03 01:36:36.519 appintentsnltrainingprocessor[15206:44598] Parsing options for appintentsnltrainingprocessor
2026-10-03 01:36:36.519 appintentsnltrainingprocessor[15206:44598] No AppShortcuts found - Skipping.

MkDir /Users/runner/Library/Developer/Xcode/DerivedData/ChessScanner-euukheddappmemcngwqshzhuduna/Build/Products/Debug-iphonesimulator/ChessScannerUITests-Runner.app (in target 'ChessScannerUITests' from project 'ChessScanner')
    cd /Users/runner/work/chess-scanner-app/chess-scanner-app
    /bin/mkdir -p /Users/runner/Library/Developer/Xcode/DerivedData/ChessScanner-euukheddappmemcngwqshzhuduna/Build/Products/Debug-iphonesimulator/ChessScannerUITests-Runner.app

CopyAndPreserveArchs /Users/runner/Library/Developer/Xcode/DerivedData/ChessScanner-euukheddappmemcngwqshzhuduna/Build/Products/Debug-iphonesimulator/ChessScannerUITests-Runner.app/ChessScannerUITests-Runner (in target 'ChessScannerUITests' from project 'ChessScanner')
    cd /Users/runner/work/chess-scanner-app/chess-scanner-app
    /Applications/Xcode_26.3.app/Contents/Developer/Toolchains/XcodeDefault.xctoolchain/usr/bin/lipo /Applications/Xcode_26.3.app/Contents/Developer/Platforms/iPhoneSimulator.platform/Developer/Library/Xcode/Agents/XCTRunner.app/XCTRunner -output /Users/runner/Library/Developer/Xcode/DerivedData/ChessScanner-euukheddappmemcngwqshzhuduna/Build/Products/Debug-iphonesimulator/ChessScannerUITests-Runner.app/ChessScannerUITests-Runner -extract arm64

CopyPlistFile /Users/runner/Library/Developer/Xcode/DerivedData/ChessScanner-euukheddappmemcngwqshzhuduna/Build/Products/Debug-iphonesimulator/ChessScannerUITests-Runner.app/Info.plist /Applications/Xcode_26.3.app/Contents/Developer/Platforms/iPhoneSimulator.platform/Developer/Library/Xcode/Agents/XCTRunner.app/Info.plist (in target 'ChessScannerUITests' from project 'ChessScanner')
    cd /Users/runner/work/chess-scanner-app/chess-scanner-app
    builtin-copyPlist --validate --convert xml1 --macro-expansion WRAPPEDPRODUCTNAME ChessScannerUITests-Runner --macro-expansion WRAPPEDPRODUCTBUNDLEIDENTIFIER com.chessscanner.app.uitests.xctrunner --macro-expansion TESTPRODUCTNAME ChessScannerUITests --macro-expansion TESTPRODUCTBUNDLEIDENTIFIER com.chessscanner.app.uitests --copy-value UIDeviceFamily /Users/runner/Library/Developer/Xcode/DerivedData/ChessScanner-euukheddappmemcngwqshzhuduna/Build/Products/Debug-iphonesimulator/ChessScannerUITests-Runner.app/PlugIns/ChessScannerUITests.xctest/Info.plist --outdir /Users/runner/Library/Developer/Xcode/DerivedData/ChessScanner-euukheddappmemcngwqshzhuduna/Build/Products/Debug-iphonesimulator/ChessScannerUITests-Runner.app -- /Applications/Xcode_26.3.app/Contents/Developer/Platforms/iPhoneSimulator.platform/Developer/Library/Xcode/Agents/XCTRunner.app/Info.plist

Copy /Users/runner/Library/Developer/Xcode/DerivedData/ChessScanner-euukheddappmemcngwqshzhuduna/Build/Products/Debug-iphonesimulator/ChessScannerUITests-Runner.app/PkgInfo /Applications/Xcode_26.3.app/Contents/Developer/Platforms/iPhoneSimulator.platform/Developer/Library/Xcode/Agents/XCTRunner.app/PkgInfo (in target 'ChessScannerUITests' from project 'ChessScanner')
    cd /Users/runner/work/chess-scanner-app/chess-scanner-app
    builtin-copy -exclude .DS_Store -exclude CVS -exclude .svn -exclude .git -exclude .hg -resolve-src-symlinks /Applications/Xcode_26.3.app/Contents/Developer/Platforms/iPhoneSimulator.platform/Developer/Library/Xcode/Agents/XCTRunner.app/PkgInfo /Users/runner/Library/Developer/Xcode/DerivedData/ChessScanner-euukheddappmemcngwqshzhuduna/Build/Products/Debug-iphonesimulator/ChessScannerUITests-Runner.app

Copy /Users/runner/Library/Developer/Xcode/DerivedData/ChessScanner-euukheddappmemcngwqshzhuduna/Build/Products/Debug-iphonesimulator/ChessScannerUITests-Runner.app/Frameworks/libXCTestSwiftSupport.dylib /Applications/Xcode_26.3.app/Contents/Developer/Platforms/iPhoneSimulator.platform/Developer/usr/lib/libXCTestSwiftSupport.dylib (in target 'ChessScannerUITests' from project 'ChessScanner')
    cd /Users/runner/work/chess-scanner-app/chess-scanner-app
    builtin-copy -exclude .DS_Store -exclude CVS -exclude .svn -exclude .git -exclude .hg -exclude Headers -exclude PrivateHeaders -exclude Modules -exclude \*.tbd -resolve-src-symlinks /Applications/Xcode_26.3.app/Contents/Developer/Platforms/iPhoneSimulator.platform/Developer/usr/lib/libXCTestSwiftSupport.dylib /Users/runner/Library/Developer/Xcode/DerivedData/ChessScanner-euukheddappmemcngwqshzhuduna/Build/Products/Debug-iphonesimulator/ChessScannerUITests-Runner.app/Frameworks

Copy /Users/runner/Library/Developer/Xcode/DerivedData/ChessScanner-euukheddappmemcngwqshzhuduna/Build/Products/Debug-iphonesimulator/ChessScannerUITests-Runner.app/Frameworks/XCUnit.framework /Applications/Xcode_26.3.app/Contents/Developer/Platforms/iPhoneSimulator.platform/Developer/Library/PrivateFrameworks/XCUnit.framework (in target 'ChessScannerUITests' from project 'ChessScanner')
    cd /Users/runner/work/chess-scanner-app/chess-scanner-app
    builtin-copy -exclude .DS_Store -exclude CVS -exclude .svn -exclude .git -exclude .hg -exclude Headers -exclude PrivateHeaders -exclude Modules -exclude \*.tbd -resolve-src-symlinks /Applications/Xcode_26.3.app/Contents/Developer/Platforms/iPhoneSimulator.platform/Developer/Library/PrivateFrameworks/XCUnit.framework /Users/runner/Library/Developer/Xcode/DerivedData/ChessScanner-euukheddappmemcngwqshzhuduna/Build/Products/Debug-iphonesimulator/ChessScannerUITests-Runner.app/Frameworks

Copy /Users/runner/Library/Developer/Xcode/DerivedData/ChessScanner-euukheddappmemcngwqshzhuduna/Build/Products/Debug-iphonesimulator/ChessScannerUITests-Runner.app/Frameworks/XCUIAutomation.framework /Applications/Xcode_26.3.app/Contents/Developer/Platforms/iPhoneSimulator.platform/Developer/Library/Frameworks/XCUIAutomation.framework (in target 'ChessScannerUITests' from project 'ChessScanner')
    cd /Users/runner/work/chess-scanner-app/chess-scanner-app
    builtin-copy -exclude .DS_Store -exclude CVS -exclude .svn -exclude .git -exclude .hg -exclude Headers -exclude PrivateHeaders -exclude Modules -exclude \*.tbd -resolve-src-symlinks /Applications/Xcode_26.3.app/Contents/Developer/Platforms/iPhoneSimulator.platform/Developer/Library/Frameworks/XCUIAutomation.framework /Users/runner/Library/Developer/Xcode/DerivedData/ChessScanner-euukheddappmemcngwqshzhuduna/Build/Products/Debug-iphonesimulator/ChessScannerUITests-Runner.app/Frameworks

Copy /Users/runner/Library/Developer/Xcode/DerivedData/ChessScanner-euukheddappmemcngwqshzhuduna/Build/Products/Debug-iphonesimulator/ChessScannerUITests-Runner.app/Frameworks/XCTestSupport.framework /Applications/Xcode_26.3.app/Contents/Developer/Platforms/iPhoneSimulator.platform/Developer/Library/PrivateFrameworks/XCTestSupport.framework (in target 'ChessScannerUITests' from project 'ChessScanner')
    cd /Users/runner/work/chess-scanner-app/chess-scanner-app
    builtin-copy -exclude .DS_Store -exclude CVS -exclude .svn -exclude .git -exclude .hg -exclude Headers -exclude PrivateHeaders -exclude Modules -exclude \*.tbd -resolve-src-symlinks /Applications/Xcode_26.3.app/Contents/Developer/Platforms/iPhoneSimulator.platform/Developer/Library/PrivateFrameworks/XCTestSupport.framework /Users/runner/Library/Developer/Xcode/DerivedData/ChessScanner-euukheddappmemcngwqshzhuduna/Build/Products/Debug-iphonesimulator/ChessScannerUITests-Runner.app/Frameworks

Copy /Users/runner/Library/Developer/Xcode/DerivedData/ChessScanner-euukheddappmemcngwqshzhuduna/Build/Products/Debug-iphonesimulator/ChessScannerUITests-Runner.app/Frameworks/XCTestCore.framework /Applications/Xcode_26.3.app/Contents/Developer/Platforms/iPhoneSimulator.platform/Developer/Library/PrivateFrameworks/XCTestCore.framework (in target 'ChessScannerUITests' from project 'ChessScanner')
    cd /Users/runner/work/chess-scanner-app/chess-scanner-app
    builtin-copy -exclude .DS_Store -exclude CVS -exclude .svn -exclude .git -exclude .hg -exclude Headers -exclude PrivateHeaders -exclude Modules -exclude \*.tbd -resolve-src-symlinks /Applications/Xcode_26.3.app/Contents/Developer/Platforms/iPhoneSimulator.platform/Developer/Library/PrivateFrameworks/XCTestCore.framework /Users/runner/Library/Developer/Xcode/DerivedData/ChessScanner-euukheddappmemcngwqshzhuduna/Build/Products/Debug-iphonesimulator/ChessScannerUITests-Runner.app/Frameworks

Copy /Users/runner/Library/Developer/Xcode/DerivedData/ChessScanner-euukheddappmemcngwqshzhuduna/Build/Products/Debug-iphonesimulator/ChessScannerUITests-Runner.app/Frameworks/XCTest.framework /Applications/Xcode_26.3.app/Contents/Developer/Platforms/iPhoneSimulator.platform/Developer/Library/Frameworks/XCTest.framework (in target 'ChessScannerUITests' from project 'ChessScanner')
    cd /Users/runner/work/chess-scanner-app/chess-scanner-app
    builtin-copy -exclude .DS_Store -exclude CVS -exclude .svn -exclude .git -exclude .hg -exclude Headers -exclude PrivateHeaders -exclude Modules -exclude \*.tbd -resolve-src-symlinks /Applications/Xcode_26.3.app/Contents/Developer/Platforms/iPhoneSimulator.platform/Developer/Library/Frameworks/XCTest.framework /Users/runner/Library/Developer/Xcode/DerivedData/ChessScanner-euukheddappmemcngwqshzhuduna/Build/Products/Debug-iphonesimulator/ChessScannerUITests-Runner.app/Frameworks

Copy /Users/runner/Library/Developer/Xcode/DerivedData/ChessScanner-euukheddappmemcngwqshzhuduna/Build/Products/Debug-iphonesimulator/ChessScannerUITests-Runner.app/Frameworks/XCTAutomationSupport.framework /Applications/Xcode_26.3.app/Contents/Developer/Platforms/iPhoneSimulator.platform/Developer/Library/PrivateFrameworks/XCTAutomationSupport.framework (in target 'ChessScannerUITests' from project 'ChessScanner')
    cd /Users/runner/work/chess-scanner-app/chess-scanner-app
    builtin-copy -exclude .DS_Store -exclude CVS -exclude .svn -exclude .git -exclude .hg -exclude Headers -exclude PrivateHeaders -exclude Modules -exclude \*.tbd -resolve-src-symlinks /Applications/Xcode_26.3.app/Contents/Developer/Platforms/iPhoneSimulator.platform/Developer/Library/PrivateFrameworks/XCTAutomationSupport.framework /Users/runner/Library/Developer/Xcode/DerivedData/ChessScanner-euukheddappmemcngwqshzhuduna/Build/Products/Debug-iphonesimulator/ChessScannerUITests-Runner.app/Frameworks

Copy /Users/runner/Library/Developer/Xcode/DerivedData/ChessScanner-euukheddappmemcngwqshzhuduna/Build/Products/Debug-iphonesimulator/ChessScannerUITests-Runner.app/Frameworks/Testing.framework /Applications/Xcode_26.3.app/Contents/Developer/Platforms/iPhoneSimulator.platform/Developer/Library/Frameworks/Testing.framework (in target 'ChessScannerUITests' from project 'ChessScanner')
    cd /Users/runner/work/chess-scanner-app/chess-scanner-app
    builtin-copy -exclude .DS_Store -exclude CVS -exclude .svn -exclude .git -exclude .hg -exclude Headers -exclude PrivateHeaders -exclude Modules -exclude \*.tbd -resolve-src-symlinks /Applications/Xcode_26.3.app/Contents/Developer/Platforms/iPhoneSimulator.platform/Developer/Library/Frameworks/Testing.framework /Users/runner/Library/Developer/Xcode/DerivedData/ChessScanner-euukheddappmemcngwqshzhuduna/Build/Products/Debug-iphonesimulator/ChessScannerUITests-Runner.app/Frameworks

RegisterExecutionPolicyException /Users/runner/Library/Developer/Xcode/DerivedData/ChessScanner-euukheddappmemcngwqshzhuduna/Build/Products/Debug-iphonesimulator/ChessScannerUITests-Runner.app/PlugIns/ChessScannerUITests.xctest (in target 'ChessScannerUITests' from project 'ChessScanner')
    cd /Users/runner/work/chess-scanner-app/chess-scanner-app
    builtin-RegisterExecutionPolicyException /Users/runner/Library/Developer/Xcode/DerivedData/ChessScanner-euukheddappmemcngwqshzhuduna/Build/Products/Debug-iphonesimulator/ChessScannerUITests-Runner.app/PlugIns/ChessScannerUITests.xctest

Touch /Users/runner/Library/Developer/Xcode/DerivedData/ChessScanner-euukheddappmemcngwqshzhuduna/Build/Products/Debug-iphonesimulator/ChessScannerUITests-Runner.app/PlugIns/ChessScannerUITests.xctest (in target 'ChessScannerUITests' from project 'ChessScanner')
    cd /Users/runner/work/chess-scanner-app/chess-scanner-app
    /usr/bin/touch -c /Users/runner/Library/Developer/Xcode/DerivedData/ChessScanner-euukheddappmemcngwqshzhuduna/Build/Products/Debug-iphonesimulator/ChessScannerUITests-Runner.app/PlugIns/ChessScannerUITests.xctest

** TEST BUILD SUCCEEDED **

Command line invocation:
    /Applications/Xcode_26.3.app/Contents/Developer/usr/bin/xcodebuild test-without-building -project ChessScanner.xcodeproj -scheme ChessScanner -destination id=1CE1A334-F45C-4216-823B-EE5E6389838F -resultBundlePath build/QA.xcresult CODE_SIGNING_ALLOWED=NO

Build settings from command line:
    CODE_SIGNING_ALLOWED = NO

Resolve Package Graph


Resolved source packages:
  ChessKitEngine: https://github.com/chesskit-app/chesskit-engine.git @ 0.7.0
  onnxruntime: https://github.com/microsoft/onnxruntime-swift-package-manager @ 1.24.2

Writing result bundle at path:
	/Users/runner/work/chess-scanner-app/chess-scanner-app/build/QA.xcresult

2026-10-03 01:37:20.923467+0000 ChessScannerUITests-Runner[16680:48423] [Default] Running tests...
    t =      nans Interface orientation changed to Portrait
Test Suite 'All tests' started at 2026-10-03 01:37:28.188.
Test Suite 'ChessScannerUITests.xctest' started at 2026-10-03 01:37:28.188.
Test Suite 'AppStoreScreenshots' started at 2026-10-03 01:37:28.189.
Test Case '-[ChessScannerUITests.AppStoreScreenshots testEditorAnalysisAndHistory]' started.
    t =     0.00s Start Test at 2026-10-03 01:37:28.191
    t =     0.56s Set Up
/Users/runner/work/chess-scanner-app/chess-scanner-app/ChessScannerUITests/AppStoreScreenshots.swift:16: -[ChessScannerUITests.AppStoreScreenshots testEditorAnalysisAndHistory] : Test skipped - Store screenshots run only on request
    t =     0.58s Tear Down
Test Case '-[ChessScannerUITests.AppStoreScreenshots testEditorAnalysisAndHistory]' skipped (0.876 seconds).
Test Case '-[ChessScannerUITests.AppStoreScreenshots testScanScreen]' started.
    t =     0.00s Start Test at 2026-10-03 01:37:29.068
    t =     0.03s Set Up
/Users/runner/work/chess-scanner-app/chess-scanner-app/ChessScannerUITests/AppStoreScreenshots.swift:16: -[ChessScannerUITests.AppStoreScreenshots testScanScreen] : Test skipped - Store screenshots run only on request
    t =     0.03s Tear Down
Test Case '-[ChessScannerUITests.AppStoreScreenshots testScanScreen]' skipped (0.090 seconds).
Test Suite 'AppStoreScreenshots' passed at 2026-10-03 01:37:29.158.
	 Executed 2 tests, with 2 tests skipped and 0 failures (0 unexpected) in 0.966 (0.969) seconds
Test Suite 'ChessScannerUITests' started at 2026-10-03 01:37:29.158.
Test Case '-[ChessScannerUITests.ChessScannerUITests testGalleryPickerFlow]' started.
    t =     0.00s Start Test at 2026-10-03 01:37:29.158
    t =     0.03s Set Up
    t =     0.03s Open com.chessscanner.app
    t =     0.03s     Launch com.chessscanner.app
    t =    42.28s         Setting up automation session
    t =    45.60s         Wait for com.chessscanner.app to idle
    t =    48.39s Tap "scan.gallery" Button
    t =    48.39s     Wait for com.chessscanner.app to idle
    t =    48.40s     Find the "scan.gallery" Button
    t =    48.65s     Check for interrupting elements affecting "scan.gallery" Button
    t =    48.82s     Synthesize event
    t =    49.28s     Wait for com.chessscanner.app to idle
    t =    49.61s Waiting 20.0s for ScrollView (First Match) to exist
    t =    50.68s     Checking `Expect predicate `existsNoRetry == 1` for object ScrollView (First Match)`
    t =    50.68s         Checking existence of `ScrollView (First Match)`
    t =    50.83s         Capturing element debug description
    t =    51.68s     Checking `Expect predicate `existsNoRetry == 1` for object ScrollView (First Match)`
    t =    51.68s         Checking existence of `ScrollView (First Match)`
    t =    51.96s         Capturing element debug description
    t =    52.63s     Checking `Expect predicate `existsNoRetry == 1` for object ScrollView (First Match)`
    t =    52.64s         Checking existence of `ScrollView (First Match)`
    t =    57.47s         Capturing element debug description
    t =    57.70s     Checking `Expect predicate `existsNoRetry == 1` for object ScrollView (First Match)`
    t =    57.71s         Checking existence of `ScrollView (First Match)`
    t =    61.09s Find the Target Application 'com.chessscanner.app'
    t =    62.21s Added attachment named '30-picker'
    t =    62.22s Tap Target Application 'com.chessscanner.app'[0.17, 0.43]
    t =    62.22s     Wait for com.chessscanner.app to idle
    t =    62.22s     Find the Target Application 'com.chessscanner.app'
    t =    62.66s     Check for interrupting elements affecting "Chess Scanner" Application
    t =    63.07s     Synthesize event
    t =    63.15s         Find the Target Application 'com.chessscanner.app'
    t =    63.54s         Find the Target Application 'com.chessscanner.app'
    t =    63.82s         Find the Target Application 'com.chessscanner.app'
    t =    64.60s     Wait for com.chessscanner.app to idle
    t =    64.82s Waiting 90.0s for "Review Position" NavigationBar to exist
    t =    65.83s     Checking `Expect predicate `existsNoRetry == 1` for object "Review Position" NavigationBar`
    t =    65.83s         Checking existence of `"Review Position" NavigationBar`
    t =    65.89s         Capturing element debug description
    t =    66.83s     Checking `Expect predicate `existsNoRetry == 1` for object "Review Position" NavigationBar`
    t =    66.83s         Checking existence of `"Review Position" NavigationBar`
    t =    67.35s         Capturing element debug description
    t =    67.91s     Checking `Expect predicate `existsNoRetry == 1` for object "Review Position" NavigationBar`
    t =    67.91s         Checking existence of `"Review Position" NavigationBar`
    t =    73.65s         Capturing element debug description
    t =    73.85s     Checking `Expect predicate `existsNoRetry == 1` for object "Review Position" NavigationBar`
    t =    73.85s         Checking existence of `"Review Position" NavigationBar`
    t =    74.27s Checking existence of `"editor.photo" Button`
    t =    74.50s Find the Target Application 'com.chessscanner.app'
    t =    74.91s Added attachment named '31-editor-from-gallery'
    t =    74.91s Tear Down
    t =    74.91s     Find the Target Application 'com.chessscanner.app'
    t =    75.31s     Added attachment named 'zz-final-state'
Test Case '-[ChessScannerUITests.ChessScannerUITests testGalleryPickerFlow]' passed (75.761 seconds).
Test Case '-[ChessScannerUITests.ChessScannerUITests testManualSetupEditingAndMoves]' started.
    t =     0.00s Start Test at 2026-10-03 01:38:44.921
    t =     0.09s Set Up
    t =     0.10s Open com.chessscanner.app
    t =     0.10s     Launch com.chessscanner.app
    t =     0.10s         Terminate com.chessscanner.app:17534
    t =     2.70s         Setting up automation session
    t =     6.53s         Wait for com.chessscanner.app to idle
    t =     8.98s Waiting 10.0s for "scan.manual" Button to exist
    t =    10.00s     Checking `Expect predicate `existsNoRetry == 1` for object "scan.manual" Button`
    t =    10.00s         Checking existence of `"scan.manual" Button`
    t =    10.11s Find the Target Application 'com.chessscanner.app'
    t =    10.35s Added attachment named '10-landing'
    t =    10.35s Tap "scan.manual" Button
    t =    10.35s     Wait for com.chessscanner.app to idle
    t =    10.36s     Find the "scan.manual" Button
    t =    10.39s     Check for interrupting elements affecting "scan.manual" Button
    t =    10.44s     Synthesize event
    t =    10.78s     Wait for com.chessscanner.app to idle
    t =    12.49s Waiting 10.0s for "Review Position" NavigationBar to exist
    t =    13.52s     Checking `Expect predicate `existsNoRetry == 1` for object "Review Position" NavigationBar`
    t =    13.52s         Checking existence of `"Review Position" NavigationBar`
    t =    13.70s Waiting 10.0s for "square.a1" Any to exist
    t =    14.74s     Checking `Expect predicate `existsNoRetry == 1` for object "square.a1" Any`
    t =    14.74s         Checking existence of `"square.a1" Any`
    t =    15.08s Find the "square.a8" Any
    t =    15.36s Find the "square.b8" Any
    t =    15.61s Find the "square.c8" Any
    t =    15.84s Find the "square.d8" Any
    t =    16.07s Find the "square.e8" Any
    t =    16.23s Find the "square.f8" Any
    t =    16.47s Find the "square.g8" Any
    t =    16.68s Find the "square.h8" Any
    t =    16.90s Find the "square.a7" Any
    t =    17.12s Find the "square.b7" Any
    t =    17.39s Find the "square.c7" Any
    t =    17.63s Find the "square.d7" Any
    t =    17.87s Find the "square.e7" Any
    t =    18.07s Find the "square.f7" Any
    t =    18.25s Find the "square.g7" Any
    t =    18.39s Find the "square.h7" Any
    t =    18.55s Find the "square.a6" Any
    t =    18.77s Find the "square.b6" Any
    t =    19.01s Find the "square.c6" Any
    t =    19.24s Find the "square.d6" Any
    t =    19.47s Find the "square.e6" Any
    t =    19.96s Find the "square.f6" Any
    t =    20.48s Find the "square.g6" Any
    t =    21.19s Find the "square.h6" Any
    t =    21.95s Find the "square.a5" Any
    t =    22.57s Find the "square.b5" Any
    t =    23.26s Find the "square.c5" Any
    t =    23.83s Find the "square.d5" Any
    t =    24.34s Find the "square.e5" Any
    t =    24.76s Find the "square.f5" Any
    t =    25.19s Find the "square.g5" Any
    t =    25.55s Find the "square.h5" Any
    t =    25.94s Find the "square.a4" Any
    t =    26.41s Find the "square.b4" Any
    t =    26.94s Find the "square.c4" Any
    t =    27.26s Find the "square.d4" Any
    t =    27.65s Find the "square.e4" Any
    t =    28.45s Find the "square.f4" Any
    t =    29.49s Find the "square.g4" Any
    t =    30.09s Find the "square.h4" Any
    t =    30.58s Find the "square.a3" Any
    t =    31.17s Find the "square.b3" Any
    t =    31.65s Find the "square.c3" Any
    t =    32.23s Find the "square.d3" Any
    t =    32.96s Find the "square.e3" Any
    t =    33.74s Find the "square.f3" Any
    t =    34.40s Find the "square.g3" Any
    t =    35.01s Find the "square.h3" Any
    t =    36.00s Find the "square.a2" Any
    t =    36.70s Find the "square.b2" Any
    t =    37.53s Find the "square.c2" Any
    t =    38.34s Find the "square.d2" Any
    t =    39.05s Find the "square.e2" Any
    t =    40.18s Find the "square.f2" Any
    t =    41.38s Find the "square.g2" Any
    t =    42.22s Find the "square.h2" Any
    t =    42.90s Find the "square.a1" Any
    t =    43.49s Find the "square.b1" Any
    t =    43.99s Find the "square.c1" Any
    t =    44.64s Find the "square.d1" Any
    t =    45.39s Find the "square.e1" Any
    t =    46.14s Find the "square.f1" Any
    t =    46.80s Find the "square.g1" Any
    t =    47.48s Find the "square.h1" Any
    t =    48.18s Find the Target Application 'com.chessscanner.app'
    t =    48.44s Added attachment named '11-editor-start'
    t =    48.44s Press "palette.wQ" Button[0.50, 0.50] for 0.1 seconds, then drag to "square.e4" Any[0.50, 0.50] with velocity of 500.00 pixels per second, and then hold for 0.0 seconds 
    t =    48.44s     Wait for com.chessscanner.app to idle
    t =    48.44s     Find the "palette.wQ" Button
    t =    48.56s     Check for interrupting elements affecting "palette.wQ" Button
    t =    48.67s     Synthesize event
    t =    48.67s         Find the "palette.wQ" Button
    t =    48.77s         Find the "palette.wQ" Button
    t =    48.87s         Find the "square.e4" Any
    t =    49.24s         Find the "square.e4" Button
    t =    49.65s         Find the "palette.wQ" Button
    t =    50.68s     Wait for com.chessscanner.app to idle
    t =    50.69s Find the "square.e4" Any
    t =    51.09s Tap "palette.bQ" Button
    t =    51.09s     Wait for com.chessscanner.app to idle
    t =    51.10s     Find the "palette.bQ" Button
    t =    51.33s     Check for interrupting elements affecting "palette.bQ" Button
    t =    51.49s     Synthesize event
    t =    51.82s     Wait for com.chessscanner.app to idle
    t =    51.82s Tap "square.d4" Any
    t =    51.82s     Wait for com.chessscanner.app to idle
    t =    51.83s     Find the "square.d4" Any
    t =    52.57s     Check for interrupting elements affecting "square.d4" Button
    t =    52.77s     Synthesize event
    t =    53.14s     Wait for com.chessscanner.app to idle
    t =    53.15s Find the "square.d4" Any
    t =    53.65s Tap "square.d4" Any
    t =    53.65s     Wait for com.chessscanner.app to idle
    t =    53.65s     Find the "square.d4" Any
    t =    54.36s     Check for interrupting elements affecting "square.d4" Button
    t =    54.51s     Synthesize event
    t =    54.88s     Wait for com.chessscanner.app to idle
    t =    54.89s Find the "square.d4" Any
    t =    55.41s Tap "editor.undo" Button
    t =    55.41s     Wait for com.chessscanner.app to idle
    t =    55.42s     Find the "editor.undo" Button
    t =    55.58s     Check for interrupting elements affecting "editor.undo" Button
    t =    55.73s     Synthesize event
    t =    56.07s     Wait for com.chessscanner.app to idle
    t =    56.83s Find the "square.d4" Any
    t =    57.65s Tap "palette.bQ" Button
    t =    57.65s     Wait for com.chessscanner.app to idle
    t =    57.65s     Find the "palette.bQ" Button
    t =    57.78s     Check for interrupting elements affecting "palette.bQ" Button
    t =    57.90s     Synthesize event
    t =    58.25s     Wait for com.chessscanner.app to idle
    t =    58.26s Press "square.d4" Any[0.50, 0.50] for 0.1 seconds, then drag to Target Application 'com.chessscanner.app'[0.50, 0.66] with velocity of 500.00 pixels per second, and then hold for 0.0 seconds 
    t =    58.26s     Wait for com.chessscanner.app to idle
    t =    58.26s     Find the "square.d4" Any
    t =    58.93s     Check for interrupting elements affecting "square.d4" Button
    t =    59.17s     Synthesize event
    t =    59.18s         Find the "square.d4" Button
    t =    59.79s         Find the "square.d4" Button
    t =    60.25s         Find the Target Application 'com.chessscanner.app'
    t =    60.33s         Find the Target Application 'com.chessscanner.app'
    t =    60.41s         Find the "square.d4" Button
    t =    61.70s     Wait for com.chessscanner.app to idle
    t =    61.71s Find the "square.d4" Any
    t =    62.47s Find the Target Application 'com.chessscanner.app'
    t =    62.77s Added attachment named '12-editor-palette'
    t =    62.77s Tap "editor.menu" Button
    t =    62.77s     Wait for com.chessscanner.app to idle
    t =    62.78s     Find the "editor.menu" Button
    t =    62.95s     Check for interrupting elements affecting "editor.menu" Button
    t =    63.10s     Synthesize event
    t =    63.43s     Wait for com.chessscanner.app to idle
    t =    64.83s Waiting 3.0s for "Clear board" Button to exist
    t =    65.85s     Checking `Expect predicate `existsNoRetry == 1` for object "Clear board" Button`
    t =    65.85s         Checking existence of `"Clear board" Button`
    t =    66.03s Tap "Clear board" Button
    t =    66.03s     Wait for com.chessscanner.app to idle
    t =    66.03s     Find the "Clear board" Button
    t =    66.17s     Check for interrupting elements affecting "trash" Button
    t =    66.26s     Synthesize event
    t =    66.57s     Wait for com.chessscanner.app to idle
    t =    67.70s Checking existence of `"editor.analyze" Button`
    t =    67.92s Find the "editor.analyze" Button
    t =    68.05s Find the "editor.analyze" Button
    t =    68.16s Checking existence of `"editor.analyze" Button`
    t =    68.25s Find the "editor.analyze" Button
    t =    68.34s Find the "editor.analyze" Button
    t =    68.42s Find the "editor.analyze" Button
    t =    68.50s Find the Target Application 'com.chessscanner.app'
    t =    68.72s Added attachment named '13-editor-invalid'
    t =    68.72s Tap "editor.menu" Button
    t =    68.72s     Wait for com.chessscanner.app to idle
    t =    68.72s     Find the "editor.menu" Button
    t =    68.83s     Check for interrupting elements affecting "editor.menu" Button
    t =    68.93s     Synthesize event
    t =    69.27s     Wait for com.chessscanner.app to idle
    t =    70.35s Waiting 3.0s for "Starting position" Button to exist
    t =    71.37s     Checking `Expect predicate `existsNoRetry == 1` for object "Starting position" Button`
    t =    71.37s         Checking existence of `"Starting position" Button`
    t =    71.45s Tap "Starting position" Button
    t =    71.45s     Wait for com.chessscanner.app to idle
    t =    71.45s     Find the "Starting position" Button
    t =    71.53s     Check for interrupting elements affecting "arrow.counterclockwise" Button
    t =    71.63s     Synthesize event
    t =    71.96s     Wait for com.chessscanner.app to idle
    t =    73.09s Checking existence of `"editor.analyze" Button`
    t =    73.36s Find the "editor.analyze" Button
    t =    73.48s Find the "editor.analyze" Button
    t =    73.64s Press "square.g1" Any[0.50, 0.50] for 0.1 seconds, then drag to "square.f3" Any[0.50, 0.50] with velocity of 500.00 pixels per second, and then hold for 0.0 seconds 
    t =    73.64s     Wait for com.chessscanner.app to idle
    t =    73.65s     Find the "square.g1" Any
    t =    74.40s     Check for interrupting elements affecting "square.g1" Button
    t =    74.60s     Synthesize event
    t =    74.60s         Find the "square.g1" Button
    t =    75.31s         Find the "square.g1" Button
    t =    75.75s         Find the "square.f3" Any
    t =    76.10s         Find the "square.f3" Button
    t =    76.38s         Find the "square.g1" Button
    t =    77.54s     Wait for com.chessscanner.app to idle
    t =    77.54s Find the "square.f3" Any
    t =    78.06s Tap "editor.undo" Button
    t =    78.06s     Wait for com.chessscanner.app to idle
    t =    78.06s     Find the "editor.undo" Button
    t =    78.23s     Check for interrupting elements affecting "editor.undo" Button
    t =    78.37s     Synthesize event
    t =    78.71s     Wait for com.chessscanner.app to idle
    t =    79.46s Find the "square.g1" Any
    t =    80.32s Tap "editor.analyze" Button
    t =    80.32s     Wait for com.chessscanner.app to idle
    t =    80.35s     Find the "editor.analyze" Button
    t =    80.48s     Check for interrupting elements affecting "editor.analyze" Button
    t =    80.58s     Synthesize event
    t =    80.90s     Wait for com.chessscanner.app to idle
    t =    81.14s Waiting 10.0s for "Analysis" NavigationBar to exist
    t =    82.19s     Checking `Expect predicate `existsNoRetry == 1` for object "Analysis" NavigationBar`
    t =    82.20s         Checking existence of `"Analysis" NavigationBar`
    t =    84.06s Tap "square.e2" Any
    t =    84.06s     Wait for com.chessscanner.app to idle
    t =    84.06s     Find the "square.e2" Any
    t =    88.30s     Check for interrupting elements affecting "square.e2" Button
    t =    89.20s     Synthesize event
    t =    89.66s     Wait for com.chessscanner.app to idle
    t =    89.66s Tap "square.e4" Any
    t =    89.66s     Wait for com.chessscanner.app to idle
    t =    89.82s     Find the "square.e4" Any
    t =    91.49s     Check for interrupting elements affecting "square.e4" Button
    t =    92.36s     Synthesize event
    t =    92.78s     Wait for com.chessscanner.app to idle
    t =    92.81s Find the "square.e4" Any
    t =    96.71s Press "square.e7" Any[0.50, 0.50] for 0.1 seconds, then drag to "square.e5" Any[0.50, 0.50] with velocity of 500.00 pixels per second, and then hold for 0.0 seconds 
    t =    96.71s     Wait for com.chessscanner.app to idle
    t =    96.76s     Find the "square.e7" Any
    t =    99.66s     Check for interrupting elements affecting "square.e7" Button
    t =   100.38s     Synthesize event
    t =   100.42s         Find the "square.e7" Button
    t =   101.94s         Find the "square.e7" Button
    t =   102.93s         Find the "square.e5" Any
    t =   105.47s         Find the "square.e5" Button
    t =   107.60s         Find the "square.e7" Button
    t =   109.33s     Wait for com.chessscanner.app to idle
    t =   109.34s Find the "square.e5" Any
    t =   112.00s Waiting 3.0s for "move.1" Button to exist
    t =   113.10s     Checking `Expect predicate `existsNoRetry == 1` for object "move.1" Button`
    t =   113.10s         Checking existence of `"move.1" Button`
    t =   115.35s         Capturing element debug description
    t =   115.37s     Checking existence of `"move.1" Button`
    t =   119.41s Press "square.d2" Any[0.50, 0.50] for 0.1 seconds, then drag to "square.d5" Any[0.50, 0.50] with velocity of 500.00 pixels per second, and then hold for 0.0 seconds 
    t =   119.41s     Wait for com.chessscanner.app to idle
    t =   120.03s     Find the "square.d2" Any
    t =   151.05s         Find the "square.d2" Any (retry 1)
    t =   182.08s         Find the "square.d2" Any (retry 2)
    t =   196.94s     Check for interrupting elements affecting "square.d2" Button
    t =   198.01s     Synthesize event
    t =   198.02s         Find the "square.d2" Button
    t =   204.57s         Find the "square.d2" Button
    t =   207.74s         Find the "square.d5" Any
    t =   209.10s         Find the "square.d5" Button
    t =   211.42s         Find the "square.d2" Button
    t =   214.56s     Wait for com.chessscanner.app to idle
    t =   214.61s Find the "square.d2" Any
    t =   217.42s Find the "square.d5" Any
    t =   218.01s Waiting 60.0s for "engine.line" Any to exist
    t =   219.07s     Checking `Expect predicate `existsNoRetry == 1` for object "engine.line" Any`
    t =   219.07s         Checking existence of `"engine.line" Any`
    t =   219.20s Get number of matches for: Elements matching predicate '"engine.line" IN identifiers'
    t =   219.46s Find the Target Application 'com.chessscanner.app'
    t =   219.95s Added attachment named '14-analysis-after-e4-e5'
    t =   219.95s Tap "analysis.back" Button
    t =   219.95s     Wait for com.chessscanner.app to idle
    t =   219.96s     Find the "analysis.back" Button
    t =   220.15s     Check for interrupting elements affecting "analysis.back" Button
    t =   220.56s     Synthesize event
    t =   220.91s     Wait for com.chessscanner.app to idle
    t =   220.99s Find the "square.e5" Any
    t =   221.87s Tap "analysis.forward" Button
    t =   221.87s     Wait for com.chessscanner.app to idle
    t =   221.91s     Find the "analysis.forward" Button
    t =   222.25s     Check for interrupting elements affecting "analysis.forward" Button
    t =   222.49s     Synthesize event
    t =   222.79s     Wait for com.chessscanner.app to idle
    t =   222.81s Find the "square.e5" Any
    t =   224.14s Tap "analysis.flip" Button
    t =   224.14s     Wait for com.chessscanner.app to idle
    t =   224.15s     Find the "analysis.flip" Button
    t =   224.33s     Check for interrupting elements affecting "analysis.flip" Button
    t =   224.46s     Synthesize event
    t =   224.88s     Wait for com.chessscanner.app to idle
    t =   224.90s Find the Target Application 'com.chessscanner.app'
    t =   225.81s Added attachment named '15-analysis-flipped'
    t =   225.81s Tap "engine.toggle" Switch
    t =   225.82s     Wait for com.chessscanner.app to idle
    t =   225.84s     Find the "engine.toggle" Switch
    t =   225.98s     Check for interrupting elements affecting "engine.toggle" Switch
    t =   226.22s     Synthesize event
    t =   226.74s     Wait for com.chessscanner.app to idle
    t =   228.00s Get number of matches for: Elements matching predicate '"engine.line" IN identifiers'
    t =   228.14s Find the Target Application 'com.chessscanner.app'
    t =   228.41s Added attachment named '16-engine-off'
    t =   228.41s Tear Down
    t =   228.41s     Find the Target Application 'com.chessscanner.app'
    t =   228.66s     Added attachment named 'zz-final-state'
Test Case '-[ChessScannerUITests.ChessScannerUITests testManualSetupEditingAndMoves]' passed (229.093 seconds).
Test Case '-[ChessScannerUITests.ChessScannerUITests testPromotion]' started.
    t =     0.00s Start Test at 2026-10-03 01:42:34.017
    t =     0.07s Set Up
    t =     0.07s Open com.chessscanner.app
    t =     0.07s     Launch com.chessscanner.app
    t =     0.07s         Terminate com.chessscanner.app:20755
    t =     2.73s         Setting up automation session
    t =     5.16s         Wait for com.chessscanner.app to idle
    t =     7.19s Tap "scan.manual" Button
    t =     7.19s     Wait for com.chessscanner.app to idle
    t =     7.19s     Find the "scan.manual" Button
    t =     8.21s     Check for interrupting elements affecting "scan.manual" Button
    t =     8.30s     Synthesize event
    t =     8.72s     Wait for com.chessscanner.app to idle
    t =    10.56s Waiting 10.0s for "Review Position" NavigationBar to exist
    t =    11.62s     Checking `Expect predicate `existsNoRetry == 1` for object "Review Position" NavigationBar`
    t =    11.62s         Checking existence of `"Review Position" NavigationBar`
    t =    11.76s Tap "editor.menu" Button
    t =    11.76s     Wait for com.chessscanner.app to idle
    t =    11.76s     Find the "editor.menu" Button
    t =    11.85s     Check for interrupting elements affecting "editor.menu" Button
    t =    11.95s     Synthesize event
    t =    12.25s     Wait for com.chessscanner.app to idle
    t =    13.60s Waiting 3.0s for "Clear board" Button to exist
    t =    14.62s     Checking `Expect predicate `existsNoRetry == 1` for object "Clear board" Button`
    t =    14.62s         Checking existence of `"Clear board" Button`
    t =    14.77s Tap "Clear board" Button
    t =    14.77s     Wait for com.chessscanner.app to idle
    t =    14.77s     Find the "Clear board" Button
    t =    14.89s     Check for interrupting elements affecting "trash" Button
    t =    15.01s     Synthesize event
    t =    15.31s     Wait for com.chessscanner.app to idle
    t =    16.42s Tap "palette.wK" Button
    t =    16.42s     Wait for com.chessscanner.app to idle
    t =    16.43s     Find the "palette.wK" Button
    t =    16.60s     Check for interrupting elements affecting "palette.wK" Button
    t =    16.67s     Synthesize event
    t =    16.98s     Wait for com.chessscanner.app to idle
    t =    16.98s Tap "square.e1" Any
    t =    16.98s     Wait for com.chessscanner.app to idle
    t =    16.98s     Find the "square.e1" Any
    t =    17.20s     Check for interrupting elements affecting "square.e1" Button
    t =    17.29s     Synthesize event
    t =    17.59s     Wait for com.chessscanner.app to idle
    t =    17.60s Tap "palette.bK" Button
    t =    17.60s     Wait for com.chessscanner.app to idle
    t =    17.60s     Find the "palette.bK" Button
    t =    17.68s     Check for interrupting elements affecting "palette.bK" Button
    t =    17.73s     Synthesize event
    t =    18.04s     Wait for com.chessscanner.app to idle
    t =    18.05s Tap "square.h8" Any
    t =    18.05s     Wait for com.chessscanner.app to idle
    t =    18.05s     Find the "square.h8" Any
    t =    18.17s     Check for interrupting elements affecting "square.h8" Button
    t =    18.30s     Synthesize event
    t =    18.61s     Wait for com.chessscanner.app to idle
    t =    18.62s Tap "palette.wP" Button
    t =    18.62s     Wait for com.chessscanner.app to idle
    t =    18.64s     Find the "palette.wP" Button
    t =    18.92s     Check for interrupting elements affecting "palette.wP" Button
    t =    19.04s     Synthesize event
    t =    19.40s     Wait for com.chessscanner.app to idle
    t =    19.40s Tap "square.a7" Any
    t =    19.40s     Wait for com.chessscanner.app to idle
    t =    19.41s     Find the "square.a7" Any
    t =    19.62s     Check for interrupting elements affecting "square.a7" Button
    t =    19.78s     Synthesize event
    t =    20.10s     Wait for com.chessscanner.app to idle
    t =    20.10s Checking existence of `"editor.analyze" Button`
    t =    20.19s Find the "editor.analyze" Button
    t =    20.26s Tap "editor.analyze" Button
    t =    20.26s     Wait for com.chessscanner.app to idle
    t =    20.26s     Find the "editor.analyze" Button
    t =    20.33s     Check for interrupting elements affecting "editor.analyze" Button
    t =    20.40s     Synthesize event
    t =    20.69s     Wait for com.chessscanner.app to idle
    t =    20.84s Waiting 10.0s for "Analysis" NavigationBar to exist
    t =    21.93s     Checking `Expect predicate `existsNoRetry == 1` for object "Analysis" NavigationBar`
    t =    21.93s         Checking existence of `"Analysis" NavigationBar`
    t =    23.67s Tap "square.a7" Any
    t =    23.67s     Wait for com.chessscanner.app to idle
    t =    23.68s     Find the "square.a7" Any
    t =    25.35s     Check for interrupting elements affecting "square.a7" Button
    t =    25.94s     Synthesize event
    t =    26.54s     Wait for com.chessscanner.app to idle
    t =    26.56s Tap "square.a8" Any
    t =    26.56s     Wait for com.chessscanner.app to idle
    t =    26.60s     Find the "square.a8" Any
    t =    26.82s     Check for interrupting elements affecting "square.a8" Button
    t =    26.95s     Synthesize event
    t =    27.26s     Wait for com.chessscanner.app to idle
    t =    27.27s Waiting 3.0s for "promote.knight" Button to exist
    t =    28.30s     Checking `Expect predicate `existsNoRetry == 1` for object "promote.knight" Button`
    t =    28.31s         Checking existence of `"promote.knight" Button`
    t =    28.38s Find the Target Application 'com.chessscanner.app'
    t =    28.56s Added attachment named '20-promotion-picker'
    t =    28.56s Tap "promote.knight" Button
    t =    28.56s     Wait for com.chessscanner.app to idle
    t =    28.57s     Find the "promote.knight" Button
    t =    28.63s     Check for interrupting elements affecting "promote.knight" Button
    t =    28.69s     Synthesize event
    t =    28.99s     Wait for com.chessscanner.app to idle
    t =    29.02s Find the "square.a8" Any
    t =    29.78s Find the Target Application 'com.chessscanner.app'
    t =    32.17s Added attachment named '21-after-promotion'
    t =    32.17s Tear Down
    t =    32.17s     Find the Target Application 'com.chessscanner.app'
    t =    32.94s     Added attachment named 'zz-final-state'
Test Case '-[ChessScannerUITests.ChessScannerUITests testPromotion]' passed (33.584 seconds).
Test Case '-[ChessScannerUITests.ChessScannerUITests testScanPhysicalBoardToAnalysisAndHistory]' started.
    t =     0.00s Start Test at 2026-10-03 01:43:07.602
    t =     0.14s Set Up
    t =     0.15s Open com.chessscanner.app
    t =     0.15s     Launch com.chessscanner.app
    t =     0.15s         Terminate com.chessscanner.app:25521
    t =    13.25s         Setting up automation session
    t =    16.51s         Wait for com.chessscanner.app to idle
    t =    19.26s Find the Target Application 'com.chessscanner.app'
    t =    25.07s Added attachment named '01-scanning'
    t =    25.10s Waiting 90.0s for "Review Position" NavigationBar to exist
    t =    26.11s     Checking `Expect predicate `existsNoRetry == 1` for object "Review Position" NavigationBar`
    t =    26.11s         Checking existence of `"Review Position" NavigationBar`
    t =    26.28s Find the Target Application 'com.chessscanner.app'
    t =    26.52s Added attachment named '02-editor-after-scan'
    t =    26.53s Waiting 10.0s for "square.a1" Any to exist
    t =    27.59s     Checking `Expect predicate `existsNoRetry == 1` for object "square.a1" Any`
    t =    27.59s         Checking existence of `"square.a1" Any`
    t =    27.86s Find the "square.a8" Any
    t =    27.98s Find the "square.b8" Any
    t =    28.08s Find the "square.c8" Any
    t =    28.19s Find the "square.d8" Any
    t =    28.31s Find the "square.e8" Any
    t =    28.43s Find the "square.f8" Any
    t =    28.56s Find the "square.g8" Any
    t =    28.68s Find the "square.h8" Any
    t =    28.79s Find the "square.a7" Any
    t =    28.90s Find the "square.b7" Any
    t =    29.03s Find the "square.c7" Any
    t =    29.15s Find the "square.d7" Any
    t =    29.28s Find the "square.e7" Any
    t =    29.41s Find the "square.f7" Any
    t =    29.63s Find the "square.g7" Any
    t =    29.81s Find the "square.h7" Any
    t =    29.99s Find the "square.a6" Any
    t =    30.18s Find the "square.b6" Any
    t =    30.44s Find the "square.c6" Any
    t =    30.62s Find the "square.d6" Any
    t =    30.77s Find the "square.e6" Any
    t =    30.91s Find the "square.f6" Any
    t =    31.08s Find the "square.g6" Any
    t =    31.24s Find the "square.h6" Any
    t =    31.39s Find the "square.a5" Any
    t =    31.55s Find the "square.b5" Any
    t =    31.72s Find the "square.c5" Any
    t =    31.90s Find the "square.d5" Any
    t =    32.08s Find the "square.e5" Any
    t =    32.27s Find the "square.f5" Any
    t =    32.44s Find the "square.g5" Any
    t =    32.72s Find the "square.h5" Any
    t =    32.89s Find the "square.a4" Any
    t =    33.05s Find the "square.b4" Any
    t =    33.24s Find the "square.c4" Any
    t =    33.43s Find the "square.d4" Any
    t =    33.62s Find the "square.e4" Any
    t =    33.80s Find the "square.f4" Any
    t =    33.97s Find the "square.g4" Any
    t =    34.14s Find the "square.h4" Any
    t =    34.31s Find the "square.a3" Any
    t =    34.50s Find the "square.b3" Any
    t =    34.69s Find the "square.c3" Any
    t =    34.90s Find the "square.d3" Any
    t =    35.10s Find the "square.e3" Any
    t =    35.41s Find the "square.f3" Any
    t =    35.65s Find the "square.g3" Any
    t =    35.93s Find the "square.h3" Any
    t =    36.21s Find the "square.a2" Any
    t =    36.47s Find the "square.b2" Any
    t =    36.69s Find the "square.c2" Any
    t =    36.93s Find the "square.d2" Any
    t =    37.17s Find the "square.e2" Any
    t =    37.41s Find the "square.f2" Any
    t =    37.66s Find the "square.g2" Any
    t =    37.95s Find the "square.h2" Any
    t =    38.21s Find the "square.a1" Any
    t =    38.47s Find the "square.b1" Any
    t =    38.71s Find the "square.c1" Any
    t =    38.95s Find the "square.d1" Any
    t =    39.30s Find the "square.e1" Any
    t =    39.61s Find the "square.f1" Any
    t =    39.92s Find the "square.g1" Any
    t =    40.33s Find the "square.h1" Any
    t =    41.02s Added attachment named 'recognized-placement'
    t =    41.02s Added attachment named 'placement-diff'
    t =    41.03s Checking existence of `"editor.analyze" Button`
    t =    41.14s Find the "editor.analyze" Button
    t =    41.25s Find the "editor.analyze" Button
    t =    41.36s Tap "palette.wK" Button
    t =    41.36s     Wait for com.chessscanner.app to idle
    t =    41.37s     Find the "palette.wK" Button
    t =    41.51s     Check for interrupting elements affecting "palette.wK" Button
    t =    41.65s     Synthesize event
    t =    42.11s     Wait for com.chessscanner.app to idle
    t =    42.15s Tap "square.b8" Any
    t =    42.15s     Wait for com.chessscanner.app to idle
    t =    42.15s     Find the "square.b8" Any
    t =    43.17s     Check for interrupting elements affecting "square.b8" Button
    t =    43.40s     Synthesize event
    t =    43.74s     Wait for com.chessscanner.app to idle
    t =    43.83s Checking existence of `"editor.analyze" Button`
    t =    44.02s Find the "editor.analyze" Button
    t =    44.19s Checking existence of `"editor.analyze" Button`
    t =    44.33s Find the "editor.analyze" Button
    t =    44.48s Find the Target Application 'com.chessscanner.app'
    t =    44.75s Added attachment named '03-editor-fixed'
    t =    44.75s Checking existence of `"editor.analyze" Button`
    t =    44.88s Find the "editor.analyze" Button
    t =    45.04s Tap "editor.analyze" Button
    t =    45.04s     Wait for com.chessscanner.app to idle
    t =    45.04s     Find the "editor.analyze" Button
    t =    45.17s     Check for interrupting elements affecting "editor.analyze" Button
    t =    45.31s     Synthesize event
    t =    45.64s     Wait for com.chessscanner.app to idle
    t =    45.88s Waiting 10.0s for "Analysis" NavigationBar to exist
    t =    46.90s     Checking `Expect predicate `existsNoRetry == 1` for object "Analysis" NavigationBar`
    t =    46.90s         Checking existence of `"Analysis" NavigationBar`
    t =    47.00s Get number of matches for: Elements matching predicate '"Analysis" IN identifiers'
    t =    47.07s Waiting 60.0s for "engine.line" Any to exist
    t =    48.10s     Checking `Expect predicate `existsNoRetry == 1` for object "engine.line" Any`
    t =    48.10s         Checking existence of `"engine.line" Any`
    t =    48.20s Find the Target Application 'com.chessscanner.app'
    t =    48.49s Added attachment named '04-analysis-first-lines'
    t =    48.49s Checking existence of `"engine.depth" Any`
    t =    48.59s Find the "engine.depth" Any
    t =    48.67s Get number of matches for: Elements matching predicate '"engine.line" IN identifiers'
    t =    48.73s Get number of matches for: Elements matching predicate '"engine.line" IN identifiers'
    t =    48.81s Find the "engine.line" Any
    t =    48.89s Added attachment named 'engine-lines'
    t =    48.89s Checking existence of `"eval.bar" Any`
    t =    49.38s Find the "eval.bar" Any
    t =    49.73s Find the Target Application 'com.chessscanner.app'
    t =    49.99s Added attachment named '05-analysis-deep'
    t =    49.99s Checking existence of `"scan.history" Button`
    t =    50.06s Checking existence of `Button (Element at index 0)`
    t =    50.11s Tap Button (Element at index 0)
    t =    50.11s     Wait for com.chessscanner.app to idle
    t =    50.11s     Find the Button (Element at index 0)
    t =    50.17s     Check for interrupting elements affecting "BackButton" Button
    t =    50.23s     Synthesize event
    t =    50.56s     Wait for com.chessscanner.app to idle
    t =    51.41s Waiting 2.0s for "scan.history" Button to exist
    t =    52.45s     Checking `Expect predicate `existsNoRetry == 1` for object "scan.history" Button`
    t =    52.45s         Checking existence of `"scan.history" Button`
    t =    52.68s Checking existence of `"scan.history" Button`
    t =    52.70s Find the "scan.history" Button
    t =    52.76s Waiting 5.0s for "scan.history" Button to exist
    t =    53.79s     Checking `Expect predicate `existsNoRetry == 1` for object "scan.history" Button`
    t =    53.79s         Checking existence of `"scan.history" Button`
    t =    53.81s Tap "scan.history" Button
    t =    53.81s     Wait for com.chessscanner.app to idle
    t =    53.82s     Find the "scan.history" Button
    t =    53.83s     Check for interrupting elements affecting "scan.history" Button
    t =    53.86s     Synthesize event
    t =    54.16s     Wait for com.chessscanner.app to idle
    t =    54.53s Waiting 10.0s for "history.row" Button to exist
    t =    55.58s     Checking `Expect predicate `existsNoRetry == 1` for object "history.row" Button`
    t =    55.58s         Checking existence of `"history.row" Button`
    t =    56.61s Get number of matches for: Elements matching predicate '"history.row" IN identifiers'
    t =    57.44s Find the Target Application 'com.chessscanner.app'
    t =    58.26s Added attachment named '06-history'
    t =    58.27s Tap "history.row" Button
    t =    58.27s     Wait for com.chessscanner.app to idle
    t =    58.27s     Find the "history.row" Button
    t =    59.82s     Check for interrupting elements affecting "history.row" Button
    t =    59.88s     Synthesize event
    t =    60.17s     Wait for com.chessscanner.app to idle
    t =    60.87s Waiting 10.0s for "Analysis" NavigationBar to exist
    t =    61.88s     Checking `Expect predicate `existsNoRetry == 1` for object "Analysis" NavigationBar`
    t =    61.88s         Checking existence of `"Analysis" NavigationBar`
    t =    61.98s Waiting 60.0s for "engine.line" Any to exist
    t =    63.04s     Checking `Expect predicate `existsNoRetry == 1` for object "engine.line" Any`
    t =    63.04s         Checking existence of `"engine.line" Any`
    t =    63.20s Find the Target Application 'com.chessscanner.app'
    t =    63.42s Added attachment named '07-analysis-from-history'
    t =    63.43s Tear Down
    t =    63.43s     Find the Target Application 'com.chessscanner.app'
    t =    63.64s     Added attachment named 'zz-final-state'
Test Case '-[ChessScannerUITests.ChessScannerUITests testScanPhysicalBoardToAnalysisAndHistory]' passed (63.961 seconds).
Test Suite 'ChessScannerUITests' passed at 2026-10-03 01:44:11.563.
	 Executed 4 tests, with 0 failures (0 unexpected) in 402.399 (402.405) seconds
Test Suite 'ChessScannerUITests.xctest' passed at 2026-10-03 01:44:11.564.
	 Executed 6 tests, with 2 tests skipped and 0 failures (0 unexpected) in 403.366 (403.375) seconds
Test Suite 'All tests' passed at 2026-10-03 01:44:11.564.
	 Executed 6 tests, with 2 tests skipped and 0 failures (0 unexpected) in 403.366 (403.377) seconds

Test session results, code coverage, and logs:
	/Users/runner/work/chess-scanner-app/chess-scanner-app/build/QA.xcresult

** TEST EXECUTE SUCCEEDED **

Testing started
